[2026-06-03 04:09:05] local.ERROR: SQLSTATE[HY000] [2002] No such file or directory (Connection: mysql, Host: localhost, Port: 33309, Database: laravel_nuxtjs, SQL: select exists (select 1 from information_schema.tables where table_schema = schema() and table_name = 'migrations' and table_type in ('BASE TABLE', 'SYSTEM VERSIONED')) as `exists`) {"exception":"[object] (Illuminate\\Database\\QueryException(code: 2002): SQLSTATE[HY000] [2002] No such file or directory (Connection: mysql, Host: localhost, Port: 33309, Database: laravel_nuxtjs, SQL: select exists (select 1 from information_schema.tables where table_schema = schema() and table_name = 'migrations' and table_type in ('BASE TABLE', 'SYSTEM VERSIONED')) as `exists`) at /var/www/backend/vendor/laravel/framework/src/Illuminate/Database/Connection.php:841)
[stacktrace]
#0 /var/www/backend/vendor/laravel/framework/src/Illuminate/Database/Connection.php(1021): Illuminate\\Database\\Connection->runQueryCallback('select exists (...', Array, Object(Closure))
#1 /var/www/backend/vendor/laravel/framework/src/Illuminate/Database/Connection.php(1000): Illuminate\\Database\\Connection->tryAgainIfCausedByLostConnection(Object(Illuminate\\Database\\QueryException), 'select exists (...', Array, Object(Closure))
#2 /var/www/backend/vendor/laravel/framework/src/Illuminate/Database/Connection.php(799): Illuminate\\Database\\Connection->handleQueryException(Object(Illuminate\\Database\\QueryException), 'select exists (...', Array, Object(Closure))
#3 /var/www/backend/vendor/laravel/framework/src/Illuminate/Database/Connection.php(412): Illuminate\\Database\\Connection->run('select exists (...', Array, Object(Closure))
#4 /var/www/backend/vendor/laravel/framework/src/Illuminate/Database/Connection.php(357): Illuminate\\Database\\Connection->select('select exists (...', Array, true)
#5 /var/www/backend/vendor/laravel/framework/src/Illuminate/Database/Connection.php(374): Illuminate\\Database\\Connection->selectOne('select exists (...', Array, true)
#6 /var/www/backend/vendor/laravel/framework/src/Illuminate/Database/Schema/Builder.php(176): Illuminate\\Database\\Connection->scalar('select exists (...')
#7 /var/www/backend/vendor/laravel/framework/src/Illuminate/Database/Migrations/DatabaseMigrationRepository.php(185): Illuminate\\Database\\Schema\\Builder->hasTable('migrations')
#8 /var/www/backend/vendor/laravel/framework/src/Illuminate/Database/Migrations/Migrator.php(758): Illuminate\\Database\\Migrations\\DatabaseMigrationRepository->repositoryExists()
#9 /var/www/backend/vendor/laravel/framework/src/Illuminate/Database/Console/Migrations/MigrateCommand.php(166): Illuminate\\Database\\Migrations\\Migrator->repositoryExists()
#10 /var/www/backend/vendor/laravel/framework/src/Illuminate/Support/helpers.php(328): Illuminate\\Database\\Console\\Migrations\\MigrateCommand->Illuminate\\Database\\Console\\Migrations\\{closure}(1)
#11 /var/www/backend/vendor/laravel/framework/src/Illuminate/Database/Console/Migrations/MigrateCommand.php(166): retry(1, Object(Closure), 0, Object(Closure))
#12 /var/www/backend/vendor/laravel/framework/src/Illuminate/Database/Console/Migrations/MigrateCommand.php(142): Illuminate\\Database\\Console\\Migrations\\MigrateCommand->repositoryExists()
#13 /var/www/backend/vendor/laravel/framework/src/Illuminate/Database/Console/Migrations/MigrateCommand.php(112): Illuminate\\Database\\Console\\Migrations\\MigrateCommand->prepareDatabase()
#14 /var/www/backend/vendor/laravel/framework/src/Illuminate/Database/Migrations/Migrator.php(671): Illuminate\\Database\\Console\\Migrations\\MigrateCommand->Illuminate\\Database\\Console\\Migrations\\{closure}()
#15 /var/www/backend/vendor/laravel/framework/src/Illuminate/Database/Console/Migrations/MigrateCommand.php(111): Illuminate\\Database\\Migrations\\Migrator->usingConnection(NULL, Object(Closure))
#16 /var/www/backend/vendor/laravel/framework/src/Illuminate/Database/Console/Migrations/MigrateCommand.php(90): Illuminate\\Database\\Console\\Migrations\\MigrateCommand->runMigrations()
#17 /var/www/backend/vendor/laravel/framework/src/Illuminate/Container/BoundMethod.php(36): Illuminate\\Database\\Console\\Migrations\\MigrateCommand->handle()
#18 /var/www/backend/vendor/laravel/framework/src/Illuminate/Container/Util.php(43): Illuminate\\Container\\BoundMethod::Illuminate\\Container\\{closure}()
#19 /var/www/backend/vendor/laravel/framework/src/Illuminate/Container/BoundMethod.php(96): Illuminate\\Container\\Util::unwrapIfClosure(Object(Closure))
#20 /var/www/backend/vendor/laravel/framework/src/Illuminate/Container/BoundMethod.php(35): Illuminate\\Container\\BoundMethod::callBoundMethod(Object(Illuminate\\Foundation\\Application), Array, Object(Closure))
#21 /var/www/backend/vendor/laravel/framework/src/Illuminate/Container/Container.php(799): Illuminate\\Container\\BoundMethod::call(Object(Illuminate\\Foundation\\Application), Array, Array, NULL)
#22 /var/www/backend/vendor/laravel/framework/src/Illuminate/Console/Command.php(280): Illuminate\\Container\\Container->call(Array)
#23 /var/www/backend/vendor/symfony/console/Command/Command.php(341): Illuminate\\Console\\Command->execute(Object(Symfony\\Component\\Console\\Input\\ArgvInput), Object(Illuminate\\Console\\OutputStyle))
#24 /var/www/backend/vendor/laravel/framework/src/Illuminate/Console/Command.php(249): Symfony\\Component\\Console\\Command\\Command->run(Object(Symfony\\Component\\Console\\Input\\ArgvInput), Object(Illuminate\\Console\\OutputStyle))
#25 /var/www/backend/vendor/symfony/console/Application.php(1117): Illuminate\\Console\\Command->run(Object(Symfony\\Component\\Console\\Input\\ArgvInput), Object(Symfony\\Component\\Console\\Output\\ConsoleOutput))
#26 /var/www/backend/vendor/symfony/console/Application.php(356): Symfony\\Component\\Console\\Application->doRunCommand(Object(Illuminate\\Database\\Console\\Migrations\\MigrateCommand), Object(Symfony\\Component\\Console\\Input\\ArgvInput), Object(Symfony\\Component\\Console\\Output\\ConsoleOutput))
#27 /var/www/backend/vendor/symfony/console/Application.php(195): Symfony\\Component\\Console\\Application->doRun(Object(Symfony\\Component\\Console\\Input\\ArgvInput), Object(Symfony\\Component\\Console\\Output\\ConsoleOutput))
#28 /var/www/backend/vendor/laravel/framework/src/Illuminate/Foundation/Console/Kernel.php(198): Symfony\\Component\\Console\\Application->run(Object(Symfony\\Component\\Console\\Input\\ArgvInput), Object(Symfony\\Component\\Console\\Output\\ConsoleOutput))
#29 /var/www/backend/vendor/laravel/framework/src/Illuminate/Foundation/Application.php(1235): Illuminate\\Foundation\\Console\\Kernel->handle(Object(Symfony\\Component\\Console\\Input\\ArgvInput), Object(Symfony\\Component\\Console\\Output\\ConsoleOutput))
#30 /var/www/backend/artisan(16): Illuminate\\Foundation\\Application->handleCommand(Object(Symfony\\Component\\Console\\Input\\ArgvInput))
#31 {main}

[previous exception] [object] (PDOException(code: 2002): SQLSTATE[HY000] [2002] No such file or directory at /var/www/backend/vendor/laravel/framework/src/Illuminate/Database/Connectors/Connector.php:66)
[stacktrace]
#0 /var/www/backend/vendor/laravel/framework/src/Illuminate/Database/Connectors/Connector.php(66): PDO->__construct('mysql:host=loca...', 'root', Object(SensitiveParameterValue), Array)
#1 /var/www/backend/vendor/laravel/framework/src/Illuminate/Database/Connectors/Connector.php(85): Illuminate\\Database\\Connectors\\Connector->createPdoConnection('mysql:host=loca...', 'root', Object(SensitiveParameterValue), Array)
#2 /var/www/backend/vendor/laravel/framework/src/Illuminate/Database/Connectors/Connector.php(48): Illuminate\\Database\\Connectors\\Connector->tryAgainIfCausedByLostConnection(Object(PDOException), 'mysql:host=loca...', 'root', Object(SensitiveParameterValue), Array)
#3 /var/www/backend/vendor/laravel/framework/src/Illuminate/Database/Connectors/MySqlConnector.php(24): Illuminate\\Database\\Connectors\\Connector->createConnection('mysql:host=loca...', Array, Array)
#4 /var/www/backend/vendor/laravel/framework/src/Illuminate/Database/Connectors/ConnectionFactory.php(188): Illuminate\\Database\\Connectors\\MySqlConnector->connect(Array)
#5 [internal function]: Illuminate\\Database\\Connectors\\ConnectionFactory->Illuminate\\Database\\Connectors\\{closure}()
#6 /var/www/backend/vendor/laravel/framework/src/Illuminate/Database/Connection.php(1279): call_user_func(Object(Closure))
#7 /var/www/backend/vendor/laravel/framework/src/Illuminate/Database/Connection.php(1317): Illuminate\\Database\\Connection->getPdo()
#8 /var/www/backend/vendor/laravel/framework/src/Illuminate/Database/Connection.php(528): Illuminate\\Database\\Connection->getReadPdo()
#9 /var/www/backend/vendor/laravel/framework/src/Illuminate/Database/Connection.php(421): Illuminate\\Database\\Connection->getPdoForSelect(true)
#10 /var/www/backend/vendor/laravel/framework/src/Illuminate/Database/Connection.php(830): Illuminate\\Database\\Connection->Illuminate\\Database\\{closure}('select exists (...', Array)
#11 /var/www/backend/vendor/laravel/framework/src/Illuminate/Database/Connection.php(1021): Illuminate\\Database\\Connection->runQueryCallback('select exists (...', Array, Object(Closure))
#12 /var/www/backend/vendor/laravel/framework/src/Illuminate/Database/Connection.php(1000): Illuminate\\Database\\Connection->tryAgainIfCausedByLostConnection(Object(Illuminate\\Database\\QueryException), 'select exists (...', Array, Object(Closure))
#13 /var/www/backend/vendor/laravel/framework/src/Illuminate/Database/Connection.php(799): Illuminate\\Database\\Connection->handleQueryException(Object(Illuminate\\Database\\QueryException), 'select exists (...', Array, Object(Closure))
#14 /var/www/backend/vendor/laravel/framework/src/Illuminate/Database/Connection.php(412): Illuminate\\Database\\Connection->run('select exists (...', Array, Object(Closure))
#15 /var/www/backend/vendor/laravel/framework/src/Illuminate/Database/Connection.php(357): Illuminate\\Database\\Connection->select('select exists (...', Array, true)
#16 /var/www/backend/vendor/laravel/framework/src/Illuminate/Database/Connection.php(374): Illuminate\\Database\\Connection->selectOne('select exists (...', Array, true)
#17 /var/www/backend/vendor/laravel/framework/src/Illuminate/Database/Schema/Builder.php(176): Illuminate\\Database\\Connection->scalar('select exists (...')
#18 /var/www/backend/vendor/laravel/framework/src/Illuminate/Database/Migrations/DatabaseMigrationRepository.php(185): Illuminate\\Database\\Schema\\Builder->hasTable('migrations')
#19 /var/www/backend/vendor/laravel/framework/src/Illuminate/Database/Migrations/Migrator.php(758): Illuminate\\Database\\Migrations\\DatabaseMigrationRepository->repositoryExists()
#20 /var/www/backend/vendor/laravel/framework/src/Illuminate/Database/Console/Migrations/MigrateCommand.php(166): Illuminate\\Database\\Migrations\\Migrator->repositoryExists()
#21 /var/www/backend/vendor/laravel/framework/src/Illuminate/Support/helpers.php(328): Illuminate\\Database\\Console\\Migrations\\MigrateCommand->Illuminate\\Database\\Console\\Migrations\\{closure}(1)
#22 /var/www/backend/vendor/laravel/framework/src/Illuminate/Database/Console/Migrations/MigrateCommand.php(166): retry(1, Object(Closure), 0, Object(Closure))
#23 /var/www/backend/vendor/laravel/framework/src/Illuminate/Database/Console/Migrations/MigrateCommand.php(142): Illuminate\\Database\\Console\\Migrations\\MigrateCommand->repositoryExists()
#24 /var/www/backend/vendor/laravel/framework/src/Illuminate/Database/Console/Migrations/MigrateCommand.php(112): Illuminate\\Database\\Console\\Migrations\\MigrateCommand->prepareDatabase()
#25 /var/www/backend/vendor/laravel/framework/src/Illuminate/Database/Migrations/Migrator.php(671): Illuminate\\Database\\Console\\Migrations\\MigrateCommand->Illuminate\\Database\\Console\\Migrations\\{closure}()
#26 /var/www/backend/vendor/laravel/framework/src/Illuminate/Database/Console/Migrations/MigrateCommand.php(111): Illuminate\\Database\\Migrations\\Migrator->usingConnection(NULL, Object(Closure))
#27 /var/www/backend/vendor/laravel/framework/src/Illuminate/Database/Console/Migrations/MigrateCommand.php(90): Illuminate\\Database\\Console\\Migrations\\MigrateCommand->runMigrations()
#28 /var/www/backend/vendor/laravel/framework/src/Illuminate/Container/BoundMethod.php(36): Illuminate\\Database\\Console\\Migrations\\MigrateCommand->handle()
#29 /var/www/backend/vendor/laravel/framework/src/Illuminate/Container/Util.php(43): Illuminate\\Container\\BoundMethod::Illuminate\\Container\\{closure}()
#30 /var/www/backend/vendor/laravel/framework/src/Illuminate/Container/BoundMethod.php(96): Illuminate\\Container\\Util::unwrapIfClosure(Object(Closure))
#31 /var/www/backend/vendor/laravel/framework/src/Illuminate/Container/BoundMethod.php(35): Illuminate\\Container\\BoundMethod::callBoundMethod(Object(Illuminate\\Foundation\\Application), Array, Object(Closure))
#32 /var/www/backend/vendor/laravel/framework/src/Illuminate/Container/Container.php(799): Illuminate\\Container\\BoundMethod::call(Object(Illuminate\\Foundation\\Application), Array, Array, NULL)
#33 /var/www/backend/vendor/laravel/framework/src/Illuminate/Console/Command.php(280): Illuminate\\Container\\Container->call(Array)
#34 /var/www/backend/vendor/symfony/console/Command/Command.php(341): Illuminate\\Console\\Command->execute(Object(Symfony\\Component\\Console\\Input\\ArgvInput), Object(Illuminate\\Console\\OutputStyle))
#35 /var/www/backend/vendor/laravel/framework/src/Illuminate/Console/Command.php(249): Symfony\\Component\\Console\\Command\\Command->run(Object(Symfony\\Component\\Console\\Input\\ArgvInput), Object(Illuminate\\Console\\OutputStyle))
#36 /var/www/backend/vendor/symfony/console/Application.php(1117): Illuminate\\Console\\Command->run(Object(Symfony\\Component\\Console\\Input\\ArgvInput), Object(Symfony\\Component\\Console\\Output\\ConsoleOutput))
#37 /var/www/backend/vendor/symfony/console/Application.php(356): Symfony\\Component\\Console\\Application->doRunCommand(Object(Illuminate\\Database\\Console\\Migrations\\MigrateCommand), Object(Symfony\\Component\\Console\\Input\\ArgvInput), Object(Symfony\\Component\\Console\\Output\\ConsoleOutput))
#38 /var/www/backend/vendor/symfony/console/Application.php(195): Symfony\\Component\\Console\\Application->doRun(Object(Symfony\\Component\\Console\\Input\\ArgvInput), Object(Symfony\\Component\\Console\\Output\\ConsoleOutput))
#39 /var/www/backend/vendor/laravel/framework/src/Illuminate/Foundation/Console/Kernel.php(198): Symfony\\Component\\Console\\Application->run(Object(Symfony\\Component\\Console\\Input\\ArgvInput), Object(Symfony\\Component\\Console\\Output\\ConsoleOutput))
#40 /var/www/backend/vendor/laravel/framework/src/Illuminate/Foundation/Application.php(1235): Illuminate\\Foundation\\Console\\Kernel->handle(Object(Symfony\\Component\\Console\\Input\\ArgvInput), Object(Symfony\\Component\\Console\\Output\\ConsoleOutput))
#41 /var/www/backend/artisan(16): Illuminate\\Foundation\\Application->handleCommand(Object(Symfony\\Component\\Console\\Input\\ArgvInput))
#42 {main}
"} 
[2026-06-03 04:12:12] local.ERROR: SQLSTATE[HY000] [2002] No such file or directory (Connection: mysql, Host: localhost, Port: 33309, Database: laravel_nuxtjs, SQL: select exists (select 1 from information_schema.tables where table_schema = schema() and table_name = 'migrations' and table_type in ('BASE TABLE', 'SYSTEM VERSIONED')) as `exists`) {"exception":"[object] (Illuminate\\Database\\QueryException(code: 2002): SQLSTATE[HY000] [2002] No such file or directory (Connection: mysql, Host: localhost, Port: 33309, Database: laravel_nuxtjs, SQL: select exists (select 1 from information_schema.tables where table_schema = schema() and table_name = 'migrations' and table_type in ('BASE TABLE', 'SYSTEM VERSIONED')) as `exists`) at /var/www/backend/vendor/laravel/framework/src/Illuminate/Database/Connection.php:841)
[stacktrace]
#0 /var/www/backend/vendor/laravel/framework/src/Illuminate/Database/Connection.php(1021): Illuminate\\Database\\Connection->runQueryCallback('select exists (...', Array, Object(Closure))
#1 /var/www/backend/vendor/laravel/framework/src/Illuminate/Database/Connection.php(1000): Illuminate\\Database\\Connection->tryAgainIfCausedByLostConnection(Object(Illuminate\\Database\\QueryException), 'select exists (...', Array, Object(Closure))
#2 /var/www/backend/vendor/laravel/framework/src/Illuminate/Database/Connection.php(799): Illuminate\\Database\\Connection->handleQueryException(Object(Illuminate\\Database\\QueryException), 'select exists (...', Array, Object(Closure))
#3 /var/www/backend/vendor/laravel/framework/src/Illuminate/Database/Connection.php(412): Illuminate\\Database\\Connection->run('select exists (...', Array, Object(Closure))
#4 /var/www/backend/vendor/laravel/framework/src/Illuminate/Database/Connection.php(357): Illuminate\\Database\\Connection->select('select exists (...', Array, true)
#5 /var/www/backend/vendor/laravel/framework/src/Illuminate/Database/Connection.php(374): Illuminate\\Database\\Connection->selectOne('select exists (...', Array, true)
#6 /var/www/backend/vendor/laravel/framework/src/Illuminate/Database/Schema/Builder.php(176): Illuminate\\Database\\Connection->scalar('select exists (...')
#7 /var/www/backend/vendor/laravel/framework/src/Illuminate/Database/Migrations/DatabaseMigrationRepository.php(185): Illuminate\\Database\\Schema\\Builder->hasTable('migrations')
#8 /var/www/backend/vendor/laravel/framework/src/Illuminate/Database/Migrations/Migrator.php(758): Illuminate\\Database\\Migrations\\DatabaseMigrationRepository->repositoryExists()
#9 /var/www/backend/vendor/laravel/framework/src/Illuminate/Database/Console/Migrations/MigrateCommand.php(166): Illuminate\\Database\\Migrations\\Migrator->repositoryExists()
#10 /var/www/backend/vendor/laravel/framework/src/Illuminate/Support/helpers.php(328): Illuminate\\Database\\Console\\Migrations\\MigrateCommand->Illuminate\\Database\\Console\\Migrations\\{closure}(1)
#11 /var/www/backend/vendor/laravel/framework/src/Illuminate/Database/Console/Migrations/MigrateCommand.php(166): retry(1, Object(Closure), 0, Object(Closure))
#12 /var/www/backend/vendor/laravel/framework/src/Illuminate/Database/Console/Migrations/MigrateCommand.php(142): Illuminate\\Database\\Console\\Migrations\\MigrateCommand->repositoryExists()
#13 /var/www/backend/vendor/laravel/framework/src/Illuminate/Database/Console/Migrations/MigrateCommand.php(112): Illuminate\\Database\\Console\\Migrations\\MigrateCommand->prepareDatabase()
#14 /var/www/backend/vendor/laravel/framework/src/Illuminate/Database/Migrations/Migrator.php(671): Illuminate\\Database\\Console\\Migrations\\MigrateCommand->Illuminate\\Database\\Console\\Migrations\\{closure}()
#15 /var/www/backend/vendor/laravel/framework/src/Illuminate/Database/Console/Migrations/MigrateCommand.php(111): Illuminate\\Database\\Migrations\\Migrator->usingConnection(NULL, Object(Closure))
#16 /var/www/backend/vendor/laravel/framework/src/Illuminate/Database/Console/Migrations/MigrateCommand.php(90): Illuminate\\Database\\Console\\Migrations\\MigrateCommand->runMigrations()
#17 /var/www/backend/vendor/laravel/framework/src/Illuminate/Container/BoundMethod.php(36): Illuminate\\Database\\Console\\Migrations\\MigrateCommand->handle()
#18 /var/www/backend/vendor/laravel/framework/src/Illuminate/Container/Util.php(43): Illuminate\\Container\\BoundMethod::Illuminate\\Container\\{closure}()
#19 /var/www/backend/vendor/laravel/framework/src/Illuminate/Container/BoundMethod.php(96): Illuminate\\Container\\Util::unwrapIfClosure(Object(Closure))
#20 /var/www/backend/vendor/laravel/framework/src/Illuminate/Container/BoundMethod.php(35): Illuminate\\Container\\BoundMethod::callBoundMethod(Object(Illuminate\\Foundation\\Application), Array, Object(Closure))
#21 /var/www/backend/vendor/laravel/framework/src/Illuminate/Container/Container.php(799): Illuminate\\Container\\BoundMethod::call(Object(Illuminate\\Foundation\\Application), Array, Array, NULL)
#22 /var/www/backend/vendor/laravel/framework/src/Illuminate/Console/Command.php(280): Illuminate\\Container\\Container->call(Array)
#23 /var/www/backend/vendor/symfony/console/Command/Command.php(341): Illuminate\\Console\\Command->execute(Object(Symfony\\Component\\Console\\Input\\ArgvInput), Object(Illuminate\\Console\\OutputStyle))
#24 /var/www/backend/vendor/laravel/framework/src/Illuminate/Console/Command.php(249): Symfony\\Component\\Console\\Command\\Command->run(Object(Symfony\\Component\\Console\\Input\\ArgvInput), Object(Illuminate\\Console\\OutputStyle))
#25 /var/www/backend/vendor/symfony/console/Application.php(1117): Illuminate\\Console\\Command->run(Object(Symfony\\Component\\Console\\Input\\ArgvInput), Object(Symfony\\Component\\Console\\Output\\ConsoleOutput))
#26 /var/www/backend/vendor/symfony/console/Application.php(356): Symfony\\Component\\Console\\Application->doRunCommand(Object(Illuminate\\Database\\Console\\Migrations\\MigrateCommand), Object(Symfony\\Component\\Console\\Input\\ArgvInput), Object(Symfony\\Component\\Console\\Output\\ConsoleOutput))
#27 /var/www/backend/vendor/symfony/console/Application.php(195): Symfony\\Component\\Console\\Application->doRun(Object(Symfony\\Component\\Console\\Input\\ArgvInput), Object(Symfony\\Component\\Console\\Output\\ConsoleOutput))
#28 /var/www/backend/vendor/laravel/framework/src/Illuminate/Foundation/Console/Kernel.php(198): Symfony\\Component\\Console\\Application->run(Object(Symfony\\Component\\Console\\Input\\ArgvInput), Object(Symfony\\Component\\Console\\Output\\ConsoleOutput))
#29 /var/www/backend/vendor/laravel/framework/src/Illuminate/Foundation/Application.php(1235): Illuminate\\Foundation\\Console\\Kernel->handle(Object(Symfony\\Component\\Console\\Input\\ArgvInput), Object(Symfony\\Component\\Console\\Output\\ConsoleOutput))
#30 /var/www/backend/artisan(16): Illuminate\\Foundation\\Application->handleCommand(Object(Symfony\\Component\\Console\\Input\\ArgvInput))
#31 {main}

[previous exception] [object] (PDOException(code: 2002): SQLSTATE[HY000] [2002] No such file or directory at /var/www/backend/vendor/laravel/framework/src/Illuminate/Database/Connectors/Connector.php:66)
[stacktrace]
#0 /var/www/backend/vendor/laravel/framework/src/Illuminate/Database/Connectors/Connector.php(66): PDO->__construct('mysql:host=loca...', 'root', Object(SensitiveParameterValue), Array)
#1 /var/www/backend/vendor/laravel/framework/src/Illuminate/Database/Connectors/Connector.php(85): Illuminate\\Database\\Connectors\\Connector->createPdoConnection('mysql:host=loca...', 'root', Object(SensitiveParameterValue), Array)
#2 /var/www/backend/vendor/laravel/framework/src/Illuminate/Database/Connectors/Connector.php(48): Illuminate\\Database\\Connectors\\Connector->tryAgainIfCausedByLostConnection(Object(PDOException), 'mysql:host=loca...', 'root', Object(SensitiveParameterValue), Array)
#3 /var/www/backend/vendor/laravel/framework/src/Illuminate/Database/Connectors/MySqlConnector.php(24): Illuminate\\Database\\Connectors\\Connector->createConnection('mysql:host=loca...', Array, Array)
#4 /var/www/backend/vendor/laravel/framework/src/Illuminate/Database/Connectors/ConnectionFactory.php(188): Illuminate\\Database\\Connectors\\MySqlConnector->connect(Array)
#5 [internal function]: Illuminate\\Database\\Connectors\\ConnectionFactory->Illuminate\\Database\\Connectors\\{closure}()
#6 /var/www/backend/vendor/laravel/framework/src/Illuminate/Database/Connection.php(1279): call_user_func(Object(Closure))
#7 /var/www/backend/vendor/laravel/framework/src/Illuminate/Database/Connection.php(1317): Illuminate\\Database\\Connection->getPdo()
#8 /var/www/backend/vendor/laravel/framework/src/Illuminate/Database/Connection.php(528): Illuminate\\Database\\Connection->getReadPdo()
#9 /var/www/backend/vendor/laravel/framework/src/Illuminate/Database/Connection.php(421): Illuminate\\Database\\Connection->getPdoForSelect(true)
#10 /var/www/backend/vendor/laravel/framework/src/Illuminate/Database/Connection.php(830): Illuminate\\Database\\Connection->Illuminate\\Database\\{closure}('select exists (...', Array)
#11 /var/www/backend/vendor/laravel/framework/src/Illuminate/Database/Connection.php(1021): Illuminate\\Database\\Connection->runQueryCallback('select exists (...', Array, Object(Closure))
#12 /var/www/backend/vendor/laravel/framework/src/Illuminate/Database/Connection.php(1000): Illuminate\\Database\\Connection->tryAgainIfCausedByLostConnection(Object(Illuminate\\Database\\QueryException), 'select exists (...', Array, Object(Closure))
#13 /var/www/backend/vendor/laravel/framework/src/Illuminate/Database/Connection.php(799): Illuminate\\Database\\Connection->handleQueryException(Object(Illuminate\\Database\\QueryException), 'select exists (...', Array, Object(Closure))
#14 /var/www/backend/vendor/laravel/framework/src/Illuminate/Database/Connection.php(412): Illuminate\\Database\\Connection->run('select exists (...', Array, Object(Closure))
#15 /var/www/backend/vendor/laravel/framework/src/Illuminate/Database/Connection.php(357): Illuminate\\Database\\Connection->select('select exists (...', Array, true)
#16 /var/www/backend/vendor/laravel/framework/src/Illuminate/Database/Connection.php(374): Illuminate\\Database\\Connection->selectOne('select exists (...', Array, true)
#17 /var/www/backend/vendor/laravel/framework/src/Illuminate/Database/Schema/Builder.php(176): Illuminate\\Database\\Connection->scalar('select exists (...')
#18 /var/www/backend/vendor/laravel/framework/src/Illuminate/Database/Migrations/DatabaseMigrationRepository.php(185): Illuminate\\Database\\Schema\\Builder->hasTable('migrations')
#19 /var/www/backend/vendor/laravel/framework/src/Illuminate/Database/Migrations/Migrator.php(758): Illuminate\\Database\\Migrations\\DatabaseMigrationRepository->repositoryExists()
#20 /var/www/backend/vendor/laravel/framework/src/Illuminate/Database/Console/Migrations/MigrateCommand.php(166): Illuminate\\Database\\Migrations\\Migrator->repositoryExists()
#21 /var/www/backend/vendor/laravel/framework/src/Illuminate/Support/helpers.php(328): Illuminate\\Database\\Console\\Migrations\\MigrateCommand->Illuminate\\Database\\Console\\Migrations\\{closure}(1)
#22 /var/www/backend/vendor/laravel/framework/src/Illuminate/Database/Console/Migrations/MigrateCommand.php(166): retry(1, Object(Closure), 0, Object(Closure))
#23 /var/www/backend/vendor/laravel/framework/src/Illuminate/Database/Console/Migrations/MigrateCommand.php(142): Illuminate\\Database\\Console\\Migrations\\MigrateCommand->repositoryExists()
#24 /var/www/backend/vendor/laravel/framework/src/Illuminate/Database/Console/Migrations/MigrateCommand.php(112): Illuminate\\Database\\Console\\Migrations\\MigrateCommand->prepareDatabase()
#25 /var/www/backend/vendor/laravel/framework/src/Illuminate/Database/Migrations/Migrator.php(671): Illuminate\\Database\\Console\\Migrations\\MigrateCommand->Illuminate\\Database\\Console\\Migrations\\{closure}()
#26 /var/www/backend/vendor/laravel/framework/src/Illuminate/Database/Console/Migrations/MigrateCommand.php(111): Illuminate\\Database\\Migrations\\Migrator->usingConnection(NULL, Object(Closure))
#27 /var/www/backend/vendor/laravel/framework/src/Illuminate/Database/Console/Migrations/MigrateCommand.php(90): Illuminate\\Database\\Console\\Migrations\\MigrateCommand->runMigrations()
#28 /var/www/backend/vendor/laravel/framework/src/Illuminate/Container/BoundMethod.php(36): Illuminate\\Database\\Console\\Migrations\\MigrateCommand->handle()
#29 /var/www/backend/vendor/laravel/framework/src/Illuminate/Container/Util.php(43): Illuminate\\Container\\BoundMethod::Illuminate\\Container\\{closure}()
#30 /var/www/backend/vendor/laravel/framework/src/Illuminate/Container/BoundMethod.php(96): Illuminate\\Container\\Util::unwrapIfClosure(Object(Closure))
#31 /var/www/backend/vendor/laravel/framework/src/Illuminate/Container/BoundMethod.php(35): Illuminate\\Container\\BoundMethod::callBoundMethod(Object(Illuminate\\Foundation\\Application), Array, Object(Closure))
#32 /var/www/backend/vendor/laravel/framework/src/Illuminate/Container/Container.php(799): Illuminate\\Container\\BoundMethod::call(Object(Illuminate\\Foundation\\Application), Array, Array, NULL)
#33 /var/www/backend/vendor/laravel/framework/src/Illuminate/Console/Command.php(280): Illuminate\\Container\\Container->call(Array)
#34 /var/www/backend/vendor/symfony/console/Command/Command.php(341): Illuminate\\Console\\Command->execute(Object(Symfony\\Component\\Console\\Input\\ArgvInput), Object(Illuminate\\Console\\OutputStyle))
#35 /var/www/backend/vendor/laravel/framework/src/Illuminate/Console/Command.php(249): Symfony\\Component\\Console\\Command\\Command->run(Object(Symfony\\Component\\Console\\Input\\ArgvInput), Object(Illuminate\\Console\\OutputStyle))
#36 /var/www/backend/vendor/symfony/console/Application.php(1117): Illuminate\\Console\\Command->run(Object(Symfony\\Component\\Console\\Input\\ArgvInput), Object(Symfony\\Component\\Console\\Output\\ConsoleOutput))
#37 /var/www/backend/vendor/symfony/console/Application.php(356): Symfony\\Component\\Console\\Application->doRunCommand(Object(Illuminate\\Database\\Console\\Migrations\\MigrateCommand), Object(Symfony\\Component\\Console\\Input\\ArgvInput), Object(Symfony\\Component\\Console\\Output\\ConsoleOutput))
#38 /var/www/backend/vendor/symfony/console/Application.php(195): Symfony\\Component\\Console\\Application->doRun(Object(Symfony\\Component\\Console\\Input\\ArgvInput), Object(Symfony\\Component\\Console\\Output\\ConsoleOutput))
#39 /var/www/backend/vendor/laravel/framework/src/Illuminate/Foundation/Console/Kernel.php(198): Symfony\\Component\\Console\\Application->run(Object(Symfony\\Component\\Console\\Input\\ArgvInput), Object(Symfony\\Component\\Console\\Output\\ConsoleOutput))
#40 /var/www/backend/vendor/laravel/framework/src/Illuminate/Foundation/Application.php(1235): Illuminate\\Foundation\\Console\\Kernel->handle(Object(Symfony\\Component\\Console\\Input\\ArgvInput), Object(Symfony\\Component\\Console\\Output\\ConsoleOutput))
#41 /var/www/backend/artisan(16): Illuminate\\Foundation\\Application->handleCommand(Object(Symfony\\Component\\Console\\Input\\ArgvInput))
#42 {main}
"} 
[2026-06-03 04:28:29] local.ERROR: SQLSTATE[HY000] [2002] No such file or directory (Connection: mysql, Host: localhost, Port: 3310, Database: laravel_nuxtjs, SQL: select exists (select 1 from information_schema.tables where table_schema = schema() and table_name = 'migrations' and table_type in ('BASE TABLE', 'SYSTEM VERSIONED')) as `exists`) {"exception":"[object] (Illuminate\\Database\\QueryException(code: 2002): SQLSTATE[HY000] [2002] No such file or directory (Connection: mysql, Host: localhost, Port: 3310, Database: laravel_nuxtjs, SQL: select exists (select 1 from information_schema.tables where table_schema = schema() and table_name = 'migrations' and table_type in ('BASE TABLE', 'SYSTEM VERSIONED')) as `exists`) at /var/www/backend/vendor/laravel/framework/src/Illuminate/Database/Connection.php:841)
[stacktrace]
#0 /var/www/backend/vendor/laravel/framework/src/Illuminate/Database/Connection.php(1021): Illuminate\\Database\\Connection->runQueryCallback('select exists (...', Array, Object(Closure))
#1 /var/www/backend/vendor/laravel/framework/src/Illuminate/Database/Connection.php(1000): Illuminate\\Database\\Connection->tryAgainIfCausedByLostConnection(Object(Illuminate\\Database\\QueryException), 'select exists (...', Array, Object(Closure))
#2 /var/www/backend/vendor/laravel/framework/src/Illuminate/Database/Connection.php(799): Illuminate\\Database\\Connection->handleQueryException(Object(Illuminate\\Database\\QueryException), 'select exists (...', Array, Object(Closure))
#3 /var/www/backend/vendor/laravel/framework/src/Illuminate/Database/Connection.php(412): Illuminate\\Database\\Connection->run('select exists (...', Array, Object(Closure))
#4 /var/www/backend/vendor/laravel/framework/src/Illuminate/Database/Connection.php(357): Illuminate\\Database\\Connection->select('select exists (...', Array, true)
#5 /var/www/backend/vendor/laravel/framework/src/Illuminate/Database/Connection.php(374): Illuminate\\Database\\Connection->selectOne('select exists (...', Array, true)
#6 /var/www/backend/vendor/laravel/framework/src/Illuminate/Database/Schema/Builder.php(176): Illuminate\\Database\\Connection->scalar('select exists (...')
#7 /var/www/backend/vendor/laravel/framework/src/Illuminate/Database/Migrations/DatabaseMigrationRepository.php(185): Illuminate\\Database\\Schema\\Builder->hasTable('migrations')
#8 /var/www/backend/vendor/laravel/framework/src/Illuminate/Database/Migrations/Migrator.php(758): Illuminate\\Database\\Migrations\\DatabaseMigrationRepository->repositoryExists()
#9 /var/www/backend/vendor/laravel/framework/src/Illuminate/Database/Console/Migrations/MigrateCommand.php(166): Illuminate\\Database\\Migrations\\Migrator->repositoryExists()
#10 /var/www/backend/vendor/laravel/framework/src/Illuminate/Support/helpers.php(328): Illuminate\\Database\\Console\\Migrations\\MigrateCommand->Illuminate\\Database\\Console\\Migrations\\{closure}(1)
#11 /var/www/backend/vendor/laravel/framework/src/Illuminate/Database/Console/Migrations/MigrateCommand.php(166): retry(1, Object(Closure), 0, Object(Closure))
#12 /var/www/backend/vendor/laravel/framework/src/Illuminate/Database/Console/Migrations/MigrateCommand.php(142): Illuminate\\Database\\Console\\Migrations\\MigrateCommand->repositoryExists()
#13 /var/www/backend/vendor/laravel/framework/src/Illuminate/Database/Console/Migrations/MigrateCommand.php(112): Illuminate\\Database\\Console\\Migrations\\MigrateCommand->prepareDatabase()
#14 /var/www/backend/vendor/laravel/framework/src/Illuminate/Database/Migrations/Migrator.php(671): Illuminate\\Database\\Console\\Migrations\\MigrateCommand->Illuminate\\Database\\Console\\Migrations\\{closure}()
#15 /var/www/backend/vendor/laravel/framework/src/Illuminate/Database/Console/Migrations/MigrateCommand.php(111): Illuminate\\Database\\Migrations\\Migrator->usingConnection(NULL, Object(Closure))
#16 /var/www/backend/vendor/laravel/framework/src/Illuminate/Database/Console/Migrations/MigrateCommand.php(90): Illuminate\\Database\\Console\\Migrations\\MigrateCommand->runMigrations()
#17 /var/www/backend/vendor/laravel/framework/src/Illuminate/Container/BoundMethod.php(36): Illuminate\\Database\\Console\\Migrations\\MigrateCommand->handle()
#18 /var/www/backend/vendor/laravel/framework/src/Illuminate/Container/Util.php(43): Illuminate\\Container\\BoundMethod::Illuminate\\Container\\{closure}()
#19 /var/www/backend/vendor/laravel/framework/src/Illuminate/Container/BoundMethod.php(96): Illuminate\\Container\\Util::unwrapIfClosure(Object(Closure))
#20 /var/www/backend/vendor/laravel/framework/src/Illuminate/Container/BoundMethod.php(35): Illuminate\\Container\\BoundMethod::callBoundMethod(Object(Illuminate\\Foundation\\Application), Array, Object(Closure))
#21 /var/www/backend/vendor/laravel/framework/src/Illuminate/Container/Container.php(799): Illuminate\\Container\\BoundMethod::call(Object(Illuminate\\Foundation\\Application), Array, Array, NULL)
#22 /var/www/backend/vendor/laravel/framework/src/Illuminate/Console/Command.php(280): Illuminate\\Container\\Container->call(Array)
#23 /var/www/backend/vendor/symfony/console/Command/Command.php(341): Illuminate\\Console\\Command->execute(Object(Symfony\\Component\\Console\\Input\\ArgvInput), Object(Illuminate\\Console\\OutputStyle))
#24 /var/www/backend/vendor/laravel/framework/src/Illuminate/Console/Command.php(249): Symfony\\Component\\Console\\Command\\Command->run(Object(Symfony\\Component\\Console\\Input\\ArgvInput), Object(Illuminate\\Console\\OutputStyle))
#25 /var/www/backend/vendor/symfony/console/Application.php(1117): Illuminate\\Console\\Command->run(Object(Symfony\\Component\\Console\\Input\\ArgvInput), Object(Symfony\\Component\\Console\\Output\\ConsoleOutput))
#26 /var/www/backend/vendor/symfony/console/Application.php(356): Symfony\\Component\\Console\\Application->doRunCommand(Object(Illuminate\\Database\\Console\\Migrations\\MigrateCommand), Object(Symfony\\Component\\Console\\Input\\ArgvInput), Object(Symfony\\Component\\Console\\Output\\ConsoleOutput))
#27 /var/www/backend/vendor/symfony/console/Application.php(195): Symfony\\Component\\Console\\Application->doRun(Object(Symfony\\Component\\Console\\Input\\ArgvInput), Object(Symfony\\Component\\Console\\Output\\ConsoleOutput))
#28 /var/www/backend/vendor/laravel/framework/src/Illuminate/Foundation/Console/Kernel.php(198): Symfony\\Component\\Console\\Application->run(Object(Symfony\\Component\\Console\\Input\\ArgvInput), Object(Symfony\\Component\\Console\\Output\\ConsoleOutput))
#29 /var/www/backend/vendor/laravel/framework/src/Illuminate/Foundation/Application.php(1235): Illuminate\\Foundation\\Console\\Kernel->handle(Object(Symfony\\Component\\Console\\Input\\ArgvInput), Object(Symfony\\Component\\Console\\Output\\ConsoleOutput))
#30 /var/www/backend/artisan(16): Illuminate\\Foundation\\Application->handleCommand(Object(Symfony\\Component\\Console\\Input\\ArgvInput))
#31 {main}

[previous exception] [object] (PDOException(code: 2002): SQLSTATE[HY000] [2002] No such file or directory at /var/www/backend/vendor/laravel/framework/src/Illuminate/Database/Connectors/Connector.php:66)
[stacktrace]
#0 /var/www/backend/vendor/laravel/framework/src/Illuminate/Database/Connectors/Connector.php(66): PDO->__construct('mysql:host=loca...', 'root', Object(SensitiveParameterValue), Array)
#1 /var/www/backend/vendor/laravel/framework/src/Illuminate/Database/Connectors/Connector.php(85): Illuminate\\Database\\Connectors\\Connector->createPdoConnection('mysql:host=loca...', 'root', Object(SensitiveParameterValue), Array)
#2 /var/www/backend/vendor/laravel/framework/src/Illuminate/Database/Connectors/Connector.php(48): Illuminate\\Database\\Connectors\\Connector->tryAgainIfCausedByLostConnection(Object(PDOException), 'mysql:host=loca...', 'root', Object(SensitiveParameterValue), Array)
#3 /var/www/backend/vendor/laravel/framework/src/Illuminate/Database/Connectors/MySqlConnector.php(24): Illuminate\\Database\\Connectors\\Connector->createConnection('mysql:host=loca...', Array, Array)
#4 /var/www/backend/vendor/laravel/framework/src/Illuminate/Database/Connectors/ConnectionFactory.php(188): Illuminate\\Database\\Connectors\\MySqlConnector->connect(Array)
#5 [internal function]: Illuminate\\Database\\Connectors\\ConnectionFactory->Illuminate\\Database\\Connectors\\{closure}()
#6 /var/www/backend/vendor/laravel/framework/src/Illuminate/Database/Connection.php(1279): call_user_func(Object(Closure))
#7 /var/www/backend/vendor/laravel/framework/src/Illuminate/Database/Connection.php(1317): Illuminate\\Database\\Connection->getPdo()
#8 /var/www/backend/vendor/laravel/framework/src/Illuminate/Database/Connection.php(528): Illuminate\\Database\\Connection->getReadPdo()
#9 /var/www/backend/vendor/laravel/framework/src/Illuminate/Database/Connection.php(421): Illuminate\\Database\\Connection->getPdoForSelect(true)
#10 /var/www/backend/vendor/laravel/framework/src/Illuminate/Database/Connection.php(830): Illuminate\\Database\\Connection->Illuminate\\Database\\{closure}('select exists (...', Array)
#11 /var/www/backend/vendor/laravel/framework/src/Illuminate/Database/Connection.php(1021): Illuminate\\Database\\Connection->runQueryCallback('select exists (...', Array, Object(Closure))
#12 /var/www/backend/vendor/laravel/framework/src/Illuminate/Database/Connection.php(1000): Illuminate\\Database\\Connection->tryAgainIfCausedByLostConnection(Object(Illuminate\\Database\\QueryException), 'select exists (...', Array, Object(Closure))
#13 /var/www/backend/vendor/laravel/framework/src/Illuminate/Database/Connection.php(799): Illuminate\\Database\\Connection->handleQueryException(Object(Illuminate\\Database\\QueryException), 'select exists (...', Array, Object(Closure))
#14 /var/www/backend/vendor/laravel/framework/src/Illuminate/Database/Connection.php(412): Illuminate\\Database\\Connection->run('select exists (...', Array, Object(Closure))
#15 /var/www/backend/vendor/laravel/framework/src/Illuminate/Database/Connection.php(357): Illuminate\\Database\\Connection->select('select exists (...', Array, true)
#16 /var/www/backend/vendor/laravel/framework/src/Illuminate/Database/Connection.php(374): Illuminate\\Database\\Connection->selectOne('select exists (...', Array, true)
#17 /var/www/backend/vendor/laravel/framework/src/Illuminate/Database/Schema/Builder.php(176): Illuminate\\Database\\Connection->scalar('select exists (...')
#18 /var/www/backend/vendor/laravel/framework/src/Illuminate/Database/Migrations/DatabaseMigrationRepository.php(185): Illuminate\\Database\\Schema\\Builder->hasTable('migrations')
#19 /var/www/backend/vendor/laravel/framework/src/Illuminate/Database/Migrations/Migrator.php(758): Illuminate\\Database\\Migrations\\DatabaseMigrationRepository->repositoryExists()
#20 /var/www/backend/vendor/laravel/framework/src/Illuminate/Database/Console/Migrations/MigrateCommand.php(166): Illuminate\\Database\\Migrations\\Migrator->repositoryExists()
#21 /var/www/backend/vendor/laravel/framework/src/Illuminate/Support/helpers.php(328): Illuminate\\Database\\Console\\Migrations\\MigrateCommand->Illuminate\\Database\\Console\\Migrations\\{closure}(1)
#22 /var/www/backend/vendor/laravel/framework/src/Illuminate/Database/Console/Migrations/MigrateCommand.php(166): retry(1, Object(Closure), 0, Object(Closure))
#23 /var/www/backend/vendor/laravel/framework/src/Illuminate/Database/Console/Migrations/MigrateCommand.php(142): Illuminate\\Database\\Console\\Migrations\\MigrateCommand->repositoryExists()
#24 /var/www/backend/vendor/laravel/framework/src/Illuminate/Database/Console/Migrations/MigrateCommand.php(112): Illuminate\\Database\\Console\\Migrations\\MigrateCommand->prepareDatabase()
#25 /var/www/backend/vendor/laravel/framework/src/Illuminate/Database/Migrations/Migrator.php(671): Illuminate\\Database\\Console\\Migrations\\MigrateCommand->Illuminate\\Database\\Console\\Migrations\\{closure}()
#26 /var/www/backend/vendor/laravel/framework/src/Illuminate/Database/Console/Migrations/MigrateCommand.php(111): Illuminate\\Database\\Migrations\\Migrator->usingConnection(NULL, Object(Closure))
#27 /var/www/backend/vendor/laravel/framework/src/Illuminate/Database/Console/Migrations/MigrateCommand.php(90): Illuminate\\Database\\Console\\Migrations\\MigrateCommand->runMigrations()
#28 /var/www/backend/vendor/laravel/framework/src/Illuminate/Container/BoundMethod.php(36): Illuminate\\Database\\Console\\Migrations\\MigrateCommand->handle()
#29 /var/www/backend/vendor/laravel/framework/src/Illuminate/Container/Util.php(43): Illuminate\\Container\\BoundMethod::Illuminate\\Container\\{closure}()
#30 /var/www/backend/vendor/laravel/framework/src/Illuminate/Container/BoundMethod.php(96): Illuminate\\Container\\Util::unwrapIfClosure(Object(Closure))
#31 /var/www/backend/vendor/laravel/framework/src/Illuminate/Container/BoundMethod.php(35): Illuminate\\Container\\BoundMethod::callBoundMethod(Object(Illuminate\\Foundation\\Application), Array, Object(Closure))
#32 /var/www/backend/vendor/laravel/framework/src/Illuminate/Container/Container.php(799): Illuminate\\Container\\BoundMethod::call(Object(Illuminate\\Foundation\\Application), Array, Array, NULL)
#33 /var/www/backend/vendor/laravel/framework/src/Illuminate/Console/Command.php(280): Illuminate\\Container\\Container->call(Array)
#34 /var/www/backend/vendor/symfony/console/Command/Command.php(341): Illuminate\\Console\\Command->execute(Object(Symfony\\Component\\Console\\Input\\ArgvInput), Object(Illuminate\\Console\\OutputStyle))
#35 /var/www/backend/vendor/laravel/framework/src/Illuminate/Console/Command.php(249): Symfony\\Component\\Console\\Command\\Command->run(Object(Symfony\\Component\\Console\\Input\\ArgvInput), Object(Illuminate\\Console\\OutputStyle))
#36 /var/www/backend/vendor/symfony/console/Application.php(1117): Illuminate\\Console\\Command->run(Object(Symfony\\Component\\Console\\Input\\ArgvInput), Object(Symfony\\Component\\Console\\Output\\ConsoleOutput))
#37 /var/www/backend/vendor/symfony/console/Application.php(356): Symfony\\Component\\Console\\Application->doRunCommand(Object(Illuminate\\Database\\Console\\Migrations\\MigrateCommand), Object(Symfony\\Component\\Console\\Input\\ArgvInput), Object(Symfony\\Component\\Console\\Output\\ConsoleOutput))
#38 /var/www/backend/vendor/symfony/console/Application.php(195): Symfony\\Component\\Console\\Application->doRun(Object(Symfony\\Component\\Console\\Input\\ArgvInput), Object(Symfony\\Component\\Console\\Output\\ConsoleOutput))
#39 /var/www/backend/vendor/laravel/framework/src/Illuminate/Foundation/Console/Kernel.php(198): Symfony\\Component\\Console\\Application->run(Object(Symfony\\Component\\Console\\Input\\ArgvInput), Object(Symfony\\Component\\Console\\Output\\ConsoleOutput))
#40 /var/www/backend/vendor/laravel/framework/src/Illuminate/Foundation/Application.php(1235): Illuminate\\Foundation\\Console\\Kernel->handle(Object(Symfony\\Component\\Console\\Input\\ArgvInput), Object(Symfony\\Component\\Console\\Output\\ConsoleOutput))
#41 /var/www/backend/artisan(16): Illuminate\\Foundation\\Application->handleCommand(Object(Symfony\\Component\\Console\\Input\\ArgvInput))
#42 {main}
"} 
[2026-06-03 04:29:00] local.ERROR: SQLSTATE[HY000] [2002] No such file or directory (Connection: mysql, Host: localhost, Port: 3310, Database: laravel_nuxt, SQL: select exists (select 1 from information_schema.tables where table_schema = schema() and table_name = 'migrations' and table_type in ('BASE TABLE', 'SYSTEM VERSIONED')) as `exists`) {"exception":"[object] (Illuminate\\Database\\QueryException(code: 2002): SQLSTATE[HY000] [2002] No such file or directory (Connection: mysql, Host: localhost, Port: 3310, Database: laravel_nuxt, SQL: select exists (select 1 from information_schema.tables where table_schema = schema() and table_name = 'migrations' and table_type in ('BASE TABLE', 'SYSTEM VERSIONED')) as `exists`) at /var/www/backend/vendor/laravel/framework/src/Illuminate/Database/Connection.php:841)
[stacktrace]
#0 /var/www/backend/vendor/laravel/framework/src/Illuminate/Database/Connection.php(1021): Illuminate\\Database\\Connection->runQueryCallback('select exists (...', Array, Object(Closure))
#1 /var/www/backend/vendor/laravel/framework/src/Illuminate/Database/Connection.php(1000): Illuminate\\Database\\Connection->tryAgainIfCausedByLostConnection(Object(Illuminate\\Database\\QueryException), 'select exists (...', Array, Object(Closure))
#2 /var/www/backend/vendor/laravel/framework/src/Illuminate/Database/Connection.php(799): Illuminate\\Database\\Connection->handleQueryException(Object(Illuminate\\Database\\QueryException), 'select exists (...', Array, Object(Closure))
#3 /var/www/backend/vendor/laravel/framework/src/Illuminate/Database/Connection.php(412): Illuminate\\Database\\Connection->run('select exists (...', Array, Object(Closure))
#4 /var/www/backend/vendor/laravel/framework/src/Illuminate/Database/Connection.php(357): Illuminate\\Database\\Connection->select('select exists (...', Array, true)
#5 /var/www/backend/vendor/laravel/framework/src/Illuminate/Database/Connection.php(374): Illuminate\\Database\\Connection->selectOne('select exists (...', Array, true)
#6 /var/www/backend/vendor/laravel/framework/src/Illuminate/Database/Schema/Builder.php(176): Illuminate\\Database\\Connection->scalar('select exists (...')
#7 /var/www/backend/vendor/laravel/framework/src/Illuminate/Database/Migrations/DatabaseMigrationRepository.php(185): Illuminate\\Database\\Schema\\Builder->hasTable('migrations')
#8 /var/www/backend/vendor/laravel/framework/src/Illuminate/Database/Migrations/Migrator.php(758): Illuminate\\Database\\Migrations\\DatabaseMigrationRepository->repositoryExists()
#9 /var/www/backend/vendor/laravel/framework/src/Illuminate/Database/Console/Migrations/MigrateCommand.php(166): Illuminate\\Database\\Migrations\\Migrator->repositoryExists()
#10 /var/www/backend/vendor/laravel/framework/src/Illuminate/Support/helpers.php(328): Illuminate\\Database\\Console\\Migrations\\MigrateCommand->Illuminate\\Database\\Console\\Migrations\\{closure}(1)
#11 /var/www/backend/vendor/laravel/framework/src/Illuminate/Database/Console/Migrations/MigrateCommand.php(166): retry(1, Object(Closure), 0, Object(Closure))
#12 /var/www/backend/vendor/laravel/framework/src/Illuminate/Database/Console/Migrations/MigrateCommand.php(142): Illuminate\\Database\\Console\\Migrations\\MigrateCommand->repositoryExists()
#13 /var/www/backend/vendor/laravel/framework/src/Illuminate/Database/Console/Migrations/MigrateCommand.php(112): Illuminate\\Database\\Console\\Migrations\\MigrateCommand->prepareDatabase()
#14 /var/www/backend/vendor/laravel/framework/src/Illuminate/Database/Migrations/Migrator.php(671): Illuminate\\Database\\Console\\Migrations\\MigrateCommand->Illuminate\\Database\\Console\\Migrations\\{closure}()
#15 /var/www/backend/vendor/laravel/framework/src/Illuminate/Database/Console/Migrations/MigrateCommand.php(111): Illuminate\\Database\\Migrations\\Migrator->usingConnection(NULL, Object(Closure))
#16 /var/www/backend/vendor/laravel/framework/src/Illuminate/Database/Console/Migrations/MigrateCommand.php(90): Illuminate\\Database\\Console\\Migrations\\MigrateCommand->runMigrations()
#17 /var/www/backend/vendor/laravel/framework/src/Illuminate/Container/BoundMethod.php(36): Illuminate\\Database\\Console\\Migrations\\MigrateCommand->handle()
#18 /var/www/backend/vendor/laravel/framework/src/Illuminate/Container/Util.php(43): Illuminate\\Container\\BoundMethod::Illuminate\\Container\\{closure}()
#19 /var/www/backend/vendor/laravel/framework/src/Illuminate/Container/BoundMethod.php(96): Illuminate\\Container\\Util::unwrapIfClosure(Object(Closure))
#20 /var/www/backend/vendor/laravel/framework/src/Illuminate/Container/BoundMethod.php(35): Illuminate\\Container\\BoundMethod::callBoundMethod(Object(Illuminate\\Foundation\\Application), Array, Object(Closure))
#21 /var/www/backend/vendor/laravel/framework/src/Illuminate/Container/Container.php(799): Illuminate\\Container\\BoundMethod::call(Object(Illuminate\\Foundation\\Application), Array, Array, NULL)
#22 /var/www/backend/vendor/laravel/framework/src/Illuminate/Console/Command.php(280): Illuminate\\Container\\Container->call(Array)
#23 /var/www/backend/vendor/symfony/console/Command/Command.php(341): Illuminate\\Console\\Command->execute(Object(Symfony\\Component\\Console\\Input\\ArgvInput), Object(Illuminate\\Console\\OutputStyle))
#24 /var/www/backend/vendor/laravel/framework/src/Illuminate/Console/Command.php(249): Symfony\\Component\\Console\\Command\\Command->run(Object(Symfony\\Component\\Console\\Input\\ArgvInput), Object(Illuminate\\Console\\OutputStyle))
#25 /var/www/backend/vendor/symfony/console/Application.php(1117): Illuminate\\Console\\Command->run(Object(Symfony\\Component\\Console\\Input\\ArgvInput), Object(Symfony\\Component\\Console\\Output\\ConsoleOutput))
#26 /var/www/backend/vendor/symfony/console/Application.php(356): Symfony\\Component\\Console\\Application->doRunCommand(Object(Illuminate\\Database\\Console\\Migrations\\MigrateCommand), Object(Symfony\\Component\\Console\\Input\\ArgvInput), Object(Symfony\\Component\\Console\\Output\\ConsoleOutput))
#27 /var/www/backend/vendor/symfony/console/Application.php(195): Symfony\\Component\\Console\\Application->doRun(Object(Symfony\\Component\\Console\\Input\\ArgvInput), Object(Symfony\\Component\\Console\\Output\\ConsoleOutput))
#28 /var/www/backend/vendor/laravel/framework/src/Illuminate/Foundation/Console/Kernel.php(198): Symfony\\Component\\Console\\Application->run(Object(Symfony\\Component\\Console\\Input\\ArgvInput), Object(Symfony\\Component\\Console\\Output\\ConsoleOutput))
#29 /var/www/backend/vendor/laravel/framework/src/Illuminate/Foundation/Application.php(1235): Illuminate\\Foundation\\Console\\Kernel->handle(Object(Symfony\\Component\\Console\\Input\\ArgvInput), Object(Symfony\\Component\\Console\\Output\\ConsoleOutput))
#30 /var/www/backend/artisan(16): Illuminate\\Foundation\\Application->handleCommand(Object(Symfony\\Component\\Console\\Input\\ArgvInput))
#31 {main}

[previous exception] [object] (PDOException(code: 2002): SQLSTATE[HY000] [2002] No such file or directory at /var/www/backend/vendor/laravel/framework/src/Illuminate/Database/Connectors/Connector.php:66)
[stacktrace]
#0 /var/www/backend/vendor/laravel/framework/src/Illuminate/Database/Connectors/Connector.php(66): PDO->__construct('mysql:host=loca...', 'root', Object(SensitiveParameterValue), Array)
#1 /var/www/backend/vendor/laravel/framework/src/Illuminate/Database/Connectors/Connector.php(85): Illuminate\\Database\\Connectors\\Connector->createPdoConnection('mysql:host=loca...', 'root', Object(SensitiveParameterValue), Array)
#2 /var/www/backend/vendor/laravel/framework/src/Illuminate/Database/Connectors/Connector.php(48): Illuminate\\Database\\Connectors\\Connector->tryAgainIfCausedByLostConnection(Object(PDOException), 'mysql:host=loca...', 'root', Object(SensitiveParameterValue), Array)
#3 /var/www/backend/vendor/laravel/framework/src/Illuminate/Database/Connectors/MySqlConnector.php(24): Illuminate\\Database\\Connectors\\Connector->createConnection('mysql:host=loca...', Array, Array)
#4 /var/www/backend/vendor/laravel/framework/src/Illuminate/Database/Connectors/ConnectionFactory.php(188): Illuminate\\Database\\Connectors\\MySqlConnector->connect(Array)
#5 [internal function]: Illuminate\\Database\\Connectors\\ConnectionFactory->Illuminate\\Database\\Connectors\\{closure}()
#6 /var/www/backend/vendor/laravel/framework/src/Illuminate/Database/Connection.php(1279): call_user_func(Object(Closure))
#7 /var/www/backend/vendor/laravel/framework/src/Illuminate/Database/Connection.php(1317): Illuminate\\Database\\Connection->getPdo()
#8 /var/www/backend/vendor/laravel/framework/src/Illuminate/Database/Connection.php(528): Illuminate\\Database\\Connection->getReadPdo()
#9 /var/www/backend/vendor/laravel/framework/src/Illuminate/Database/Connection.php(421): Illuminate\\Database\\Connection->getPdoForSelect(true)
#10 /var/www/backend/vendor/laravel/framework/src/Illuminate/Database/Connection.php(830): Illuminate\\Database\\Connection->Illuminate\\Database\\{closure}('select exists (...', Array)
#11 /var/www/backend/vendor/laravel/framework/src/Illuminate/Database/Connection.php(1021): Illuminate\\Database\\Connection->runQueryCallback('select exists (...', Array, Object(Closure))
#12 /var/www/backend/vendor/laravel/framework/src/Illuminate/Database/Connection.php(1000): Illuminate\\Database\\Connection->tryAgainIfCausedByLostConnection(Object(Illuminate\\Database\\QueryException), 'select exists (...', Array, Object(Closure))
#13 /var/www/backend/vendor/laravel/framework/src/Illuminate/Database/Connection.php(799): Illuminate\\Database\\Connection->handleQueryException(Object(Illuminate\\Database\\QueryException), 'select exists (...', Array, Object(Closure))
#14 /var/www/backend/vendor/laravel/framework/src/Illuminate/Database/Connection.php(412): Illuminate\\Database\\Connection->run('select exists (...', Array, Object(Closure))
#15 /var/www/backend/vendor/laravel/framework/src/Illuminate/Database/Connection.php(357): Illuminate\\Database\\Connection->select('select exists (...', Array, true)
#16 /var/www/backend/vendor/laravel/framework/src/Illuminate/Database/Connection.php(374): Illuminate\\Database\\Connection->selectOne('select exists (...', Array, true)
#17 /var/www/backend/vendor/laravel/framework/src/Illuminate/Database/Schema/Builder.php(176): Illuminate\\Database\\Connection->scalar('select exists (...')
#18 /var/www/backend/vendor/laravel/framework/src/Illuminate/Database/Migrations/DatabaseMigrationRepository.php(185): Illuminate\\Database\\Schema\\Builder->hasTable('migrations')
#19 /var/www/backend/vendor/laravel/framework/src/Illuminate/Database/Migrations/Migrator.php(758): Illuminate\\Database\\Migrations\\DatabaseMigrationRepository->repositoryExists()
#20 /var/www/backend/vendor/laravel/framework/src/Illuminate/Database/Console/Migrations/MigrateCommand.php(166): Illuminate\\Database\\Migrations\\Migrator->repositoryExists()
#21 /var/www/backend/vendor/laravel/framework/src/Illuminate/Support/helpers.php(328): Illuminate\\Database\\Console\\Migrations\\MigrateCommand->Illuminate\\Database\\Console\\Migrations\\{closure}(1)
#22 /var/www/backend/vendor/laravel/framework/src/Illuminate/Database/Console/Migrations/MigrateCommand.php(166): retry(1, Object(Closure), 0, Object(Closure))
#23 /var/www/backend/vendor/laravel/framework/src/Illuminate/Database/Console/Migrations/MigrateCommand.php(142): Illuminate\\Database\\Console\\Migrations\\MigrateCommand->repositoryExists()
#24 /var/www/backend/vendor/laravel/framework/src/Illuminate/Database/Console/Migrations/MigrateCommand.php(112): Illuminate\\Database\\Console\\Migrations\\MigrateCommand->prepareDatabase()
#25 /var/www/backend/vendor/laravel/framework/src/Illuminate/Database/Migrations/Migrator.php(671): Illuminate\\Database\\Console\\Migrations\\MigrateCommand->Illuminate\\Database\\Console\\Migrations\\{closure}()
#26 /var/www/backend/vendor/laravel/framework/src/Illuminate/Database/Console/Migrations/MigrateCommand.php(111): Illuminate\\Database\\Migrations\\Migrator->usingConnection(NULL, Object(Closure))
#27 /var/www/backend/vendor/laravel/framework/src/Illuminate/Database/Console/Migrations/MigrateCommand.php(90): Illuminate\\Database\\Console\\Migrations\\MigrateCommand->runMigrations()
#28 /var/www/backend/vendor/laravel/framework/src/Illuminate/Container/BoundMethod.php(36): Illuminate\\Database\\Console\\Migrations\\MigrateCommand->handle()
#29 /var/www/backend/vendor/laravel/framework/src/Illuminate/Container/Util.php(43): Illuminate\\Container\\BoundMethod::Illuminate\\Container\\{closure}()
#30 /var/www/backend/vendor/laravel/framework/src/Illuminate/Container/BoundMethod.php(96): Illuminate\\Container\\Util::unwrapIfClosure(Object(Closure))
#31 /var/www/backend/vendor/laravel/framework/src/Illuminate/Container/BoundMethod.php(35): Illuminate\\Container\\BoundMethod::callBoundMethod(Object(Illuminate\\Foundation\\Application), Array, Object(Closure))
#32 /var/www/backend/vendor/laravel/framework/src/Illuminate/Container/Container.php(799): Illuminate\\Container\\BoundMethod::call(Object(Illuminate\\Foundation\\Application), Array, Array, NULL)
#33 /var/www/backend/vendor/laravel/framework/src/Illuminate/Console/Command.php(280): Illuminate\\Container\\Container->call(Array)
#34 /var/www/backend/vendor/symfony/console/Command/Command.php(341): Illuminate\\Console\\Command->execute(Object(Symfony\\Component\\Console\\Input\\ArgvInput), Object(Illuminate\\Console\\OutputStyle))
#35 /var/www/backend/vendor/laravel/framework/src/Illuminate/Console/Command.php(249): Symfony\\Component\\Console\\Command\\Command->run(Object(Symfony\\Component\\Console\\Input\\ArgvInput), Object(Illuminate\\Console\\OutputStyle))
#36 /var/www/backend/vendor/symfony/console/Application.php(1117): Illuminate\\Console\\Command->run(Object(Symfony\\Component\\Console\\Input\\ArgvInput), Object(Symfony\\Component\\Console\\Output\\ConsoleOutput))
#37 /var/www/backend/vendor/symfony/console/Application.php(356): Symfony\\Component\\Console\\Application->doRunCommand(Object(Illuminate\\Database\\Console\\Migrations\\MigrateCommand), Object(Symfony\\Component\\Console\\Input\\ArgvInput), Object(Symfony\\Component\\Console\\Output\\ConsoleOutput))
#38 /var/www/backend/vendor/symfony/console/Application.php(195): Symfony\\Component\\Console\\Application->doRun(Object(Symfony\\Component\\Console\\Input\\ArgvInput), Object(Symfony\\Component\\Console\\Output\\ConsoleOutput))
#39 /var/www/backend/vendor/laravel/framework/src/Illuminate/Foundation/Console/Kernel.php(198): Symfony\\Component\\Console\\Application->run(Object(Symfony\\Component\\Console\\Input\\ArgvInput), Object(Symfony\\Component\\Console\\Output\\ConsoleOutput))
#40 /var/www/backend/vendor/laravel/framework/src/Illuminate/Foundation/Application.php(1235): Illuminate\\Foundation\\Console\\Kernel->handle(Object(Symfony\\Component\\Console\\Input\\ArgvInput), Object(Symfony\\Component\\Console\\Output\\ConsoleOutput))
#41 /var/www/backend/artisan(16): Illuminate\\Foundation\\Application->handleCommand(Object(Symfony\\Component\\Console\\Input\\ArgvInput))
#42 {main}
"} 
[2026-08-21 07:34:46] local.ERROR: could not find driver (Connection: sqlite, Database: /home/np_thinh/source/laravel-nuxt-docker/backend/database/database.sqlite, SQL: select exists (select 1 from "main".sqlite_master where name = 'migrations' and type = 'table') as "exists") {"exception":"[object] (Illuminate\\Database\\QueryException(code: 0): could not find driver (Connection: sqlite, Database: /home/np_thinh/source/laravel-nuxt-docker/backend/database/database.sqlite, SQL: select exists (select 1 from \"main\".sqlite_master where name = 'migrations' and type = 'table') as \"exists\") at /home/np_thinh/source/laravel-nuxt-docker/backend/vendor/laravel/framework/src/Illuminate/Database/Connection.php:841)
[stacktrace]
#0 /home/np_thinh/source/laravel-nuxt-docker/backend/vendor/laravel/framework/src/Illuminate/Database/Connection.php(797): Illuminate\\Database\\Connection->runQueryCallback()
#1 /home/np_thinh/source/laravel-nuxt-docker/backend/vendor/laravel/framework/src/Illuminate/Database/Connection.php(412): Illuminate\\Database\\Connection->run()
#2 /home/np_thinh/source/laravel-nuxt-docker/backend/vendor/laravel/framework/src/Illuminate/Database/Connection.php(357): Illuminate\\Database\\Connection->select()
#3 /home/np_thinh/source/laravel-nuxt-docker/backend/vendor/laravel/framework/src/Illuminate/Database/Connection.php(374): Illuminate\\Database\\Connection->selectOne()
#4 /home/np_thinh/source/laravel-nuxt-docker/backend/vendor/laravel/framework/src/Illuminate/Database/Schema/Builder.php(176): Illuminate\\Database\\Connection->scalar()
#5 /home/np_thinh/source/laravel-nuxt-docker/backend/vendor/laravel/framework/src/Illuminate/Database/Migrations/DatabaseMigrationRepository.php(185): Illuminate\\Database\\Schema\\Builder->hasTable()
#6 /home/np_thinh/source/laravel-nuxt-docker/backend/vendor/laravel/framework/src/Illuminate/Database/Migrations/Migrator.php(758): Illuminate\\Database\\Migrations\\DatabaseMigrationRepository->repositoryExists()
#7 /home/np_thinh/source/laravel-nuxt-docker/backend/vendor/laravel/framework/src/Illuminate/Database/Console/Migrations/MigrateCommand.php(166): Illuminate\\Database\\Migrations\\Migrator->repositoryExists()
#8 /home/np_thinh/source/laravel-nuxt-docker/backend/vendor/laravel/framework/src/Illuminate/Support/helpers.php(328): Illuminate\\Database\\Console\\Migrations\\MigrateCommand->{closure:Illuminate\\Database\\Console\\Migrations\\MigrateCommand::repositoryExists():166}()
#9 /home/np_thinh/source/laravel-nuxt-docker/backend/vendor/laravel/framework/src/Illuminate/Database/Console/Migrations/MigrateCommand.php(166): retry()
#10 /home/np_thinh/source/laravel-nuxt-docker/backend/vendor/laravel/framework/src/Illuminate/Database/Console/Migrations/MigrateCommand.php(142): Illuminate\\Database\\Console\\Migrations\\MigrateCommand->repositoryExists()
#11 /home/np_thinh/source/laravel-nuxt-docker/backend/vendor/laravel/framework/src/Illuminate/Database/Console/Migrations/MigrateCommand.php(112): Illuminate\\Database\\Console\\Migrations\\MigrateCommand->prepareDatabase()
#12 /home/np_thinh/source/laravel-nuxt-docker/backend/vendor/laravel/framework/src/Illuminate/Database/Migrations/Migrator.php(671): Illuminate\\Database\\Console\\Migrations\\MigrateCommand->{closure:Illuminate\\Database\\Console\\Migrations\\MigrateCommand::runMigrations():111}()
#13 /home/np_thinh/source/laravel-nuxt-docker/backend/vendor/laravel/framework/src/Illuminate/Database/Console/Migrations/MigrateCommand.php(111): Illuminate\\Database\\Migrations\\Migrator->usingConnection()
#14 /home/np_thinh/source/laravel-nuxt-docker/backend/vendor/laravel/framework/src/Illuminate/Database/Console/Migrations/MigrateCommand.php(90): Illuminate\\Database\\Console\\Migrations\\MigrateCommand->runMigrations()
#15 /home/np_thinh/source/laravel-nuxt-docker/backend/vendor/laravel/framework/src/Illuminate/Container/BoundMethod.php(36): Illuminate\\Database\\Console\\Migrations\\MigrateCommand->handle()
#16 /home/np_thinh/source/laravel-nuxt-docker/backend/vendor/laravel/framework/src/Illuminate/Container/Util.php(43): Illuminate\\Container\\BoundMethod::{closure:Illuminate\\Container\\BoundMethod::call():35}()
#17 /home/np_thinh/source/laravel-nuxt-docker/backend/vendor/laravel/framework/src/Illuminate/Container/BoundMethod.php(96): Illuminate\\Container\\Util::unwrapIfClosure()
#18 /home/np_thinh/source/laravel-nuxt-docker/backend/vendor/laravel/framework/src/Illuminate/Container/BoundMethod.php(35): Illuminate\\Container\\BoundMethod::callBoundMethod()
#19 /home/np_thinh/source/laravel-nuxt-docker/backend/vendor/laravel/framework/src/Illuminate/Container/Container.php(799): Illuminate\\Container\\BoundMethod::call()
#20 /home/np_thinh/source/laravel-nuxt-docker/backend/vendor/laravel/framework/src/Illuminate/Console/Command.php(280): Illuminate\\Container\\Container->call()
#21 /home/np_thinh/source/laravel-nuxt-docker/backend/vendor/symfony/console/Command/Command.php(341): Illuminate\\Console\\Command->execute()
#22 /home/np_thinh/source/laravel-nuxt-docker/backend/vendor/laravel/framework/src/Illuminate/Console/Command.php(249): Symfony\\Component\\Console\\Command\\Command->run()
#23 /home/np_thinh/source/laravel-nuxt-docker/backend/vendor/laravel/framework/src/Illuminate/Console/Concerns/CallsCommands.php(68): Illuminate\\Console\\Command->run()
#24 /home/np_thinh/source/laravel-nuxt-docker/backend/vendor/laravel/framework/src/Illuminate/Console/Concerns/CallsCommands.php(29): Illuminate\\Console\\Command->runCommand()
#25 /home/np_thinh/source/laravel-nuxt-docker/backend/vendor/laravel/framework/src/Illuminate/Foundation/Console/ApiInstallCommand.php(80): Illuminate\\Console\\Command->call()
#26 /home/np_thinh/source/laravel-nuxt-docker/backend/vendor/laravel/framework/src/Illuminate/Container/BoundMethod.php(36): Illuminate\\Foundation\\Console\\ApiInstallCommand->handle()
#27 /home/np_thinh/source/laravel-nuxt-docker/backend/vendor/laravel/framework/src/Illuminate/Container/Util.php(43): Illuminate\\Container\\BoundMethod::{closure:Illuminate\\Container\\BoundMethod::call():35}()
#28 /home/np_thinh/source/laravel-nuxt-docker/backend/vendor/laravel/framework/src/Illuminate/Container/BoundMethod.php(96): Illuminate\\Container\\Util::unwrapIfClosure()
#29 /home/np_thinh/source/laravel-nuxt-docker/backend/vendor/laravel/framework/src/Illuminate/Container/BoundMethod.php(35): Illuminate\\Container\\BoundMethod::callBoundMethod()
#30 /home/np_thinh/source/laravel-nuxt-docker/backend/vendor/laravel/framework/src/Illuminate/Container/Container.php(799): Illuminate\\Container\\BoundMethod::call()
#31 /home/np_thinh/source/laravel-nuxt-docker/backend/vendor/laravel/framework/src/Illuminate/Console/Command.php(280): Illuminate\\Container\\Container->call()
#32 /home/np_thinh/source/laravel-nuxt-docker/backend/vendor/symfony/console/Command/Command.php(341): Illuminate\\Console\\Command->execute()
#33 /home/np_thinh/source/laravel-nuxt-docker/backend/vendor/laravel/framework/src/Illuminate/Console/Command.php(249): Symfony\\Component\\Console\\Command\\Command->run()
#34 /home/np_thinh/source/laravel-nuxt-docker/backend/vendor/symfony/console/Application.php(1117): Illuminate\\Console\\Command->run()
#35 /home/np_thinh/source/laravel-nuxt-docker/backend/vendor/symfony/console/Application.php(356): Symfony\\Component\\Console\\Application->doRunCommand()
#36 /home/np_thinh/source/laravel-nuxt-docker/backend/vendor/symfony/console/Application.php(195): Symfony\\Component\\Console\\Application->doRun()
#37 /home/np_thinh/source/laravel-nuxt-docker/backend/vendor/laravel/framework/src/Illuminate/Foundation/Console/Kernel.php(198): Symfony\\Component\\Console\\Application->run()
#38 /home/np_thinh/source/laravel-nuxt-docker/backend/vendor/laravel/framework/src/Illuminate/Foundation/Application.php(1235): Illuminate\\Foundation\\Console\\Kernel->handle()
#39 /home/np_thinh/source/laravel-nuxt-docker/backend/artisan(16): Illuminate\\Foundation\\Application->handleCommand()
#40 {main}

[previous exception] [object] (PDOException(code: 0): could not find driver at /home/np_thinh/source/laravel-nuxt-docker/backend/vendor/laravel/framework/src/Illuminate/Database/Connectors/Connector.php:67)
[stacktrace]
#0 /home/np_thinh/source/laravel-nuxt-docker/backend/vendor/laravel/framework/src/Illuminate/Database/Connectors/Connector.php(67): PDO::connect()
#1 /home/np_thinh/source/laravel-nuxt-docker/backend/vendor/laravel/framework/src/Illuminate/Database/Connectors/Connector.php(44): Illuminate\\Database\\Connectors\\Connector->createPdoConnection()
#2 /home/np_thinh/source/laravel-nuxt-docker/backend/vendor/laravel/framework/src/Illuminate/Database/Connectors/SQLiteConnector.php(21): Illuminate\\Database\\Connectors\\Connector->createConnection()
#3 /home/np_thinh/source/laravel-nuxt-docker/backend/vendor/laravel/framework/src/Illuminate/Database/Connectors/ConnectionFactory.php(227): Illuminate\\Database\\Connectors\\SQLiteConnector->connect()
#4 [internal function]: Illuminate\\Database\\Connectors\\ConnectionFactory->{closure:Illuminate\\Database\\Connectors\\ConnectionFactory::createPdoResolverWithoutHosts():227}()
#5 /home/np_thinh/source/laravel-nuxt-docker/backend/vendor/laravel/framework/src/Illuminate/Database/Connection.php(1279): call_user_func()
#6 /home/np_thinh/source/laravel-nuxt-docker/backend/vendor/laravel/framework/src/Illuminate/Database/Connection.php(1317): Illuminate\\Database\\Connection->getPdo()
#7 /home/np_thinh/source/laravel-nuxt-docker/backend/vendor/laravel/framework/src/Illuminate/Database/Connection.php(528): Illuminate\\Database\\Connection->getReadPdo()
#8 /home/np_thinh/source/laravel-nuxt-docker/backend/vendor/laravel/framework/src/Illuminate/Database/Connection.php(421): Illuminate\\Database\\Connection->getPdoForSelect()
#9 /home/np_thinh/source/laravel-nuxt-docker/backend/vendor/laravel/framework/src/Illuminate/Database/Connection.php(830): Illuminate\\Database\\Connection->{closure:Illuminate\\Database\\Connection::select():412}()
#10 /home/np_thinh/source/laravel-nuxt-docker/backend/vendor/laravel/framework/src/Illuminate/Database/Connection.php(797): Illuminate\\Database\\Connection->runQueryCallback()
#11 /home/np_thinh/source/laravel-nuxt-docker/backend/vendor/laravel/framework/src/Illuminate/Database/Connection.php(412): Illuminate\\Database\\Connection->run()
#12 /home/np_thinh/source/laravel-nuxt-docker/backend/vendor/laravel/framework/src/Illuminate/Database/Connection.php(357): Illuminate\\Database\\Connection->select()
#13 /home/np_thinh/source/laravel-nuxt-docker/backend/vendor/laravel/framework/src/Illuminate/Database/Connection.php(374): Illuminate\\Database\\Connection->selectOne()
#14 /home/np_thinh/source/laravel-nuxt-docker/backend/vendor/laravel/framework/src/Illuminate/Database/Schema/Builder.php(176): Illuminate\\Database\\Connection->scalar()
#15 /home/np_thinh/source/laravel-nuxt-docker/backend/vendor/laravel/framework/src/Illuminate/Database/Migrations/DatabaseMigrationRepository.php(185): Illuminate\\Database\\Schema\\Builder->hasTable()
#16 /home/np_thinh/source/laravel-nuxt-docker/backend/vendor/laravel/framework/src/Illuminate/Database/Migrations/Migrator.php(758): Illuminate\\Database\\Migrations\\DatabaseMigrationRepository->repositoryExists()
#17 /home/np_thinh/source/laravel-nuxt-docker/backend/vendor/laravel/framework/src/Illuminate/Database/Console/Migrations/MigrateCommand.php(166): Illuminate\\Database\\Migrations\\Migrator->repositoryExists()
#18 /home/np_thinh/source/laravel-nuxt-docker/backend/vendor/laravel/framework/src/Illuminate/Support/helpers.php(328): Illuminate\\Database\\Console\\Migrations\\MigrateCommand->{closure:Illuminate\\Database\\Console\\Migrations\\MigrateCommand::repositoryExists():166}()
#19 /home/np_thinh/source/laravel-nuxt-docker/backend/vendor/laravel/framework/src/Illuminate/Database/Console/Migrations/MigrateCommand.php(166): retry()
#20 /home/np_thinh/source/laravel-nuxt-docker/backend/vendor/laravel/framework/src/Illuminate/Database/Console/Migrations/MigrateCommand.php(142): Illuminate\\Database\\Console\\Migrations\\MigrateCommand->repositoryExists()
#21 /home/np_thinh/source/laravel-nuxt-docker/backend/vendor/laravel/framework/src/Illuminate/Database/Console/Migrations/MigrateCommand.php(112): Illuminate\\Database\\Console\\Migrations\\MigrateCommand->prepareDatabase()
#22 /home/np_thinh/source/laravel-nuxt-docker/backend/vendor/laravel/framework/src/Illuminate/Database/Migrations/Migrator.php(671): Illuminate\\Database\\Console\\Migrations\\MigrateCommand->{closure:Illuminate\\Database\\Console\\Migrations\\MigrateCommand::runMigrations():111}()
#23 /home/np_thinh/source/laravel-nuxt-docker/backend/vendor/laravel/framework/src/Illuminate/Database/Console/Migrations/MigrateCommand.php(111): Illuminate\\Database\\Migrations\\Migrator->usingConnection()
#24 /home/np_thinh/source/laravel-nuxt-docker/backend/vendor/laravel/framework/src/Illuminate/Database/Console/Migrations/MigrateCommand.php(90): Illuminate\\Database\\Console\\Migrations\\MigrateCommand->runMigrations()
#25 /home/np_thinh/source/laravel-nuxt-docker/backend/vendor/laravel/framework/src/Illuminate/Container/BoundMethod.php(36): Illuminate\\Database\\Console\\Migrations\\MigrateCommand->handle()
#26 /home/np_thinh/source/laravel-nuxt-docker/backend/vendor/laravel/framework/src/Illuminate/Container/Util.php(43): Illuminate\\Container\\BoundMethod::{closure:Illuminate\\Container\\BoundMethod::call():35}()
#27 /home/np_thinh/source/laravel-nuxt-docker/backend/vendor/laravel/framework/src/Illuminate/Container/BoundMethod.php(96): Illuminate\\Container\\Util::unwrapIfClosure()
#28 /home/np_thinh/source/laravel-nuxt-docker/backend/vendor/laravel/framework/src/Illuminate/Container/BoundMethod.php(35): Illuminate\\Container\\BoundMethod::callBoundMethod()
#29 /home/np_thinh/source/laravel-nuxt-docker/backend/vendor/laravel/framework/src/Illuminate/Container/Container.php(799): Illuminate\\Container\\BoundMethod::call()
#30 /home/np_thinh/source/laravel-nuxt-docker/backend/vendor/laravel/framework/src/Illuminate/Console/Command.php(280): Illuminate\\Container\\Container->call()
#31 /home/np_thinh/source/laravel-nuxt-docker/backend/vendor/symfony/console/Command/Command.php(341): Illuminate\\Console\\Command->execute()
#32 /home/np_thinh/source/laravel-nuxt-docker/backend/vendor/laravel/framework/src/Illuminate/Console/Command.php(249): Symfony\\Component\\Console\\Command\\Command->run()
#33 /home/np_thinh/source/laravel-nuxt-docker/backend/vendor/laravel/framework/src/Illuminate/Console/Concerns/CallsCommands.php(68): Illuminate\\Console\\Command->run()
#34 /home/np_thinh/source/laravel-nuxt-docker/backend/vendor/laravel/framework/src/Illuminate/Console/Concerns/CallsCommands.php(29): Illuminate\\Console\\Command->runCommand()
#35 /home/np_thinh/source/laravel-nuxt-docker/backend/vendor/laravel/framework/src/Illuminate/Foundation/Console/ApiInstallCommand.php(80): Illuminate\\Console\\Command->call()
#36 /home/np_thinh/source/laravel-nuxt-docker/backend/vendor/laravel/framework/src/Illuminate/Container/BoundMethod.php(36): Illuminate\\Foundation\\Console\\ApiInstallCommand->handle()
#37 /home/np_thinh/source/laravel-nuxt-docker/backend/vendor/laravel/framework/src/Illuminate/Container/Util.php(43): Illuminate\\Container\\BoundMethod::{closure:Illuminate\\Container\\BoundMethod::call():35}()
#38 /home/np_thinh/source/laravel-nuxt-docker/backend/vendor/laravel/framework/src/Illuminate/Container/BoundMethod.php(96): Illuminate\\Container\\Util::unwrapIfClosure()
#39 /home/np_thinh/source/laravel-nuxt-docker/backend/vendor/laravel/framework/src/Illuminate/Container/BoundMethod.php(35): Illuminate\\Container\\BoundMethod::callBoundMethod()
#40 /home/np_thinh/source/laravel-nuxt-docker/backend/vendor/laravel/framework/src/Illuminate/Container/Container.php(799): Illuminate\\Container\\BoundMethod::call()
#41 /home/np_thinh/source/laravel-nuxt-docker/backend/vendor/laravel/framework/src/Illuminate/Console/Command.php(280): Illuminate\\Container\\Container->call()
#42 /home/np_thinh/source/laravel-nuxt-docker/backend/vendor/symfony/console/Command/Command.php(341): Illuminate\\Console\\Command->execute()
#43 /home/np_thinh/source/laravel-nuxt-docker/backend/vendor/laravel/framework/src/Illuminate/Console/Command.php(249): Symfony\\Component\\Console\\Command\\Command->run()
#44 /home/np_thinh/source/laravel-nuxt-docker/backend/vendor/symfony/console/Application.php(1117): Illuminate\\Console\\Command->run()
#45 /home/np_thinh/source/laravel-nuxt-docker/backend/vendor/symfony/console/Application.php(356): Symfony\\Component\\Console\\Application->doRunCommand()
#46 /home/np_thinh/source/laravel-nuxt-docker/backend/vendor/symfony/console/Application.php(195): Symfony\\Component\\Console\\Application->doRun()
#47 /home/np_thinh/source/laravel-nuxt-docker/backend/vendor/laravel/framework/src/Illuminate/Foundation/Console/Kernel.php(198): Symfony\\Component\\Console\\Application->run()
#48 /home/np_thinh/source/laravel-nuxt-docker/backend/vendor/laravel/framework/src/Illuminate/Foundation/Application.php(1235): Illuminate\\Foundation\\Console\\Kernel->handle()
#49 /home/np_thinh/source/laravel-nuxt-docker/backend/artisan(16): Illuminate\\Foundation\\Application->handleCommand()
#50 {main}
"} 
[2026-08-21 07:35:09] local.ERROR: could not find driver (Connection: sqlite, Database: /home/np_thinh/source/laravel-nuxt-docker/backend/database/database.sqlite, SQL: select exists (select 1 from "main".sqlite_master where name = 'migrations' and type = 'table') as "exists") {"exception":"[object] (Illuminate\\Database\\QueryException(code: 0): could not find driver (Connection: sqlite, Database: /home/np_thinh/source/laravel-nuxt-docker/backend/database/database.sqlite, SQL: select exists (select 1 from \"main\".sqlite_master where name = 'migrations' and type = 'table') as \"exists\") at /home/np_thinh/source/laravel-nuxt-docker/backend/vendor/laravel/framework/src/Illuminate/Database/Connection.php:841)
[stacktrace]
#0 /home/np_thinh/source/laravel-nuxt-docker/backend/vendor/laravel/framework/src/Illuminate/Database/Connection.php(797): Illuminate\\Database\\Connection->runQueryCallback()
#1 /home/np_thinh/source/laravel-nuxt-docker/backend/vendor/laravel/framework/src/Illuminate/Database/Connection.php(412): Illuminate\\Database\\Connection->run()
#2 /home/np_thinh/source/laravel-nuxt-docker/backend/vendor/laravel/framework/src/Illuminate/Database/Connection.php(357): Illuminate\\Database\\Connection->select()
#3 /home/np_thinh/source/laravel-nuxt-docker/backend/vendor/laravel/framework/src/Illuminate/Database/Connection.php(374): Illuminate\\Database\\Connection->selectOne()
#4 /home/np_thinh/source/laravel-nuxt-docker/backend/vendor/laravel/framework/src/Illuminate/Database/Schema/Builder.php(176): Illuminate\\Database\\Connection->scalar()
#5 /home/np_thinh/source/laravel-nuxt-docker/backend/vendor/laravel/framework/src/Illuminate/Database/Migrations/DatabaseMigrationRepository.php(185): Illuminate\\Database\\Schema\\Builder->hasTable()
#6 /home/np_thinh/source/laravel-nuxt-docker/backend/vendor/laravel/framework/src/Illuminate/Database/Migrations/Migrator.php(758): Illuminate\\Database\\Migrations\\DatabaseMigrationRepository->repositoryExists()
#7 /home/np_thinh/source/laravel-nuxt-docker/backend/vendor/laravel/framework/src/Illuminate/Database/Console/Migrations/MigrateCommand.php(166): Illuminate\\Database\\Migrations\\Migrator->repositoryExists()
#8 /home/np_thinh/source/laravel-nuxt-docker/backend/vendor/laravel/framework/src/Illuminate/Support/helpers.php(328): Illuminate\\Database\\Console\\Migrations\\MigrateCommand->{closure:Illuminate\\Database\\Console\\Migrations\\MigrateCommand::repositoryExists():166}()
#9 /home/np_thinh/source/laravel-nuxt-docker/backend/vendor/laravel/framework/src/Illuminate/Database/Console/Migrations/MigrateCommand.php(166): retry()
#10 /home/np_thinh/source/laravel-nuxt-docker/backend/vendor/laravel/framework/src/Illuminate/Database/Console/Migrations/MigrateCommand.php(142): Illuminate\\Database\\Console\\Migrations\\MigrateCommand->repositoryExists()
#11 /home/np_thinh/source/laravel-nuxt-docker/backend/vendor/laravel/framework/src/Illuminate/Database/Console/Migrations/MigrateCommand.php(112): Illuminate\\Database\\Console\\Migrations\\MigrateCommand->prepareDatabase()
#12 /home/np_thinh/source/laravel-nuxt-docker/backend/vendor/laravel/framework/src/Illuminate/Database/Migrations/Migrator.php(671): Illuminate\\Database\\Console\\Migrations\\MigrateCommand->{closure:Illuminate\\Database\\Console\\Migrations\\MigrateCommand::runMigrations():111}()
#13 /home/np_thinh/source/laravel-nuxt-docker/backend/vendor/laravel/framework/src/Illuminate/Database/Console/Migrations/MigrateCommand.php(111): Illuminate\\Database\\Migrations\\Migrator->usingConnection()
#14 /home/np_thinh/source/laravel-nuxt-docker/backend/vendor/laravel/framework/src/Illuminate/Database/Console/Migrations/MigrateCommand.php(90): Illuminate\\Database\\Console\\Migrations\\MigrateCommand->runMigrations()
#15 /home/np_thinh/source/laravel-nuxt-docker/backend/vendor/laravel/framework/src/Illuminate/Container/BoundMethod.php(36): Illuminate\\Database\\Console\\Migrations\\MigrateCommand->handle()
#16 /home/np_thinh/source/laravel-nuxt-docker/backend/vendor/laravel/framework/src/Illuminate/Container/Util.php(43): Illuminate\\Container\\BoundMethod::{closure:Illuminate\\Container\\BoundMethod::call():35}()
#17 /home/np_thinh/source/laravel-nuxt-docker/backend/vendor/laravel/framework/src/Illuminate/Container/BoundMethod.php(96): Illuminate\\Container\\Util::unwrapIfClosure()
#18 /home/np_thinh/source/laravel-nuxt-docker/backend/vendor/laravel/framework/src/Illuminate/Container/BoundMethod.php(35): Illuminate\\Container\\BoundMethod::callBoundMethod()
#19 /home/np_thinh/source/laravel-nuxt-docker/backend/vendor/laravel/framework/src/Illuminate/Container/Container.php(799): Illuminate\\Container\\BoundMethod::call()
#20 /home/np_thinh/source/laravel-nuxt-docker/backend/vendor/laravel/framework/src/Illuminate/Console/Command.php(280): Illuminate\\Container\\Container->call()
#21 /home/np_thinh/source/laravel-nuxt-docker/backend/vendor/symfony/console/Command/Command.php(341): Illuminate\\Console\\Command->execute()
#22 /home/np_thinh/source/laravel-nuxt-docker/backend/vendor/laravel/framework/src/Illuminate/Console/Command.php(249): Symfony\\Component\\Console\\Command\\Command->run()
#23 /home/np_thinh/source/laravel-nuxt-docker/backend/vendor/symfony/console/Application.php(1117): Illuminate\\Console\\Command->run()
#24 /home/np_thinh/source/laravel-nuxt-docker/backend/vendor/symfony/console/Application.php(356): Symfony\\Component\\Console\\Application->doRunCommand()
#25 /home/np_thinh/source/laravel-nuxt-docker/backend/vendor/symfony/console/Application.php(195): Symfony\\Component\\Console\\Application->doRun()
#26 /home/np_thinh/source/laravel-nuxt-docker/backend/vendor/laravel/framework/src/Illuminate/Foundation/Console/Kernel.php(198): Symfony\\Component\\Console\\Application->run()
#27 /home/np_thinh/source/laravel-nuxt-docker/backend/vendor/laravel/framework/src/Illuminate/Foundation/Application.php(1235): Illuminate\\Foundation\\Console\\Kernel->handle()
#28 /home/np_thinh/source/laravel-nuxt-docker/backend/artisan(16): Illuminate\\Foundation\\Application->handleCommand()
#29 {main}

[previous exception] [object] (PDOException(code: 0): could not find driver at /home/np_thinh/source/laravel-nuxt-docker/backend/vendor/laravel/framework/src/Illuminate/Database/Connectors/Connector.php:67)
[stacktrace]
#0 /home/np_thinh/source/laravel-nuxt-docker/backend/vendor/laravel/framework/src/Illuminate/Database/Connectors/Connector.php(67): PDO::connect()
#1 /home/np_thinh/source/laravel-nuxt-docker/backend/vendor/laravel/framework/src/Illuminate/Database/Connectors/Connector.php(44): Illuminate\\Database\\Connectors\\Connector->createPdoConnection()
#2 /home/np_thinh/source/laravel-nuxt-docker/backend/vendor/laravel/framework/src/Illuminate/Database/Connectors/SQLiteConnector.php(21): Illuminate\\Database\\Connectors\\Connector->createConnection()
#3 /home/np_thinh/source/laravel-nuxt-docker/backend/vendor/laravel/framework/src/Illuminate/Database/Connectors/ConnectionFactory.php(227): Illuminate\\Database\\Connectors\\SQLiteConnector->connect()
#4 [internal function]: Illuminate\\Database\\Connectors\\ConnectionFactory->{closure:Illuminate\\Database\\Connectors\\ConnectionFactory::createPdoResolverWithoutHosts():227}()
#5 /home/np_thinh/source/laravel-nuxt-docker/backend/vendor/laravel/framework/src/Illuminate/Database/Connection.php(1279): call_user_func()
#6 /home/np_thinh/source/laravel-nuxt-docker/backend/vendor/laravel/framework/src/Illuminate/Database/Connection.php(1317): Illuminate\\Database\\Connection->getPdo()
#7 /home/np_thinh/source/laravel-nuxt-docker/backend/vendor/laravel/framework/src/Illuminate/Database/Connection.php(528): Illuminate\\Database\\Connection->getReadPdo()
#8 /home/np_thinh/source/laravel-nuxt-docker/backend/vendor/laravel/framework/src/Illuminate/Database/Connection.php(421): Illuminate\\Database\\Connection->getPdoForSelect()
#9 /home/np_thinh/source/laravel-nuxt-docker/backend/vendor/laravel/framework/src/Illuminate/Database/Connection.php(830): Illuminate\\Database\\Connection->{closure:Illuminate\\Database\\Connection::select():412}()
#10 /home/np_thinh/source/laravel-nuxt-docker/backend/vendor/laravel/framework/src/Illuminate/Database/Connection.php(797): Illuminate\\Database\\Connection->runQueryCallback()
#11 /home/np_thinh/source/laravel-nuxt-docker/backend/vendor/laravel/framework/src/Illuminate/Database/Connection.php(412): Illuminate\\Database\\Connection->run()
#12 /home/np_thinh/source/laravel-nuxt-docker/backend/vendor/laravel/framework/src/Illuminate/Database/Connection.php(357): Illuminate\\Database\\Connection->select()
#13 /home/np_thinh/source/laravel-nuxt-docker/backend/vendor/laravel/framework/src/Illuminate/Database/Connection.php(374): Illuminate\\Database\\Connection->selectOne()
#14 /home/np_thinh/source/laravel-nuxt-docker/backend/vendor/laravel/framework/src/Illuminate/Database/Schema/Builder.php(176): Illuminate\\Database\\Connection->scalar()
#15 /home/np_thinh/source/laravel-nuxt-docker/backend/vendor/laravel/framework/src/Illuminate/Database/Migrations/DatabaseMigrationRepository.php(185): Illuminate\\Database\\Schema\\Builder->hasTable()
#16 /home/np_thinh/source/laravel-nuxt-docker/backend/vendor/laravel/framework/src/Illuminate/Database/Migrations/Migrator.php(758): Illuminate\\Database\\Migrations\\DatabaseMigrationRepository->repositoryExists()
#17 /home/np_thinh/source/laravel-nuxt-docker/backend/vendor/laravel/framework/src/Illuminate/Database/Console/Migrations/MigrateCommand.php(166): Illuminate\\Database\\Migrations\\Migrator->repositoryExists()
#18 /home/np_thinh/source/laravel-nuxt-docker/backend/vendor/laravel/framework/src/Illuminate/Support/helpers.php(328): Illuminate\\Database\\Console\\Migrations\\MigrateCommand->{closure:Illuminate\\Database\\Console\\Migrations\\MigrateCommand::repositoryExists():166}()
#19 /home/np_thinh/source/laravel-nuxt-docker/backend/vendor/laravel/framework/src/Illuminate/Database/Console/Migrations/MigrateCommand.php(166): retry()
#20 /home/np_thinh/source/laravel-nuxt-docker/backend/vendor/laravel/framework/src/Illuminate/Database/Console/Migrations/MigrateCommand.php(142): Illuminate\\Database\\Console\\Migrations\\MigrateCommand->repositoryExists()
#21 /home/np_thinh/source/laravel-nuxt-docker/backend/vendor/laravel/framework/src/Illuminate/Database/Console/Migrations/MigrateCommand.php(112): Illuminate\\Database\\Console\\Migrations\\MigrateCommand->prepareDatabase()
#22 /home/np_thinh/source/laravel-nuxt-docker/backend/vendor/laravel/framework/src/Illuminate/Database/Migrations/Migrator.php(671): Illuminate\\Database\\Console\\Migrations\\MigrateCommand->{closure:Illuminate\\Database\\Console\\Migrations\\MigrateCommand::runMigrations():111}()
#23 /home/np_thinh/source/laravel-nuxt-docker/backend/vendor/laravel/framework/src/Illuminate/Database/Console/Migrations/MigrateCommand.php(111): Illuminate\\Database\\Migrations\\Migrator->usingConnection()
#24 /home/np_thinh/source/laravel-nuxt-docker/backend/vendor/laravel/framework/src/Illuminate/Database/Console/Migrations/MigrateCommand.php(90): Illuminate\\Database\\Console\\Migrations\\MigrateCommand->runMigrations()
#25 /home/np_thinh/source/laravel-nuxt-docker/backend/vendor/laravel/framework/src/Illuminate/Container/BoundMethod.php(36): Illuminate\\Database\\Console\\Migrations\\MigrateCommand->handle()
#26 /home/np_thinh/source/laravel-nuxt-docker/backend/vendor/laravel/framework/src/Illuminate/Container/Util.php(43): Illuminate\\Container\\BoundMethod::{closure:Illuminate\\Container\\BoundMethod::call():35}()
#27 /home/np_thinh/source/laravel-nuxt-docker/backend/vendor/laravel/framework/src/Illuminate/Container/BoundMethod.php(96): Illuminate\\Container\\Util::unwrapIfClosure()
#28 /home/np_thinh/source/laravel-nuxt-docker/backend/vendor/laravel/framework/src/Illuminate/Container/BoundMethod.php(35): Illuminate\\Container\\BoundMethod::callBoundMethod()
#29 /home/np_thinh/source/laravel-nuxt-docker/backend/vendor/laravel/framework/src/Illuminate/Container/Container.php(799): Illuminate\\Container\\BoundMethod::call()
#30 /home/np_thinh/source/laravel-nuxt-docker/backend/vendor/laravel/framework/src/Illuminate/Console/Command.php(280): Illuminate\\Container\\Container->call()
#31 /home/np_thinh/source/laravel-nuxt-docker/backend/vendor/symfony/console/Command/Command.php(341): Illuminate\\Console\\Command->execute()
#32 /home/np_thinh/source/laravel-nuxt-docker/backend/vendor/laravel/framework/src/Illuminate/Console/Command.php(249): Symfony\\Component\\Console\\Command\\Command->run()
#33 /home/np_thinh/source/laravel-nuxt-docker/backend/vendor/symfony/console/Application.php(1117): Illuminate\\Console\\Command->run()
#34 /home/np_thinh/source/laravel-nuxt-docker/backend/vendor/symfony/console/Application.php(356): Symfony\\Component\\Console\\Application->doRunCommand()
#35 /home/np_thinh/source/laravel-nuxt-docker/backend/vendor/symfony/console/Application.php(195): Symfony\\Component\\Console\\Application->doRun()
#36 /home/np_thinh/source/laravel-nuxt-docker/backend/vendor/laravel/framework/src/Illuminate/Foundation/Console/Kernel.php(198): Symfony\\Component\\Console\\Application->run()
#37 /home/np_thinh/source/laravel-nuxt-docker/backend/vendor/laravel/framework/src/Illuminate/Foundation/Application.php(1235): Illuminate\\Foundation\\Console\\Kernel->handle()
#38 /home/np_thinh/source/laravel-nuxt-docker/backend/artisan(16): Illuminate\\Foundation\\Application->handleCommand()
#39 {main}
"} 
[2026-08-21 07:35:53] local.ERROR: could not find driver (Connection: sqlite, Database: laravel, SQL: select exists (select 1 from "main".sqlite_master where name = 'migrations' and type = 'table') as "exists") {"exception":"[object] (Illuminate\\Database\\QueryException(code: 0): could not find driver (Connection: sqlite, Database: laravel, SQL: select exists (select 1 from \"main\".sqlite_master where name = 'migrations' and type = 'table') as \"exists\") at /home/np_thinh/source/laravel-nuxt-docker/backend/vendor/laravel/framework/src/Illuminate/Database/Connection.php:841)
[stacktrace]
#0 /home/np_thinh/source/laravel-nuxt-docker/backend/vendor/laravel/framework/src/Illuminate/Database/Connection.php(797): Illuminate\\Database\\Connection->runQueryCallback()
#1 /home/np_thinh/source/laravel-nuxt-docker/backend/vendor/laravel/framework/src/Illuminate/Database/Connection.php(412): Illuminate\\Database\\Connection->run()
#2 /home/np_thinh/source/laravel-nuxt-docker/backend/vendor/laravel/framework/src/Illuminate/Database/Connection.php(357): Illuminate\\Database\\Connection->select()
#3 /home/np_thinh/source/laravel-nuxt-docker/backend/vendor/laravel/framework/src/Illuminate/Database/Connection.php(374): Illuminate\\Database\\Connection->selectOne()
#4 /home/np_thinh/source/laravel-nuxt-docker/backend/vendor/laravel/framework/src/Illuminate/Database/Schema/Builder.php(176): Illuminate\\Database\\Connection->scalar()
#5 /home/np_thinh/source/laravel-nuxt-docker/backend/vendor/laravel/framework/src/Illuminate/Database/Migrations/DatabaseMigrationRepository.php(185): Illuminate\\Database\\Schema\\Builder->hasTable()
#6 /home/np_thinh/source/laravel-nuxt-docker/backend/vendor/laravel/framework/src/Illuminate/Database/Migrations/Migrator.php(758): Illuminate\\Database\\Migrations\\DatabaseMigrationRepository->repositoryExists()
#7 /home/np_thinh/source/laravel-nuxt-docker/backend/vendor/laravel/framework/src/Illuminate/Database/Console/Migrations/MigrateCommand.php(166): Illuminate\\Database\\Migrations\\Migrator->repositoryExists()
#8 /home/np_thinh/source/laravel-nuxt-docker/backend/vendor/laravel/framework/src/Illuminate/Support/helpers.php(328): Illuminate\\Database\\Console\\Migrations\\MigrateCommand->{closure:Illuminate\\Database\\Console\\Migrations\\MigrateCommand::repositoryExists():166}()
#9 /home/np_thinh/source/laravel-nuxt-docker/backend/vendor/laravel/framework/src/Illuminate/Database/Console/Migrations/MigrateCommand.php(166): retry()
#10 /home/np_thinh/source/laravel-nuxt-docker/backend/vendor/laravel/framework/src/Illuminate/Database/Console/Migrations/MigrateCommand.php(142): Illuminate\\Database\\Console\\Migrations\\MigrateCommand->repositoryExists()
#11 /home/np_thinh/source/laravel-nuxt-docker/backend/vendor/laravel/framework/src/Illuminate/Database/Console/Migrations/MigrateCommand.php(112): Illuminate\\Database\\Console\\Migrations\\MigrateCommand->prepareDatabase()
#12 /home/np_thinh/source/laravel-nuxt-docker/backend/vendor/laravel/framework/src/Illuminate/Database/Migrations/Migrator.php(671): Illuminate\\Database\\Console\\Migrations\\MigrateCommand->{closure:Illuminate\\Database\\Console\\Migrations\\MigrateCommand::runMigrations():111}()
#13 /home/np_thinh/source/laravel-nuxt-docker/backend/vendor/laravel/framework/src/Illuminate/Database/Console/Migrations/MigrateCommand.php(111): Illuminate\\Database\\Migrations\\Migrator->usingConnection()
#14 /home/np_thinh/source/laravel-nuxt-docker/backend/vendor/laravel/framework/src/Illuminate/Database/Console/Migrations/MigrateCommand.php(90): Illuminate\\Database\\Console\\Migrations\\MigrateCommand->runMigrations()
#15 /home/np_thinh/source/laravel-nuxt-docker/backend/vendor/laravel/framework/src/Illuminate/Container/BoundMethod.php(36): Illuminate\\Database\\Console\\Migrations\\MigrateCommand->handle()
#16 /home/np_thinh/source/laravel-nuxt-docker/backend/vendor/laravel/framework/src/Illuminate/Container/Util.php(43): Illuminate\\Container\\BoundMethod::{closure:Illuminate\\Container\\BoundMethod::call():35}()
#17 /home/np_thinh/source/laravel-nuxt-docker/backend/vendor/laravel/framework/src/Illuminate/Container/BoundMethod.php(96): Illuminate\\Container\\Util::unwrapIfClosure()
#18 /home/np_thinh/source/laravel-nuxt-docker/backend/vendor/laravel/framework/src/Illuminate/Container/BoundMethod.php(35): Illuminate\\Container\\BoundMethod::callBoundMethod()
#19 /home/np_thinh/source/laravel-nuxt-docker/backend/vendor/laravel/framework/src/Illuminate/Container/Container.php(799): Illuminate\\Container\\BoundMethod::call()
#20 /home/np_thinh/source/laravel-nuxt-docker/backend/vendor/laravel/framework/src/Illuminate/Console/Command.php(280): Illuminate\\Container\\Container->call()
#21 /home/np_thinh/source/laravel-nuxt-docker/backend/vendor/symfony/console/Command/Command.php(341): Illuminate\\Console\\Command->execute()
#22 /home/np_thinh/source/laravel-nuxt-docker/backend/vendor/laravel/framework/src/Illuminate/Console/Command.php(249): Symfony\\Component\\Console\\Command\\Command->run()
#23 /home/np_thinh/source/laravel-nuxt-docker/backend/vendor/symfony/console/Application.php(1117): Illuminate\\Console\\Command->run()
#24 /home/np_thinh/source/laravel-nuxt-docker/backend/vendor/symfony/console/Application.php(356): Symfony\\Component\\Console\\Application->doRunCommand()
#25 /home/np_thinh/source/laravel-nuxt-docker/backend/vendor/symfony/console/Application.php(195): Symfony\\Component\\Console\\Application->doRun()
#26 /home/np_thinh/source/laravel-nuxt-docker/backend/vendor/laravel/framework/src/Illuminate/Foundation/Console/Kernel.php(198): Symfony\\Component\\Console\\Application->run()
#27 /home/np_thinh/source/laravel-nuxt-docker/backend/vendor/laravel/framework/src/Illuminate/Foundation/Application.php(1235): Illuminate\\Foundation\\Console\\Kernel->handle()
#28 /home/np_thinh/source/laravel-nuxt-docker/backend/artisan(16): Illuminate\\Foundation\\Application->handleCommand()
#29 {main}

[previous exception] [object] (PDOException(code: 0): could not find driver at /home/np_thinh/source/laravel-nuxt-docker/backend/vendor/laravel/framework/src/Illuminate/Database/Connectors/Connector.php:67)
[stacktrace]
#0 /home/np_thinh/source/laravel-nuxt-docker/backend/vendor/laravel/framework/src/Illuminate/Database/Connectors/Connector.php(67): PDO::connect()
#1 /home/np_thinh/source/laravel-nuxt-docker/backend/vendor/laravel/framework/src/Illuminate/Database/Connectors/Connector.php(44): Illuminate\\Database\\Connectors\\Connector->createPdoConnection()
#2 /home/np_thinh/source/laravel-nuxt-docker/backend/vendor/laravel/framework/src/Illuminate/Database/Connectors/SQLiteConnector.php(21): Illuminate\\Database\\Connectors\\Connector->createConnection()
#3 /home/np_thinh/source/laravel-nuxt-docker/backend/vendor/laravel/framework/src/Illuminate/Database/Connectors/ConnectionFactory.php(227): Illuminate\\Database\\Connectors\\SQLiteConnector->connect()
#4 [internal function]: Illuminate\\Database\\Connectors\\ConnectionFactory->{closure:Illuminate\\Database\\Connectors\\ConnectionFactory::createPdoResolverWithoutHosts():227}()
#5 /home/np_thinh/source/laravel-nuxt-docker/backend/vendor/laravel/framework/src/Illuminate/Database/Connection.php(1279): call_user_func()
#6 /home/np_thinh/source/laravel-nuxt-docker/backend/vendor/laravel/framework/src/Illuminate/Database/Connection.php(1317): Illuminate\\Database\\Connection->getPdo()
#7 /home/np_thinh/source/laravel-nuxt-docker/backend/vendor/laravel/framework/src/Illuminate/Database/Connection.php(528): Illuminate\\Database\\Connection->getReadPdo()
#8 /home/np_thinh/source/laravel-nuxt-docker/backend/vendor/laravel/framework/src/Illuminate/Database/Connection.php(421): Illuminate\\Database\\Connection->getPdoForSelect()
#9 /home/np_thinh/source/laravel-nuxt-docker/backend/vendor/laravel/framework/src/Illuminate/Database/Connection.php(830): Illuminate\\Database\\Connection->{closure:Illuminate\\Database\\Connection::select():412}()
#10 /home/np_thinh/source/laravel-nuxt-docker/backend/vendor/laravel/framework/src/Illuminate/Database/Connection.php(797): Illuminate\\Database\\Connection->runQueryCallback()
#11 /home/np_thinh/source/laravel-nuxt-docker/backend/vendor/laravel/framework/src/Illuminate/Database/Connection.php(412): Illuminate\\Database\\Connection->run()
#12 /home/np_thinh/source/laravel-nuxt-docker/backend/vendor/laravel/framework/src/Illuminate/Database/Connection.php(357): Illuminate\\Database\\Connection->select()
#13 /home/np_thinh/source/laravel-nuxt-docker/backend/vendor/laravel/framework/src/Illuminate/Database/Connection.php(374): Illuminate\\Database\\Connection->selectOne()
#14 /home/np_thinh/source/laravel-nuxt-docker/backend/vendor/laravel/framework/src/Illuminate/Database/Schema/Builder.php(176): Illuminate\\Database\\Connection->scalar()
#15 /home/np_thinh/source/laravel-nuxt-docker/backend/vendor/laravel/framework/src/Illuminate/Database/Migrations/DatabaseMigrationRepository.php(185): Illuminate\\Database\\Schema\\Builder->hasTable()
#16 /home/np_thinh/source/laravel-nuxt-docker/backend/vendor/laravel/framework/src/Illuminate/Database/Migrations/Migrator.php(758): Illuminate\\Database\\Migrations\\DatabaseMigrationRepository->repositoryExists()
#17 /home/np_thinh/source/laravel-nuxt-docker/backend/vendor/laravel/framework/src/Illuminate/Database/Console/Migrations/MigrateCommand.php(166): Illuminate\\Database\\Migrations\\Migrator->repositoryExists()
#18 /home/np_thinh/source/laravel-nuxt-docker/backend/vendor/laravel/framework/src/Illuminate/Support/helpers.php(328): Illuminate\\Database\\Console\\Migrations\\MigrateCommand->{closure:Illuminate\\Database\\Console\\Migrations\\MigrateCommand::repositoryExists():166}()
#19 /home/np_thinh/source/laravel-nuxt-docker/backend/vendor/laravel/framework/src/Illuminate/Database/Console/Migrations/MigrateCommand.php(166): retry()
#20 /home/np_thinh/source/laravel-nuxt-docker/backend/vendor/laravel/framework/src/Illuminate/Database/Console/Migrations/MigrateCommand.php(142): Illuminate\\Database\\Console\\Migrations\\MigrateCommand->repositoryExists()
#21 /home/np_thinh/source/laravel-nuxt-docker/backend/vendor/laravel/framework/src/Illuminate/Database/Console/Migrations/MigrateCommand.php(112): Illuminate\\Database\\Console\\Migrations\\MigrateCommand->prepareDatabase()
#22 /home/np_thinh/source/laravel-nuxt-docker/backend/vendor/laravel/framework/src/Illuminate/Database/Migrations/Migrator.php(671): Illuminate\\Database\\Console\\Migrations\\MigrateCommand->{closure:Illuminate\\Database\\Console\\Migrations\\MigrateCommand::runMigrations():111}()
#23 /home/np_thinh/source/laravel-nuxt-docker/backend/vendor/laravel/framework/src/Illuminate/Database/Console/Migrations/MigrateCommand.php(111): Illuminate\\Database\\Migrations\\Migrator->usingConnection()
#24 /home/np_thinh/source/laravel-nuxt-docker/backend/vendor/laravel/framework/src/Illuminate/Database/Console/Migrations/MigrateCommand.php(90): Illuminate\\Database\\Console\\Migrations\\MigrateCommand->runMigrations()
#25 /home/np_thinh/source/laravel-nuxt-docker/backend/vendor/laravel/framework/src/Illuminate/Container/BoundMethod.php(36): Illuminate\\Database\\Console\\Migrations\\MigrateCommand->handle()
#26 /home/np_thinh/source/laravel-nuxt-docker/backend/vendor/laravel/framework/src/Illuminate/Container/Util.php(43): Illuminate\\Container\\BoundMethod::{closure:Illuminate\\Container\\BoundMethod::call():35}()
#27 /home/np_thinh/source/laravel-nuxt-docker/backend/vendor/laravel/framework/src/Illuminate/Container/BoundMethod.php(96): Illuminate\\Container\\Util::unwrapIfClosure()
#28 /home/np_thinh/source/laravel-nuxt-docker/backend/vendor/laravel/framework/src/Illuminate/Container/BoundMethod.php(35): Illuminate\\Container\\BoundMethod::callBoundMethod()
#29 /home/np_thinh/source/laravel-nuxt-docker/backend/vendor/laravel/framework/src/Illuminate/Container/Container.php(799): Illuminate\\Container\\BoundMethod::call()
#30 /home/np_thinh/source/laravel-nuxt-docker/backend/vendor/laravel/framework/src/Illuminate/Console/Command.php(280): Illuminate\\Container\\Container->call()
#31 /home/np_thinh/source/laravel-nuxt-docker/backend/vendor/symfony/console/Command/Command.php(341): Illuminate\\Console\\Command->execute()
#32 /home/np_thinh/source/laravel-nuxt-docker/backend/vendor/laravel/framework/src/Illuminate/Console/Command.php(249): Symfony\\Component\\Console\\Command\\Command->run()
#33 /home/np_thinh/source/laravel-nuxt-docker/backend/vendor/symfony/console/Application.php(1117): Illuminate\\Console\\Command->run()
#34 /home/np_thinh/source/laravel-nuxt-docker/backend/vendor/symfony/console/Application.php(356): Symfony\\Component\\Console\\Application->doRunCommand()
#35 /home/np_thinh/source/laravel-nuxt-docker/backend/vendor/symfony/console/Application.php(195): Symfony\\Component\\Console\\Application->doRun()
#36 /home/np_thinh/source/laravel-nuxt-docker/backend/vendor/laravel/framework/src/Illuminate/Foundation/Console/Kernel.php(198): Symfony\\Component\\Console\\Application->run()
#37 /home/np_thinh/source/laravel-nuxt-docker/backend/vendor/laravel/framework/src/Illuminate/Foundation/Application.php(1235): Illuminate\\Foundation\\Console\\Kernel->handle()
#38 /home/np_thinh/source/laravel-nuxt-docker/backend/artisan(16): Illuminate\\Foundation\\Application->handleCommand()
#39 {main}
"} 
[2026-08-21 07:36:42] local.ERROR: SQLSTATE[HY000] [2002] Connection refused (Connection: mysql, Host: 127.0.0.1, Port: 3306, Database: laravel, SQL: select exists (select 1 from information_schema.tables where table_schema = schema() and table_name = 'migrations' and table_type in ('BASE TABLE', 'SYSTEM VERSIONED')) as `exists`) {"exception":"[object] (Illuminate\\Database\\QueryException(code: 2002): SQLSTATE[HY000] [2002] Connection refused (Connection: mysql, Host: 127.0.0.1, Port: 3306, Database: laravel, SQL: select exists (select 1 from information_schema.tables where table_schema = schema() and table_name = 'migrations' and table_type in ('BASE TABLE', 'SYSTEM VERSIONED')) as `exists`) at /home/np_thinh/source/laravel-nuxt-docker/backend/vendor/laravel/framework/src/Illuminate/Database/Connection.php:841)
[stacktrace]
#0 /home/np_thinh/source/laravel-nuxt-docker/backend/vendor/laravel/framework/src/Illuminate/Database/Connection.php(1021): Illuminate\\Database\\Connection->runQueryCallback()
#1 /home/np_thinh/source/laravel-nuxt-docker/backend/vendor/laravel/framework/src/Illuminate/Database/Connection.php(1000): Illuminate\\Database\\Connection->tryAgainIfCausedByLostConnection()
#2 /home/np_thinh/source/laravel-nuxt-docker/backend/vendor/laravel/framework/src/Illuminate/Database/Connection.php(799): Illuminate\\Database\\Connection->handleQueryException()
#3 /home/np_thinh/source/laravel-nuxt-docker/backend/vendor/laravel/framework/src/Illuminate/Database/Connection.php(412): Illuminate\\Database\\Connection->run()
#4 /home/np_thinh/source/laravel-nuxt-docker/backend/vendor/laravel/framework/src/Illuminate/Database/Connection.php(357): Illuminate\\Database\\Connection->select()
#5 /home/np_thinh/source/laravel-nuxt-docker/backend/vendor/laravel/framework/src/Illuminate/Database/Connection.php(374): Illuminate\\Database\\Connection->selectOne()
#6 /home/np_thinh/source/laravel-nuxt-docker/backend/vendor/laravel/framework/src/Illuminate/Database/Schema/Builder.php(176): Illuminate\\Database\\Connection->scalar()
#7 /home/np_thinh/source/laravel-nuxt-docker/backend/vendor/laravel/framework/src/Illuminate/Database/Migrations/DatabaseMigrationRepository.php(185): Illuminate\\Database\\Schema\\Builder->hasTable()
#8 /home/np_thinh/source/laravel-nuxt-docker/backend/vendor/laravel/framework/src/Illuminate/Database/Migrations/Migrator.php(758): Illuminate\\Database\\Migrations\\DatabaseMigrationRepository->repositoryExists()
#9 /home/np_thinh/source/laravel-nuxt-docker/backend/vendor/laravel/framework/src/Illuminate/Database/Console/Migrations/MigrateCommand.php(166): Illuminate\\Database\\Migrations\\Migrator->repositoryExists()
#10 /home/np_thinh/source/laravel-nuxt-docker/backend/vendor/laravel/framework/src/Illuminate/Support/helpers.php(328): Illuminate\\Database\\Console\\Migrations\\MigrateCommand->{closure:Illuminate\\Database\\Console\\Migrations\\MigrateCommand::repositoryExists():166}()
#11 /home/np_thinh/source/laravel-nuxt-docker/backend/vendor/laravel/framework/src/Illuminate/Database/Console/Migrations/MigrateCommand.php(166): retry()
#12 /home/np_thinh/source/laravel-nuxt-docker/backend/vendor/laravel/framework/src/Illuminate/Database/Console/Migrations/MigrateCommand.php(142): Illuminate\\Database\\Console\\Migrations\\MigrateCommand->repositoryExists()
#13 /home/np_thinh/source/laravel-nuxt-docker/backend/vendor/laravel/framework/src/Illuminate/Database/Console/Migrations/MigrateCommand.php(112): Illuminate\\Database\\Console\\Migrations\\MigrateCommand->prepareDatabase()
#14 /home/np_thinh/source/laravel-nuxt-docker/backend/vendor/laravel/framework/src/Illuminate/Database/Migrations/Migrator.php(671): Illuminate\\Database\\Console\\Migrations\\MigrateCommand->{closure:Illuminate\\Database\\Console\\Migrations\\MigrateCommand::runMigrations():111}()
#15 /home/np_thinh/source/laravel-nuxt-docker/backend/vendor/laravel/framework/src/Illuminate/Database/Console/Migrations/MigrateCommand.php(111): Illuminate\\Database\\Migrations\\Migrator->usingConnection()
#16 /home/np_thinh/source/laravel-nuxt-docker/backend/vendor/laravel/framework/src/Illuminate/Database/Console/Migrations/MigrateCommand.php(90): Illuminate\\Database\\Console\\Migrations\\MigrateCommand->runMigrations()
#17 /home/np_thinh/source/laravel-nuxt-docker/backend/vendor/laravel/framework/src/Illuminate/Container/BoundMethod.php(36): Illuminate\\Database\\Console\\Migrations\\MigrateCommand->handle()
#18 /home/np_thinh/source/laravel-nuxt-docker/backend/vendor/laravel/framework/src/Illuminate/Container/Util.php(43): Illuminate\\Container\\BoundMethod::{closure:Illuminate\\Container\\BoundMethod::call():35}()
#19 /home/np_thinh/source/laravel-nuxt-docker/backend/vendor/laravel/framework/src/Illuminate/Container/BoundMethod.php(96): Illuminate\\Container\\Util::unwrapIfClosure()
#20 /home/np_thinh/source/laravel-nuxt-docker/backend/vendor/laravel/framework/src/Illuminate/Container/BoundMethod.php(35): Illuminate\\Container\\BoundMethod::callBoundMethod()
#21 /home/np_thinh/source/laravel-nuxt-docker/backend/vendor/laravel/framework/src/Illuminate/Container/Container.php(799): Illuminate\\Container\\BoundMethod::call()
#22 /home/np_thinh/source/laravel-nuxt-docker/backend/vendor/laravel/framework/src/Illuminate/Console/Command.php(280): Illuminate\\Container\\Container->call()
#23 /home/np_thinh/source/laravel-nuxt-docker/backend/vendor/symfony/console/Command/Command.php(341): Illuminate\\Console\\Command->execute()
#24 /home/np_thinh/source/laravel-nuxt-docker/backend/vendor/laravel/framework/src/Illuminate/Console/Command.php(249): Symfony\\Component\\Console\\Command\\Command->run()
#25 /home/np_thinh/source/laravel-nuxt-docker/backend/vendor/symfony/console/Application.php(1117): Illuminate\\Console\\Command->run()
#26 /home/np_thinh/source/laravel-nuxt-docker/backend/vendor/symfony/console/Application.php(356): Symfony\\Component\\Console\\Application->doRunCommand()
#27 /home/np_thinh/source/laravel-nuxt-docker/backend/vendor/symfony/console/Application.php(195): Symfony\\Component\\Console\\Application->doRun()
#28 /home/np_thinh/source/laravel-nuxt-docker/backend/vendor/laravel/framework/src/Illuminate/Foundation/Console/Kernel.php(198): Symfony\\Component\\Console\\Application->run()
#29 /home/np_thinh/source/laravel-nuxt-docker/backend/vendor/laravel/framework/src/Illuminate/Foundation/Application.php(1235): Illuminate\\Foundation\\Console\\Kernel->handle()
#30 /home/np_thinh/source/laravel-nuxt-docker/backend/artisan(16): Illuminate\\Foundation\\Application->handleCommand()
#31 {main}

[previous exception] [object] (PDOException(code: 2002): SQLSTATE[HY000] [2002] Connection refused at /home/np_thinh/source/laravel-nuxt-docker/backend/vendor/laravel/framework/src/Illuminate/Database/Connectors/Connector.php:67)
[stacktrace]
#0 /home/np_thinh/source/laravel-nuxt-docker/backend/vendor/laravel/framework/src/Illuminate/Database/Connectors/Connector.php(67): PDO::connect()
#1 /home/np_thinh/source/laravel-nuxt-docker/backend/vendor/laravel/framework/src/Illuminate/Database/Connectors/Connector.php(85): Illuminate\\Database\\Connectors\\Connector->createPdoConnection()
#2 /home/np_thinh/source/laravel-nuxt-docker/backend/vendor/laravel/framework/src/Illuminate/Database/Connectors/Connector.php(48): Illuminate\\Database\\Connectors\\Connector->tryAgainIfCausedByLostConnection()
#3 /home/np_thinh/source/laravel-nuxt-docker/backend/vendor/laravel/framework/src/Illuminate/Database/Connectors/MySqlConnector.php(24): Illuminate\\Database\\Connectors\\Connector->createConnection()
#4 /home/np_thinh/source/laravel-nuxt-docker/backend/vendor/laravel/framework/src/Illuminate/Database/Connectors/ConnectionFactory.php(188): Illuminate\\Database\\Connectors\\MySqlConnector->connect()
#5 [internal function]: Illuminate\\Database\\Connectors\\ConnectionFactory->{closure:Illuminate\\Database\\Connectors\\ConnectionFactory::createPdoResolverWithHosts():181}()
#6 /home/np_thinh/source/laravel-nuxt-docker/backend/vendor/laravel/framework/src/Illuminate/Database/Connection.php(1279): call_user_func()
#7 /home/np_thinh/source/laravel-nuxt-docker/backend/vendor/laravel/framework/src/Illuminate/Database/Connection.php(1317): Illuminate\\Database\\Connection->getPdo()
#8 /home/np_thinh/source/laravel-nuxt-docker/backend/vendor/laravel/framework/src/Illuminate/Database/Connection.php(528): Illuminate\\Database\\Connection->getReadPdo()
#9 /home/np_thinh/source/laravel-nuxt-docker/backend/vendor/laravel/framework/src/Illuminate/Database/Connection.php(421): Illuminate\\Database\\Connection->getPdoForSelect()
#10 /home/np_thinh/source/laravel-nuxt-docker/backend/vendor/laravel/framework/src/Illuminate/Database/Connection.php(830): Illuminate\\Database\\Connection->{closure:Illuminate\\Database\\Connection::select():412}()
#11 /home/np_thinh/source/laravel-nuxt-docker/backend/vendor/laravel/framework/src/Illuminate/Database/Connection.php(1021): Illuminate\\Database\\Connection->runQueryCallback()
#12 /home/np_thinh/source/laravel-nuxt-docker/backend/vendor/laravel/framework/src/Illuminate/Database/Connection.php(1000): Illuminate\\Database\\Connection->tryAgainIfCausedByLostConnection()
#13 /home/np_thinh/source/laravel-nuxt-docker/backend/vendor/laravel/framework/src/Illuminate/Database/Connection.php(799): Illuminate\\Database\\Connection->handleQueryException()
#14 /home/np_thinh/source/laravel-nuxt-docker/backend/vendor/laravel/framework/src/Illuminate/Database/Connection.php(412): Illuminate\\Database\\Connection->run()
#15 /home/np_thinh/source/laravel-nuxt-docker/backend/vendor/laravel/framework/src/Illuminate/Database/Connection.php(357): Illuminate\\Database\\Connection->select()
#16 /home/np_thinh/source/laravel-nuxt-docker/backend/vendor/laravel/framework/src/Illuminate/Database/Connection.php(374): Illuminate\\Database\\Connection->selectOne()
#17 /home/np_thinh/source/laravel-nuxt-docker/backend/vendor/laravel/framework/src/Illuminate/Database/Schema/Builder.php(176): Illuminate\\Database\\Connection->scalar()
#18 /home/np_thinh/source/laravel-nuxt-docker/backend/vendor/laravel/framework/src/Illuminate/Database/Migrations/DatabaseMigrationRepository.php(185): Illuminate\\Database\\Schema\\Builder->hasTable()
#19 /home/np_thinh/source/laravel-nuxt-docker/backend/vendor/laravel/framework/src/Illuminate/Database/Migrations/Migrator.php(758): Illuminate\\Database\\Migrations\\DatabaseMigrationRepository->repositoryExists()
#20 /home/np_thinh/source/laravel-nuxt-docker/backend/vendor/laravel/framework/src/Illuminate/Database/Console/Migrations/MigrateCommand.php(166): Illuminate\\Database\\Migrations\\Migrator->repositoryExists()
#21 /home/np_thinh/source/laravel-nuxt-docker/backend/vendor/laravel/framework/src/Illuminate/Support/helpers.php(328): Illuminate\\Database\\Console\\Migrations\\MigrateCommand->{closure:Illuminate\\Database\\Console\\Migrations\\MigrateCommand::repositoryExists():166}()
#22 /home/np_thinh/source/laravel-nuxt-docker/backend/vendor/laravel/framework/src/Illuminate/Database/Console/Migrations/MigrateCommand.php(166): retry()
#23 /home/np_thinh/source/laravel-nuxt-docker/backend/vendor/laravel/framework/src/Illuminate/Database/Console/Migrations/MigrateCommand.php(142): Illuminate\\Database\\Console\\Migrations\\MigrateCommand->repositoryExists()
#24 /home/np_thinh/source/laravel-nuxt-docker/backend/vendor/laravel/framework/src/Illuminate/Database/Console/Migrations/MigrateCommand.php(112): Illuminate\\Database\\Console\\Migrations\\MigrateCommand->prepareDatabase()
#25 /home/np_thinh/source/laravel-nuxt-docker/backend/vendor/laravel/framework/src/Illuminate/Database/Migrations/Migrator.php(671): Illuminate\\Database\\Console\\Migrations\\MigrateCommand->{closure:Illuminate\\Database\\Console\\Migrations\\MigrateCommand::runMigrations():111}()
#26 /home/np_thinh/source/laravel-nuxt-docker/backend/vendor/laravel/framework/src/Illuminate/Database/Console/Migrations/MigrateCommand.php(111): Illuminate\\Database\\Migrations\\Migrator->usingConnection()
#27 /home/np_thinh/source/laravel-nuxt-docker/backend/vendor/laravel/framework/src/Illuminate/Database/Console/Migrations/MigrateCommand.php(90): Illuminate\\Database\\Console\\Migrations\\MigrateCommand->runMigrations()
#28 /home/np_thinh/source/laravel-nuxt-docker/backend/vendor/laravel/framework/src/Illuminate/Container/BoundMethod.php(36): Illuminate\\Database\\Console\\Migrations\\MigrateCommand->handle()
#29 /home/np_thinh/source/laravel-nuxt-docker/backend/vendor/laravel/framework/src/Illuminate/Container/Util.php(43): Illuminate\\Container\\BoundMethod::{closure:Illuminate\\Container\\BoundMethod::call():35}()
#30 /home/np_thinh/source/laravel-nuxt-docker/backend/vendor/laravel/framework/src/Illuminate/Container/BoundMethod.php(96): Illuminate\\Container\\Util::unwrapIfClosure()
#31 /home/np_thinh/source/laravel-nuxt-docker/backend/vendor/laravel/framework/src/Illuminate/Container/BoundMethod.php(35): Illuminate\\Container\\BoundMethod::callBoundMethod()
#32 /home/np_thinh/source/laravel-nuxt-docker/backend/vendor/laravel/framework/src/Illuminate/Container/Container.php(799): Illuminate\\Container\\BoundMethod::call()
#33 /home/np_thinh/source/laravel-nuxt-docker/backend/vendor/laravel/framework/src/Illuminate/Console/Command.php(280): Illuminate\\Container\\Container->call()
#34 /home/np_thinh/source/laravel-nuxt-docker/backend/vendor/symfony/console/Command/Command.php(341): Illuminate\\Console\\Command->execute()
#35 /home/np_thinh/source/laravel-nuxt-docker/backend/vendor/laravel/framework/src/Illuminate/Console/Command.php(249): Symfony\\Component\\Console\\Command\\Command->run()
#36 /home/np_thinh/source/laravel-nuxt-docker/backend/vendor/symfony/console/Application.php(1117): Illuminate\\Console\\Command->run()
#37 /home/np_thinh/source/laravel-nuxt-docker/backend/vendor/symfony/console/Application.php(356): Symfony\\Component\\Console\\Application->doRunCommand()
#38 /home/np_thinh/source/laravel-nuxt-docker/backend/vendor/symfony/console/Application.php(195): Symfony\\Component\\Console\\Application->doRun()
#39 /home/np_thinh/source/laravel-nuxt-docker/backend/vendor/laravel/framework/src/Illuminate/Foundation/Console/Kernel.php(198): Symfony\\Component\\Console\\Application->run()
#40 /home/np_thinh/source/laravel-nuxt-docker/backend/vendor/laravel/framework/src/Illuminate/Foundation/Application.php(1235): Illuminate\\Foundation\\Console\\Kernel->handle()
#41 /home/np_thinh/source/laravel-nuxt-docker/backend/artisan(16): Illuminate\\Foundation\\Application->handleCommand()
#42 {main}
"} 
[2026-08-21 07:38:15] local.ERROR: SQLSTATE[HY000] [2002] php_network_getaddresses: getaddrinfo for mysql failed: Temporary failure in name resolution (Connection: mysql, Host: mysql, Port: 3306, Database: app, SQL: select exists (select 1 from information_schema.tables where table_schema = schema() and table_name = 'migrations' and table_type in ('BASE TABLE', 'SYSTEM VERSIONED')) as `exists`) {"exception":"[object] (Illuminate\\Database\\QueryException(code: 2002): SQLSTATE[HY000] [2002] php_network_getaddresses: getaddrinfo for mysql failed: Temporary failure in name resolution (Connection: mysql, Host: mysql, Port: 3306, Database: app, SQL: select exists (select 1 from information_schema.tables where table_schema = schema() and table_name = 'migrations' and table_type in ('BASE TABLE', 'SYSTEM VERSIONED')) as `exists`) at /home/np_thinh/source/laravel-nuxt-docker/backend/vendor/laravel/framework/src/Illuminate/Database/Connection.php:841)
[stacktrace]
#0 /home/np_thinh/source/laravel-nuxt-docker/backend/vendor/laravel/framework/src/Illuminate/Database/Connection.php(1021): Illuminate\\Database\\Connection->runQueryCallback()
#1 /home/np_thinh/source/laravel-nuxt-docker/backend/vendor/laravel/framework/src/Illuminate/Database/Connection.php(1000): Illuminate\\Database\\Connection->tryAgainIfCausedByLostConnection()
#2 /home/np_thinh/source/laravel-nuxt-docker/backend/vendor/laravel/framework/src/Illuminate/Database/Connection.php(799): Illuminate\\Database\\Connection->handleQueryException()
#3 /home/np_thinh/source/laravel-nuxt-docker/backend/vendor/laravel/framework/src/Illuminate/Database/Connection.php(412): Illuminate\\Database\\Connection->run()
#4 /home/np_thinh/source/laravel-nuxt-docker/backend/vendor/laravel/framework/src/Illuminate/Database/Connection.php(357): Illuminate\\Database\\Connection->select()
#5 /home/np_thinh/source/laravel-nuxt-docker/backend/vendor/laravel/framework/src/Illuminate/Database/Connection.php(374): Illuminate\\Database\\Connection->selectOne()
#6 /home/np_thinh/source/laravel-nuxt-docker/backend/vendor/laravel/framework/src/Illuminate/Database/Schema/Builder.php(176): Illuminate\\Database\\Connection->scalar()
#7 /home/np_thinh/source/laravel-nuxt-docker/backend/vendor/laravel/framework/src/Illuminate/Database/Migrations/DatabaseMigrationRepository.php(185): Illuminate\\Database\\Schema\\Builder->hasTable()
#8 /home/np_thinh/source/laravel-nuxt-docker/backend/vendor/laravel/framework/src/Illuminate/Database/Migrations/Migrator.php(758): Illuminate\\Database\\Migrations\\DatabaseMigrationRepository->repositoryExists()
#9 /home/np_thinh/source/laravel-nuxt-docker/backend/vendor/laravel/framework/src/Illuminate/Database/Console/Migrations/MigrateCommand.php(166): Illuminate\\Database\\Migrations\\Migrator->repositoryExists()
#10 /home/np_thinh/source/laravel-nuxt-docker/backend/vendor/laravel/framework/src/Illuminate/Support/helpers.php(328): Illuminate\\Database\\Console\\Migrations\\MigrateCommand->{closure:Illuminate\\Database\\Console\\Migrations\\MigrateCommand::repositoryExists():166}()
#11 /home/np_thinh/source/laravel-nuxt-docker/backend/vendor/laravel/framework/src/Illuminate/Database/Console/Migrations/MigrateCommand.php(166): retry()
#12 /home/np_thinh/source/laravel-nuxt-docker/backend/vendor/laravel/framework/src/Illuminate/Database/Console/Migrations/MigrateCommand.php(142): Illuminate\\Database\\Console\\Migrations\\MigrateCommand->repositoryExists()
#13 /home/np_thinh/source/laravel-nuxt-docker/backend/vendor/laravel/framework/src/Illuminate/Database/Console/Migrations/MigrateCommand.php(112): Illuminate\\Database\\Console\\Migrations\\MigrateCommand->prepareDatabase()
#14 /home/np_thinh/source/laravel-nuxt-docker/backend/vendor/laravel/framework/src/Illuminate/Database/Migrations/Migrator.php(671): Illuminate\\Database\\Console\\Migrations\\MigrateCommand->{closure:Illuminate\\Database\\Console\\Migrations\\MigrateCommand::runMigrations():111}()
#15 /home/np_thinh/source/laravel-nuxt-docker/backend/vendor/laravel/framework/src/Illuminate/Database/Console/Migrations/MigrateCommand.php(111): Illuminate\\Database\\Migrations\\Migrator->usingConnection()
#16 /home/np_thinh/source/laravel-nuxt-docker/backend/vendor/laravel/framework/src/Illuminate/Database/Console/Migrations/MigrateCommand.php(90): Illuminate\\Database\\Console\\Migrations\\MigrateCommand->runMigrations()
#17 /home/np_thinh/source/laravel-nuxt-docker/backend/vendor/laravel/framework/src/Illuminate/Container/BoundMethod.php(36): Illuminate\\Database\\Console\\Migrations\\MigrateCommand->handle()
#18 /home/np_thinh/source/laravel-nuxt-docker/backend/vendor/laravel/framework/src/Illuminate/Container/Util.php(43): Illuminate\\Container\\BoundMethod::{closure:Illuminate\\Container\\BoundMethod::call():35}()
#19 /home/np_thinh/source/laravel-nuxt-docker/backend/vendor/laravel/framework/src/Illuminate/Container/BoundMethod.php(96): Illuminate\\Container\\Util::unwrapIfClosure()
#20 /home/np_thinh/source/laravel-nuxt-docker/backend/vendor/laravel/framework/src/Illuminate/Container/BoundMethod.php(35): Illuminate\\Container\\BoundMethod::callBoundMethod()
#21 /home/np_thinh/source/laravel-nuxt-docker/backend/vendor/laravel/framework/src/Illuminate/Container/Container.php(799): Illuminate\\Container\\BoundMethod::call()
#22 /home/np_thinh/source/laravel-nuxt-docker/backend/vendor/laravel/framework/src/Illuminate/Console/Command.php(280): Illuminate\\Container\\Container->call()
#23 /home/np_thinh/source/laravel-nuxt-docker/backend/vendor/symfony/console/Command/Command.php(341): Illuminate\\Console\\Command->execute()
#24 /home/np_thinh/source/laravel-nuxt-docker/backend/vendor/laravel/framework/src/Illuminate/Console/Command.php(249): Symfony\\Component\\Console\\Command\\Command->run()
#25 /home/np_thinh/source/laravel-nuxt-docker/backend/vendor/symfony/console/Application.php(1117): Illuminate\\Console\\Command->run()
#26 /home/np_thinh/source/laravel-nuxt-docker/backend/vendor/symfony/console/Application.php(356): Symfony\\Component\\Console\\Application->doRunCommand()
#27 /home/np_thinh/source/laravel-nuxt-docker/backend/vendor/symfony/console/Application.php(195): Symfony\\Component\\Console\\Application->doRun()
#28 /home/np_thinh/source/laravel-nuxt-docker/backend/vendor/laravel/framework/src/Illuminate/Foundation/Console/Kernel.php(198): Symfony\\Component\\Console\\Application->run()
#29 /home/np_thinh/source/laravel-nuxt-docker/backend/vendor/laravel/framework/src/Illuminate/Foundation/Application.php(1235): Illuminate\\Foundation\\Console\\Kernel->handle()
#30 /home/np_thinh/source/laravel-nuxt-docker/backend/artisan(16): Illuminate\\Foundation\\Application->handleCommand()
#31 {main}

[previous exception] [object] (PDOException(code: 2002): SQLSTATE[HY000] [2002] php_network_getaddresses: getaddrinfo for mysql failed: Temporary failure in name resolution at /home/np_thinh/source/laravel-nuxt-docker/backend/vendor/laravel/framework/src/Illuminate/Database/Connectors/Connector.php:67)
[stacktrace]
#0 /home/np_thinh/source/laravel-nuxt-docker/backend/vendor/laravel/framework/src/Illuminate/Database/Connectors/Connector.php(67): PDO::connect()
#1 /home/np_thinh/source/laravel-nuxt-docker/backend/vendor/laravel/framework/src/Illuminate/Database/Connectors/Connector.php(85): Illuminate\\Database\\Connectors\\Connector->createPdoConnection()
#2 /home/np_thinh/source/laravel-nuxt-docker/backend/vendor/laravel/framework/src/Illuminate/Database/Connectors/Connector.php(48): Illuminate\\Database\\Connectors\\Connector->tryAgainIfCausedByLostConnection()
#3 /home/np_thinh/source/laravel-nuxt-docker/backend/vendor/laravel/framework/src/Illuminate/Database/Connectors/MySqlConnector.php(24): Illuminate\\Database\\Connectors\\Connector->createConnection()
#4 /home/np_thinh/source/laravel-nuxt-docker/backend/vendor/laravel/framework/src/Illuminate/Database/Connectors/ConnectionFactory.php(188): Illuminate\\Database\\Connectors\\MySqlConnector->connect()
#5 [internal function]: Illuminate\\Database\\Connectors\\ConnectionFactory->{closure:Illuminate\\Database\\Connectors\\ConnectionFactory::createPdoResolverWithHosts():181}()
#6 /home/np_thinh/source/laravel-nuxt-docker/backend/vendor/laravel/framework/src/Illuminate/Database/Connection.php(1279): call_user_func()
#7 /home/np_thinh/source/laravel-nuxt-docker/backend/vendor/laravel/framework/src/Illuminate/Database/Connection.php(1317): Illuminate\\Database\\Connection->getPdo()
#8 /home/np_thinh/source/laravel-nuxt-docker/backend/vendor/laravel/framework/src/Illuminate/Database/Connection.php(528): Illuminate\\Database\\Connection->getReadPdo()
#9 /home/np_thinh/source/laravel-nuxt-docker/backend/vendor/laravel/framework/src/Illuminate/Database/Connection.php(421): Illuminate\\Database\\Connection->getPdoForSelect()
#10 /home/np_thinh/source/laravel-nuxt-docker/backend/vendor/laravel/framework/src/Illuminate/Database/Connection.php(830): Illuminate\\Database\\Connection->{closure:Illuminate\\Database\\Connection::select():412}()
#11 /home/np_thinh/source/laravel-nuxt-docker/backend/vendor/laravel/framework/src/Illuminate/Database/Connection.php(1021): Illuminate\\Database\\Connection->runQueryCallback()
#12 /home/np_thinh/source/laravel-nuxt-docker/backend/vendor/laravel/framework/src/Illuminate/Database/Connection.php(1000): Illuminate\\Database\\Connection->tryAgainIfCausedByLostConnection()
#13 /home/np_thinh/source/laravel-nuxt-docker/backend/vendor/laravel/framework/src/Illuminate/Database/Connection.php(799): Illuminate\\Database\\Connection->handleQueryException()
#14 /home/np_thinh/source/laravel-nuxt-docker/backend/vendor/laravel/framework/src/Illuminate/Database/Connection.php(412): Illuminate\\Database\\Connection->run()
#15 /home/np_thinh/source/laravel-nuxt-docker/backend/vendor/laravel/framework/src/Illuminate/Database/Connection.php(357): Illuminate\\Database\\Connection->select()
#16 /home/np_thinh/source/laravel-nuxt-docker/backend/vendor/laravel/framework/src/Illuminate/Database/Connection.php(374): Illuminate\\Database\\Connection->selectOne()
#17 /home/np_thinh/source/laravel-nuxt-docker/backend/vendor/laravel/framework/src/Illuminate/Database/Schema/Builder.php(176): Illuminate\\Database\\Connection->scalar()
#18 /home/np_thinh/source/laravel-nuxt-docker/backend/vendor/laravel/framework/src/Illuminate/Database/Migrations/DatabaseMigrationRepository.php(185): Illuminate\\Database\\Schema\\Builder->hasTable()
#19 /home/np_thinh/source/laravel-nuxt-docker/backend/vendor/laravel/framework/src/Illuminate/Database/Migrations/Migrator.php(758): Illuminate\\Database\\Migrations\\DatabaseMigrationRepository->repositoryExists()
#20 /home/np_thinh/source/laravel-nuxt-docker/backend/vendor/laravel/framework/src/Illuminate/Database/Console/Migrations/MigrateCommand.php(166): Illuminate\\Database\\Migrations\\Migrator->repositoryExists()
#21 /home/np_thinh/source/laravel-nuxt-docker/backend/vendor/laravel/framework/src/Illuminate/Support/helpers.php(328): Illuminate\\Database\\Console\\Migrations\\MigrateCommand->{closure:Illuminate\\Database\\Console\\Migrations\\MigrateCommand::repositoryExists():166}()
#22 /home/np_thinh/source/laravel-nuxt-docker/backend/vendor/laravel/framework/src/Illuminate/Database/Console/Migrations/MigrateCommand.php(166): retry()
#23 /home/np_thinh/source/laravel-nuxt-docker/backend/vendor/laravel/framework/src/Illuminate/Database/Console/Migrations/MigrateCommand.php(142): Illuminate\\Database\\Console\\Migrations\\MigrateCommand->repositoryExists()
#24 /home/np_thinh/source/laravel-nuxt-docker/backend/vendor/laravel/framework/src/Illuminate/Database/Console/Migrations/MigrateCommand.php(112): Illuminate\\Database\\Console\\Migrations\\MigrateCommand->prepareDatabase()
#25 /home/np_thinh/source/laravel-nuxt-docker/backend/vendor/laravel/framework/src/Illuminate/Database/Migrations/Migrator.php(671): Illuminate\\Database\\Console\\Migrations\\MigrateCommand->{closure:Illuminate\\Database\\Console\\Migrations\\MigrateCommand::runMigrations():111}()
#26 /home/np_thinh/source/laravel-nuxt-docker/backend/vendor/laravel/framework/src/Illuminate/Database/Console/Migrations/MigrateCommand.php(111): Illuminate\\Database\\Migrations\\Migrator->usingConnection()
#27 /home/np_thinh/source/laravel-nuxt-docker/backend/vendor/laravel/framework/src/Illuminate/Database/Console/Migrations/MigrateCommand.php(90): Illuminate\\Database\\Console\\Migrations\\MigrateCommand->runMigrations()
#28 /home/np_thinh/source/laravel-nuxt-docker/backend/vendor/laravel/framework/src/Illuminate/Container/BoundMethod.php(36): Illuminate\\Database\\Console\\Migrations\\MigrateCommand->handle()
#29 /home/np_thinh/source/laravel-nuxt-docker/backend/vendor/laravel/framework/src/Illuminate/Container/Util.php(43): Illuminate\\Container\\BoundMethod::{closure:Illuminate\\Container\\BoundMethod::call():35}()
#30 /home/np_thinh/source/laravel-nuxt-docker/backend/vendor/laravel/framework/src/Illuminate/Container/BoundMethod.php(96): Illuminate\\Container\\Util::unwrapIfClosure()
#31 /home/np_thinh/source/laravel-nuxt-docker/backend/vendor/laravel/framework/src/Illuminate/Container/BoundMethod.php(35): Illuminate\\Container\\BoundMethod::callBoundMethod()
#32 /home/np_thinh/source/laravel-nuxt-docker/backend/vendor/laravel/framework/src/Illuminate/Container/Container.php(799): Illuminate\\Container\\BoundMethod::call()
#33 /home/np_thinh/source/laravel-nuxt-docker/backend/vendor/laravel/framework/src/Illuminate/Console/Command.php(280): Illuminate\\Container\\Container->call()
#34 /home/np_thinh/source/laravel-nuxt-docker/backend/vendor/symfony/console/Command/Command.php(341): Illuminate\\Console\\Command->execute()
#35 /home/np_thinh/source/laravel-nuxt-docker/backend/vendor/laravel/framework/src/Illuminate/Console/Command.php(249): Symfony\\Component\\Console\\Command\\Command->run()
#36 /home/np_thinh/source/laravel-nuxt-docker/backend/vendor/symfony/console/Application.php(1117): Illuminate\\Console\\Command->run()
#37 /home/np_thinh/source/laravel-nuxt-docker/backend/vendor/symfony/console/Application.php(356): Symfony\\Component\\Console\\Application->doRunCommand()
#38 /home/np_thinh/source/laravel-nuxt-docker/backend/vendor/symfony/console/Application.php(195): Symfony\\Component\\Console\\Application->doRun()
#39 /home/np_thinh/source/laravel-nuxt-docker/backend/vendor/laravel/framework/src/Illuminate/Foundation/Console/Kernel.php(198): Symfony\\Component\\Console\\Application->run()
#40 /home/np_thinh/source/laravel-nuxt-docker/backend/vendor/laravel/framework/src/Illuminate/Foundation/Application.php(1235): Illuminate\\Foundation\\Console\\Kernel->handle()
#41 /home/np_thinh/source/laravel-nuxt-docker/backend/artisan(16): Illuminate\\Foundation\\Application->handleCommand()
#42 {main}

[previous exception] [object] (PDOException(code: 0): PDO::connect(): php_network_getaddresses: getaddrinfo for mysql failed: Temporary failure in name resolution at /home/np_thinh/source/laravel-nuxt-docker/backend/vendor/laravel/framework/src/Illuminate/Database/Connectors/Connector.php:67)
[stacktrace]
#0 /home/np_thinh/source/laravel-nuxt-docker/backend/vendor/laravel/framework/src/Illuminate/Database/Connectors/Connector.php(67): PDO::connect()
#1 /home/np_thinh/source/laravel-nuxt-docker/backend/vendor/laravel/framework/src/Illuminate/Database/Connectors/Connector.php(85): Illuminate\\Database\\Connectors\\Connector->createPdoConnection()
#2 /home/np_thinh/source/laravel-nuxt-docker/backend/vendor/laravel/framework/src/Illuminate/Database/Connectors/Connector.php(48): Illuminate\\Database\\Connectors\\Connector->tryAgainIfCausedByLostConnection()
#3 /home/np_thinh/source/laravel-nuxt-docker/backend/vendor/laravel/framework/src/Illuminate/Database/Connectors/MySqlConnector.php(24): Illuminate\\Database\\Connectors\\Connector->createConnection()
#4 /home/np_thinh/source/laravel-nuxt-docker/backend/vendor/laravel/framework/src/Illuminate/Database/Connectors/ConnectionFactory.php(188): Illuminate\\Database\\Connectors\\MySqlConnector->connect()
#5 [internal function]: Illuminate\\Database\\Connectors\\ConnectionFactory->{closure:Illuminate\\Database\\Connectors\\ConnectionFactory::createPdoResolverWithHosts():181}()
#6 /home/np_thinh/source/laravel-nuxt-docker/backend/vendor/laravel/framework/src/Illuminate/Database/Connection.php(1279): call_user_func()
#7 /home/np_thinh/source/laravel-nuxt-docker/backend/vendor/laravel/framework/src/Illuminate/Database/Connection.php(1317): Illuminate\\Database\\Connection->getPdo()
#8 /home/np_thinh/source/laravel-nuxt-docker/backend/vendor/laravel/framework/src/Illuminate/Database/Connection.php(528): Illuminate\\Database\\Connection->getReadPdo()
#9 /home/np_thinh/source/laravel-nuxt-docker/backend/vendor/laravel/framework/src/Illuminate/Database/Connection.php(421): Illuminate\\Database\\Connection->getPdoForSelect()
#10 /home/np_thinh/source/laravel-nuxt-docker/backend/vendor/laravel/framework/src/Illuminate/Database/Connection.php(830): Illuminate\\Database\\Connection->{closure:Illuminate\\Database\\Connection::select():412}()
#11 /home/np_thinh/source/laravel-nuxt-docker/backend/vendor/laravel/framework/src/Illuminate/Database/Connection.php(1021): Illuminate\\Database\\Connection->runQueryCallback()
#12 /home/np_thinh/source/laravel-nuxt-docker/backend/vendor/laravel/framework/src/Illuminate/Database/Connection.php(1000): Illuminate\\Database\\Connection->tryAgainIfCausedByLostConnection()
#13 /home/np_thinh/source/laravel-nuxt-docker/backend/vendor/laravel/framework/src/Illuminate/Database/Connection.php(799): Illuminate\\Database\\Connection->handleQueryException()
#14 /home/np_thinh/source/laravel-nuxt-docker/backend/vendor/laravel/framework/src/Illuminate/Database/Connection.php(412): Illuminate\\Database\\Connection->run()
#15 /home/np_thinh/source/laravel-nuxt-docker/backend/vendor/laravel/framework/src/Illuminate/Database/Connection.php(357): Illuminate\\Database\\Connection->select()
#16 /home/np_thinh/source/laravel-nuxt-docker/backend/vendor/laravel/framework/src/Illuminate/Database/Connection.php(374): Illuminate\\Database\\Connection->selectOne()
#17 /home/np_thinh/source/laravel-nuxt-docker/backend/vendor/laravel/framework/src/Illuminate/Database/Schema/Builder.php(176): Illuminate\\Database\\Connection->scalar()
#18 /home/np_thinh/source/laravel-nuxt-docker/backend/vendor/laravel/framework/src/Illuminate/Database/Migrations/DatabaseMigrationRepository.php(185): Illuminate\\Database\\Schema\\Builder->hasTable()
#19 /home/np_thinh/source/laravel-nuxt-docker/backend/vendor/laravel/framework/src/Illuminate/Database/Migrations/Migrator.php(758): Illuminate\\Database\\Migrations\\DatabaseMigrationRepository->repositoryExists()
#20 /home/np_thinh/source/laravel-nuxt-docker/backend/vendor/laravel/framework/src/Illuminate/Database/Console/Migrations/MigrateCommand.php(166): Illuminate\\Database\\Migrations\\Migrator->repositoryExists()
#21 /home/np_thinh/source/laravel-nuxt-docker/backend/vendor/laravel/framework/src/Illuminate/Support/helpers.php(328): Illuminate\\Database\\Console\\Migrations\\MigrateCommand->{closure:Illuminate\\Database\\Console\\Migrations\\MigrateCommand::repositoryExists():166}()
#22 /home/np_thinh/source/laravel-nuxt-docker/backend/vendor/laravel/framework/src/Illuminate/Database/Console/Migrations/MigrateCommand.php(166): retry()
#23 /home/np_thinh/source/laravel-nuxt-docker/backend/vendor/laravel/framework/src/Illuminate/Database/Console/Migrations/MigrateCommand.php(142): Illuminate\\Database\\Console\\Migrations\\MigrateCommand->repositoryExists()
#24 /home/np_thinh/source/laravel-nuxt-docker/backend/vendor/laravel/framework/src/Illuminate/Database/Console/Migrations/MigrateCommand.php(112): Illuminate\\Database\\Console\\Migrations\\MigrateCommand->prepareDatabase()
#25 /home/np_thinh/source/laravel-nuxt-docker/backend/vendor/laravel/framework/src/Illuminate/Database/Migrations/Migrator.php(671): Illuminate\\Database\\Console\\Migrations\\MigrateCommand->{closure:Illuminate\\Database\\Console\\Migrations\\MigrateCommand::runMigrations():111}()
#26 /home/np_thinh/source/laravel-nuxt-docker/backend/vendor/laravel/framework/src/Illuminate/Database/Console/Migrations/MigrateCommand.php(111): Illuminate\\Database\\Migrations\\Migrator->usingConnection()
#27 /home/np_thinh/source/laravel-nuxt-docker/backend/vendor/laravel/framework/src/Illuminate/Database/Console/Migrations/MigrateCommand.php(90): Illuminate\\Database\\Console\\Migrations\\MigrateCommand->runMigrations()
#28 /home/np_thinh/source/laravel-nuxt-docker/backend/vendor/laravel/framework/src/Illuminate/Container/BoundMethod.php(36): Illuminate\\Database\\Console\\Migrations\\MigrateCommand->handle()
#29 /home/np_thinh/source/laravel-nuxt-docker/backend/vendor/laravel/framework/src/Illuminate/Container/Util.php(43): Illuminate\\Container\\BoundMethod::{closure:Illuminate\\Container\\BoundMethod::call():35}()
#30 /home/np_thinh/source/laravel-nuxt-docker/backend/vendor/laravel/framework/src/Illuminate/Container/BoundMethod.php(96): Illuminate\\Container\\Util::unwrapIfClosure()
#31 /home/np_thinh/source/laravel-nuxt-docker/backend/vendor/laravel/framework/src/Illuminate/Container/BoundMethod.php(35): Illuminate\\Container\\BoundMethod::callBoundMethod()
#32 /home/np_thinh/source/laravel-nuxt-docker/backend/vendor/laravel/framework/src/Illuminate/Container/Container.php(799): Illuminate\\Container\\BoundMethod::call()
#33 /home/np_thinh/source/laravel-nuxt-docker/backend/vendor/laravel/framework/src/Illuminate/Console/Command.php(280): Illuminate\\Container\\Container->call()
#34 /home/np_thinh/source/laravel-nuxt-docker/backend/vendor/symfony/console/Command/Command.php(341): Illuminate\\Console\\Command->execute()
#35 /home/np_thinh/source/laravel-nuxt-docker/backend/vendor/laravel/framework/src/Illuminate/Console/Command.php(249): Symfony\\Component\\Console\\Command\\Command->run()
#36 /home/np_thinh/source/laravel-nuxt-docker/backend/vendor/symfony/console/Application.php(1117): Illuminate\\Console\\Command->run()
#37 /home/np_thinh/source/laravel-nuxt-docker/backend/vendor/symfony/console/Application.php(356): Symfony\\Component\\Console\\Application->doRunCommand()
#38 /home/np_thinh/source/laravel-nuxt-docker/backend/vendor/symfony/console/Application.php(195): Symfony\\Component\\Console\\Application->doRun()
#39 /home/np_thinh/source/laravel-nuxt-docker/backend/vendor/laravel/framework/src/Illuminate/Foundation/Console/Kernel.php(198): Symfony\\Component\\Console\\Application->run()
#40 /home/np_thinh/source/laravel-nuxt-docker/backend/vendor/laravel/framework/src/Illuminate/Foundation/Application.php(1235): Illuminate\\Foundation\\Console\\Kernel->handle()
#41 /home/np_thinh/source/laravel-nuxt-docker/backend/artisan(16): Illuminate\\Foundation\\Application->handleCommand()
#42 {main}
"} 
[2026-08-21 07:42:46] local.ERROR: SQLSTATE[HY000] [2002] php_network_getaddresses: getaddrinfo for mysql failed: Temporary failure in name resolution (Connection: mysql, Host: mysql, Port: 3312, Database: laravel_nuxt, SQL: select exists (select 1 from information_schema.tables where table_schema = schema() and table_name = 'migrations' and table_type in ('BASE TABLE', 'SYSTEM VERSIONED')) as `exists`) {"exception":"[object] (Illuminate\\Database\\QueryException(code: 2002): SQLSTATE[HY000] [2002] php_network_getaddresses: getaddrinfo for mysql failed: Temporary failure in name resolution (Connection: mysql, Host: mysql, Port: 3312, Database: laravel_nuxt, SQL: select exists (select 1 from information_schema.tables where table_schema = schema() and table_name = 'migrations' and table_type in ('BASE TABLE', 'SYSTEM VERSIONED')) as `exists`) at /home/np_thinh/source/laravel-nuxt-docker/backend/vendor/laravel/framework/src/Illuminate/Database/Connection.php:841)
[stacktrace]
#0 /home/np_thinh/source/laravel-nuxt-docker/backend/vendor/laravel/framework/src/Illuminate/Database/Connection.php(1021): Illuminate\\Database\\Connection->runQueryCallback()
#1 /home/np_thinh/source/laravel-nuxt-docker/backend/vendor/laravel/framework/src/Illuminate/Database/Connection.php(1000): Illuminate\\Database\\Connection->tryAgainIfCausedByLostConnection()
#2 /home/np_thinh/source/laravel-nuxt-docker/backend/vendor/laravel/framework/src/Illuminate/Database/Connection.php(799): Illuminate\\Database\\Connection->handleQueryException()
#3 /home/np_thinh/source/laravel-nuxt-docker/backend/vendor/laravel/framework/src/Illuminate/Database/Connection.php(412): Illuminate\\Database\\Connection->run()
#4 /home/np_thinh/source/laravel-nuxt-docker/backend/vendor/laravel/framework/src/Illuminate/Database/Connection.php(357): Illuminate\\Database\\Connection->select()
#5 /home/np_thinh/source/laravel-nuxt-docker/backend/vendor/laravel/framework/src/Illuminate/Database/Connection.php(374): Illuminate\\Database\\Connection->selectOne()
#6 /home/np_thinh/source/laravel-nuxt-docker/backend/vendor/laravel/framework/src/Illuminate/Database/Schema/Builder.php(176): Illuminate\\Database\\Connection->scalar()
#7 /home/np_thinh/source/laravel-nuxt-docker/backend/vendor/laravel/framework/src/Illuminate/Database/Migrations/DatabaseMigrationRepository.php(185): Illuminate\\Database\\Schema\\Builder->hasTable()
#8 /home/np_thinh/source/laravel-nuxt-docker/backend/vendor/laravel/framework/src/Illuminate/Database/Migrations/Migrator.php(758): Illuminate\\Database\\Migrations\\DatabaseMigrationRepository->repositoryExists()
#9 /home/np_thinh/source/laravel-nuxt-docker/backend/vendor/laravel/framework/src/Illuminate/Database/Console/Migrations/MigrateCommand.php(166): Illuminate\\Database\\Migrations\\Migrator->repositoryExists()
#10 /home/np_thinh/source/laravel-nuxt-docker/backend/vendor/laravel/framework/src/Illuminate/Support/helpers.php(328): Illuminate\\Database\\Console\\Migrations\\MigrateCommand->{closure:Illuminate\\Database\\Console\\Migrations\\MigrateCommand::repositoryExists():166}()
#11 /home/np_thinh/source/laravel-nuxt-docker/backend/vendor/laravel/framework/src/Illuminate/Database/Console/Migrations/MigrateCommand.php(166): retry()
#12 /home/np_thinh/source/laravel-nuxt-docker/backend/vendor/laravel/framework/src/Illuminate/Database/Console/Migrations/MigrateCommand.php(142): Illuminate\\Database\\Console\\Migrations\\MigrateCommand->repositoryExists()
#13 /home/np_thinh/source/laravel-nuxt-docker/backend/vendor/laravel/framework/src/Illuminate/Database/Console/Migrations/MigrateCommand.php(112): Illuminate\\Database\\Console\\Migrations\\MigrateCommand->prepareDatabase()
#14 /home/np_thinh/source/laravel-nuxt-docker/backend/vendor/laravel/framework/src/Illuminate/Database/Migrations/Migrator.php(671): Illuminate\\Database\\Console\\Migrations\\MigrateCommand->{closure:Illuminate\\Database\\Console\\Migrations\\MigrateCommand::runMigrations():111}()
#15 /home/np_thinh/source/laravel-nuxt-docker/backend/vendor/laravel/framework/src/Illuminate/Database/Console/Migrations/MigrateCommand.php(111): Illuminate\\Database\\Migrations\\Migrator->usingConnection()
#16 /home/np_thinh/source/laravel-nuxt-docker/backend/vendor/laravel/framework/src/Illuminate/Database/Console/Migrations/MigrateCommand.php(90): Illuminate\\Database\\Console\\Migrations\\MigrateCommand->runMigrations()
#17 /home/np_thinh/source/laravel-nuxt-docker/backend/vendor/laravel/framework/src/Illuminate/Container/BoundMethod.php(36): Illuminate\\Database\\Console\\Migrations\\MigrateCommand->handle()
#18 /home/np_thinh/source/laravel-nuxt-docker/backend/vendor/laravel/framework/src/Illuminate/Container/Util.php(43): Illuminate\\Container\\BoundMethod::{closure:Illuminate\\Container\\BoundMethod::call():35}()
#19 /home/np_thinh/source/laravel-nuxt-docker/backend/vendor/laravel/framework/src/Illuminate/Container/BoundMethod.php(96): Illuminate\\Container\\Util::unwrapIfClosure()
#20 /home/np_thinh/source/laravel-nuxt-docker/backend/vendor/laravel/framework/src/Illuminate/Container/BoundMethod.php(35): Illuminate\\Container\\BoundMethod::callBoundMethod()
#21 /home/np_thinh/source/laravel-nuxt-docker/backend/vendor/laravel/framework/src/Illuminate/Container/Container.php(799): Illuminate\\Container\\BoundMethod::call()
#22 /home/np_thinh/source/laravel-nuxt-docker/backend/vendor/laravel/framework/src/Illuminate/Console/Command.php(280): Illuminate\\Container\\Container->call()
#23 /home/np_thinh/source/laravel-nuxt-docker/backend/vendor/symfony/console/Command/Command.php(341): Illuminate\\Console\\Command->execute()
#24 /home/np_thinh/source/laravel-nuxt-docker/backend/vendor/laravel/framework/src/Illuminate/Console/Command.php(249): Symfony\\Component\\Console\\Command\\Command->run()
#25 /home/np_thinh/source/laravel-nuxt-docker/backend/vendor/symfony/console/Application.php(1117): Illuminate\\Console\\Command->run()
#26 /home/np_thinh/source/laravel-nuxt-docker/backend/vendor/symfony/console/Application.php(356): Symfony\\Component\\Console\\Application->doRunCommand()
#27 /home/np_thinh/source/laravel-nuxt-docker/backend/vendor/symfony/console/Application.php(195): Symfony\\Component\\Console\\Application->doRun()
#28 /home/np_thinh/source/laravel-nuxt-docker/backend/vendor/laravel/framework/src/Illuminate/Foundation/Console/Kernel.php(198): Symfony\\Component\\Console\\Application->run()
#29 /home/np_thinh/source/laravel-nuxt-docker/backend/vendor/laravel/framework/src/Illuminate/Foundation/Application.php(1235): Illuminate\\Foundation\\Console\\Kernel->handle()
#30 /home/np_thinh/source/laravel-nuxt-docker/backend/artisan(16): Illuminate\\Foundation\\Application->handleCommand()
#31 {main}

[previous exception] [object] (PDOException(code: 2002): SQLSTATE[HY000] [2002] php_network_getaddresses: getaddrinfo for mysql failed: Temporary failure in name resolution at /home/np_thinh/source/laravel-nuxt-docker/backend/vendor/laravel/framework/src/Illuminate/Database/Connectors/Connector.php:67)
[stacktrace]
#0 /home/np_thinh/source/laravel-nuxt-docker/backend/vendor/laravel/framework/src/Illuminate/Database/Connectors/Connector.php(67): PDO::connect()
#1 /home/np_thinh/source/laravel-nuxt-docker/backend/vendor/laravel/framework/src/Illuminate/Database/Connectors/Connector.php(85): Illuminate\\Database\\Connectors\\Connector->createPdoConnection()
#2 /home/np_thinh/source/laravel-nuxt-docker/backend/vendor/laravel/framework/src/Illuminate/Database/Connectors/Connector.php(48): Illuminate\\Database\\Connectors\\Connector->tryAgainIfCausedByLostConnection()
#3 /home/np_thinh/source/laravel-nuxt-docker/backend/vendor/laravel/framework/src/Illuminate/Database/Connectors/MySqlConnector.php(24): Illuminate\\Database\\Connectors\\Connector->createConnection()
#4 /home/np_thinh/source/laravel-nuxt-docker/backend/vendor/laravel/framework/src/Illuminate/Database/Connectors/ConnectionFactory.php(188): Illuminate\\Database\\Connectors\\MySqlConnector->connect()
#5 [internal function]: Illuminate\\Database\\Connectors\\ConnectionFactory->{closure:Illuminate\\Database\\Connectors\\ConnectionFactory::createPdoResolverWithHosts():181}()
#6 /home/np_thinh/source/laravel-nuxt-docker/backend/vendor/laravel/framework/src/Illuminate/Database/Connection.php(1279): call_user_func()
#7 /home/np_thinh/source/laravel-nuxt-docker/backend/vendor/laravel/framework/src/Illuminate/Database/Connection.php(1317): Illuminate\\Database\\Connection->getPdo()
#8 /home/np_thinh/source/laravel-nuxt-docker/backend/vendor/laravel/framework/src/Illuminate/Database/Connection.php(528): Illuminate\\Database\\Connection->getReadPdo()
#9 /home/np_thinh/source/laravel-nuxt-docker/backend/vendor/laravel/framework/src/Illuminate/Database/Connection.php(421): Illuminate\\Database\\Connection->getPdoForSelect()
#10 /home/np_thinh/source/laravel-nuxt-docker/backend/vendor/laravel/framework/src/Illuminate/Database/Connection.php(830): Illuminate\\Database\\Connection->{closure:Illuminate\\Database\\Connection::select():412}()
#11 /home/np_thinh/source/laravel-nuxt-docker/backend/vendor/laravel/framework/src/Illuminate/Database/Connection.php(1021): Illuminate\\Database\\Connection->runQueryCallback()
#12 /home/np_thinh/source/laravel-nuxt-docker/backend/vendor/laravel/framework/src/Illuminate/Database/Connection.php(1000): Illuminate\\Database\\Connection->tryAgainIfCausedByLostConnection()
#13 /home/np_thinh/source/laravel-nuxt-docker/backend/vendor/laravel/framework/src/Illuminate/Database/Connection.php(799): Illuminate\\Database\\Connection->handleQueryException()
#14 /home/np_thinh/source/laravel-nuxt-docker/backend/vendor/laravel/framework/src/Illuminate/Database/Connection.php(412): Illuminate\\Database\\Connection->run()
#15 /home/np_thinh/source/laravel-nuxt-docker/backend/vendor/laravel/framework/src/Illuminate/Database/Connection.php(357): Illuminate\\Database\\Connection->select()
#16 /home/np_thinh/source/laravel-nuxt-docker/backend/vendor/laravel/framework/src/Illuminate/Database/Connection.php(374): Illuminate\\Database\\Connection->selectOne()
#17 /home/np_thinh/source/laravel-nuxt-docker/backend/vendor/laravel/framework/src/Illuminate/Database/Schema/Builder.php(176): Illuminate\\Database\\Connection->scalar()
#18 /home/np_thinh/source/laravel-nuxt-docker/backend/vendor/laravel/framework/src/Illuminate/Database/Migrations/DatabaseMigrationRepository.php(185): Illuminate\\Database\\Schema\\Builder->hasTable()
#19 /home/np_thinh/source/laravel-nuxt-docker/backend/vendor/laravel/framework/src/Illuminate/Database/Migrations/Migrator.php(758): Illuminate\\Database\\Migrations\\DatabaseMigrationRepository->repositoryExists()
#20 /home/np_thinh/source/laravel-nuxt-docker/backend/vendor/laravel/framework/src/Illuminate/Database/Console/Migrations/MigrateCommand.php(166): Illuminate\\Database\\Migrations\\Migrator->repositoryExists()
#21 /home/np_thinh/source/laravel-nuxt-docker/backend/vendor/laravel/framework/src/Illuminate/Support/helpers.php(328): Illuminate\\Database\\Console\\Migrations\\MigrateCommand->{closure:Illuminate\\Database\\Console\\Migrations\\MigrateCommand::repositoryExists():166}()
#22 /home/np_thinh/source/laravel-nuxt-docker/backend/vendor/laravel/framework/src/Illuminate/Database/Console/Migrations/MigrateCommand.php(166): retry()
#23 /home/np_thinh/source/laravel-nuxt-docker/backend/vendor/laravel/framework/src/Illuminate/Database/Console/Migrations/MigrateCommand.php(142): Illuminate\\Database\\Console\\Migrations\\MigrateCommand->repositoryExists()
#24 /home/np_thinh/source/laravel-nuxt-docker/backend/vendor/laravel/framework/src/Illuminate/Database/Console/Migrations/MigrateCommand.php(112): Illuminate\\Database\\Console\\Migrations\\MigrateCommand->prepareDatabase()
#25 /home/np_thinh/source/laravel-nuxt-docker/backend/vendor/laravel/framework/src/Illuminate/Database/Migrations/Migrator.php(671): Illuminate\\Database\\Console\\Migrations\\MigrateCommand->{closure:Illuminate\\Database\\Console\\Migrations\\MigrateCommand::runMigrations():111}()
#26 /home/np_thinh/source/laravel-nuxt-docker/backend/vendor/laravel/framework/src/Illuminate/Database/Console/Migrations/MigrateCommand.php(111): Illuminate\\Database\\Migrations\\Migrator->usingConnection()
#27 /home/np_thinh/source/laravel-nuxt-docker/backend/vendor/laravel/framework/src/Illuminate/Database/Console/Migrations/MigrateCommand.php(90): Illuminate\\Database\\Console\\Migrations\\MigrateCommand->runMigrations()
#28 /home/np_thinh/source/laravel-nuxt-docker/backend/vendor/laravel/framework/src/Illuminate/Container/BoundMethod.php(36): Illuminate\\Database\\Console\\Migrations\\MigrateCommand->handle()
#29 /home/np_thinh/source/laravel-nuxt-docker/backend/vendor/laravel/framework/src/Illuminate/Container/Util.php(43): Illuminate\\Container\\BoundMethod::{closure:Illuminate\\Container\\BoundMethod::call():35}()
#30 /home/np_thinh/source/laravel-nuxt-docker/backend/vendor/laravel/framework/src/Illuminate/Container/BoundMethod.php(96): Illuminate\\Container\\Util::unwrapIfClosure()
#31 /home/np_thinh/source/laravel-nuxt-docker/backend/vendor/laravel/framework/src/Illuminate/Container/BoundMethod.php(35): Illuminate\\Container\\BoundMethod::callBoundMethod()
#32 /home/np_thinh/source/laravel-nuxt-docker/backend/vendor/laravel/framework/src/Illuminate/Container/Container.php(799): Illuminate\\Container\\BoundMethod::call()
#33 /home/np_thinh/source/laravel-nuxt-docker/backend/vendor/laravel/framework/src/Illuminate/Console/Command.php(280): Illuminate\\Container\\Container->call()
#34 /home/np_thinh/source/laravel-nuxt-docker/backend/vendor/symfony/console/Command/Command.php(341): Illuminate\\Console\\Command->execute()
#35 /home/np_thinh/source/laravel-nuxt-docker/backend/vendor/laravel/framework/src/Illuminate/Console/Command.php(249): Symfony\\Component\\Console\\Command\\Command->run()
#36 /home/np_thinh/source/laravel-nuxt-docker/backend/vendor/symfony/console/Application.php(1117): Illuminate\\Console\\Command->run()
#37 /home/np_thinh/source/laravel-nuxt-docker/backend/vendor/symfony/console/Application.php(356): Symfony\\Component\\Console\\Application->doRunCommand()
#38 /home/np_thinh/source/laravel-nuxt-docker/backend/vendor/symfony/console/Application.php(195): Symfony\\Component\\Console\\Application->doRun()
#39 /home/np_thinh/source/laravel-nuxt-docker/backend/vendor/laravel/framework/src/Illuminate/Foundation/Console/Kernel.php(198): Symfony\\Component\\Console\\Application->run()
#40 /home/np_thinh/source/laravel-nuxt-docker/backend/vendor/laravel/framework/src/Illuminate/Foundation/Application.php(1235): Illuminate\\Foundation\\Console\\Kernel->handle()
#41 /home/np_thinh/source/laravel-nuxt-docker/backend/artisan(16): Illuminate\\Foundation\\Application->handleCommand()
#42 {main}

[previous exception] [object] (PDOException(code: 0): PDO::connect(): php_network_getaddresses: getaddrinfo for mysql failed: Temporary failure in name resolution at /home/np_thinh/source/laravel-nuxt-docker/backend/vendor/laravel/framework/src/Illuminate/Database/Connectors/Connector.php:67)
[stacktrace]
#0 /home/np_thinh/source/laravel-nuxt-docker/backend/vendor/laravel/framework/src/Illuminate/Database/Connectors/Connector.php(67): PDO::connect()
#1 /home/np_thinh/source/laravel-nuxt-docker/backend/vendor/laravel/framework/src/Illuminate/Database/Connectors/Connector.php(85): Illuminate\\Database\\Connectors\\Connector->createPdoConnection()
#2 /home/np_thinh/source/laravel-nuxt-docker/backend/vendor/laravel/framework/src/Illuminate/Database/Connectors/Connector.php(48): Illuminate\\Database\\Connectors\\Connector->tryAgainIfCausedByLostConnection()
#3 /home/np_thinh/source/laravel-nuxt-docker/backend/vendor/laravel/framework/src/Illuminate/Database/Connectors/MySqlConnector.php(24): Illuminate\\Database\\Connectors\\Connector->createConnection()
#4 /home/np_thinh/source/laravel-nuxt-docker/backend/vendor/laravel/framework/src/Illuminate/Database/Connectors/ConnectionFactory.php(188): Illuminate\\Database\\Connectors\\MySqlConnector->connect()
#5 [internal function]: Illuminate\\Database\\Connectors\\ConnectionFactory->{closure:Illuminate\\Database\\Connectors\\ConnectionFactory::createPdoResolverWithHosts():181}()
#6 /home/np_thinh/source/laravel-nuxt-docker/backend/vendor/laravel/framework/src/Illuminate/Database/Connection.php(1279): call_user_func()
#7 /home/np_thinh/source/laravel-nuxt-docker/backend/vendor/laravel/framework/src/Illuminate/Database/Connection.php(1317): Illuminate\\Database\\Connection->getPdo()
#8 /home/np_thinh/source/laravel-nuxt-docker/backend/vendor/laravel/framework/src/Illuminate/Database/Connection.php(528): Illuminate\\Database\\Connection->getReadPdo()
#9 /home/np_thinh/source/laravel-nuxt-docker/backend/vendor/laravel/framework/src/Illuminate/Database/Connection.php(421): Illuminate\\Database\\Connection->getPdoForSelect()
#10 /home/np_thinh/source/laravel-nuxt-docker/backend/vendor/laravel/framework/src/Illuminate/Database/Connection.php(830): Illuminate\\Database\\Connection->{closure:Illuminate\\Database\\Connection::select():412}()
#11 /home/np_thinh/source/laravel-nuxt-docker/backend/vendor/laravel/framework/src/Illuminate/Database/Connection.php(1021): Illuminate\\Database\\Connection->runQueryCallback()
#12 /home/np_thinh/source/laravel-nuxt-docker/backend/vendor/laravel/framework/src/Illuminate/Database/Connection.php(1000): Illuminate\\Database\\Connection->tryAgainIfCausedByLostConnection()
#13 /home/np_thinh/source/laravel-nuxt-docker/backend/vendor/laravel/framework/src/Illuminate/Database/Connection.php(799): Illuminate\\Database\\Connection->handleQueryException()
#14 /home/np_thinh/source/laravel-nuxt-docker/backend/vendor/laravel/framework/src/Illuminate/Database/Connection.php(412): Illuminate\\Database\\Connection->run()
#15 /home/np_thinh/source/laravel-nuxt-docker/backend/vendor/laravel/framework/src/Illuminate/Database/Connection.php(357): Illuminate\\Database\\Connection->select()
#16 /home/np_thinh/source/laravel-nuxt-docker/backend/vendor/laravel/framework/src/Illuminate/Database/Connection.php(374): Illuminate\\Database\\Connection->selectOne()
#17 /home/np_thinh/source/laravel-nuxt-docker/backend/vendor/laravel/framework/src/Illuminate/Database/Schema/Builder.php(176): Illuminate\\Database\\Connection->scalar()
#18 /home/np_thinh/source/laravel-nuxt-docker/backend/vendor/laravel/framework/src/Illuminate/Database/Migrations/DatabaseMigrationRepository.php(185): Illuminate\\Database\\Schema\\Builder->hasTable()
#19 /home/np_thinh/source/laravel-nuxt-docker/backend/vendor/laravel/framework/src/Illuminate/Database/Migrations/Migrator.php(758): Illuminate\\Database\\Migrations\\DatabaseMigrationRepository->repositoryExists()
#20 /home/np_thinh/source/laravel-nuxt-docker/backend/vendor/laravel/framework/src/Illuminate/Database/Console/Migrations/MigrateCommand.php(166): Illuminate\\Database\\Migrations\\Migrator->repositoryExists()
#21 /home/np_thinh/source/laravel-nuxt-docker/backend/vendor/laravel/framework/src/Illuminate/Support/helpers.php(328): Illuminate\\Database\\Console\\Migrations\\MigrateCommand->{closure:Illuminate\\Database\\Console\\Migrations\\MigrateCommand::repositoryExists():166}()
#22 /home/np_thinh/source/laravel-nuxt-docker/backend/vendor/laravel/framework/src/Illuminate/Database/Console/Migrations/MigrateCommand.php(166): retry()
#23 /home/np_thinh/source/laravel-nuxt-docker/backend/vendor/laravel/framework/src/Illuminate/Database/Console/Migrations/MigrateCommand.php(142): Illuminate\\Database\\Console\\Migrations\\MigrateCommand->repositoryExists()
#24 /home/np_thinh/source/laravel-nuxt-docker/backend/vendor/laravel/framework/src/Illuminate/Database/Console/Migrations/MigrateCommand.php(112): Illuminate\\Database\\Console\\Migrations\\MigrateCommand->prepareDatabase()
#25 /home/np_thinh/source/laravel-nuxt-docker/backend/vendor/laravel/framework/src/Illuminate/Database/Migrations/Migrator.php(671): Illuminate\\Database\\Console\\Migrations\\MigrateCommand->{closure:Illuminate\\Database\\Console\\Migrations\\MigrateCommand::runMigrations():111}()
#26 /home/np_thinh/source/laravel-nuxt-docker/backend/vendor/laravel/framework/src/Illuminate/Database/Console/Migrations/MigrateCommand.php(111): Illuminate\\Database\\Migrations\\Migrator->usingConnection()
#27 /home/np_thinh/source/laravel-nuxt-docker/backend/vendor/laravel/framework/src/Illuminate/Database/Console/Migrations/MigrateCommand.php(90): Illuminate\\Database\\Console\\Migrations\\MigrateCommand->runMigrations()
#28 /home/np_thinh/source/laravel-nuxt-docker/backend/vendor/laravel/framework/src/Illuminate/Container/BoundMethod.php(36): Illuminate\\Database\\Console\\Migrations\\MigrateCommand->handle()
#29 /home/np_thinh/source/laravel-nuxt-docker/backend/vendor/laravel/framework/src/Illuminate/Container/Util.php(43): Illuminate\\Container\\BoundMethod::{closure:Illuminate\\Container\\BoundMethod::call():35}()
#30 /home/np_thinh/source/laravel-nuxt-docker/backend/vendor/laravel/framework/src/Illuminate/Container/BoundMethod.php(96): Illuminate\\Container\\Util::unwrapIfClosure()
#31 /home/np_thinh/source/laravel-nuxt-docker/backend/vendor/laravel/framework/src/Illuminate/Container/BoundMethod.php(35): Illuminate\\Container\\BoundMethod::callBoundMethod()
#32 /home/np_thinh/source/laravel-nuxt-docker/backend/vendor/laravel/framework/src/Illuminate/Container/Container.php(799): Illuminate\\Container\\BoundMethod::call()
#33 /home/np_thinh/source/laravel-nuxt-docker/backend/vendor/laravel/framework/src/Illuminate/Console/Command.php(280): Illuminate\\Container\\Container->call()
#34 /home/np_thinh/source/laravel-nuxt-docker/backend/vendor/symfony/console/Command/Command.php(341): Illuminate\\Console\\Command->execute()
#35 /home/np_thinh/source/laravel-nuxt-docker/backend/vendor/laravel/framework/src/Illuminate/Console/Command.php(249): Symfony\\Component\\Console\\Command\\Command->run()
#36 /home/np_thinh/source/laravel-nuxt-docker/backend/vendor/symfony/console/Application.php(1117): Illuminate\\Console\\Command->run()
#37 /home/np_thinh/source/laravel-nuxt-docker/backend/vendor/symfony/console/Application.php(356): Symfony\\Component\\Console\\Application->doRunCommand()
#38 /home/np_thinh/source/laravel-nuxt-docker/backend/vendor/symfony/console/Application.php(195): Symfony\\Component\\Console\\Application->doRun()
#39 /home/np_thinh/source/laravel-nuxt-docker/backend/vendor/laravel/framework/src/Illuminate/Foundation/Console/Kernel.php(198): Symfony\\Component\\Console\\Application->run()
#40 /home/np_thinh/source/laravel-nuxt-docker/backend/vendor/laravel/framework/src/Illuminate/Foundation/Application.php(1235): Illuminate\\Foundation\\Console\\Kernel->handle()
#41 /home/np_thinh/source/laravel-nuxt-docker/backend/artisan(16): Illuminate\\Foundation\\Application->handleCommand()
#42 {main}
"} 
[2026-08-21 07:44:57] local.ERROR: SQLSTATE[HY000] [2002] php_network_getaddresses: getaddrinfo for mysql failed: Temporary failure in name resolution (Connection: mysql, Host: mysql, Port: 3312, Database: laravel_nuxt, SQL: select exists (select 1 from information_schema.tables where table_schema = schema() and table_name = 'migrations' and table_type in ('BASE TABLE', 'SYSTEM VERSIONED')) as `exists`) {"exception":"[object] (Illuminate\\Database\\QueryException(code: 2002): SQLSTATE[HY000] [2002] php_network_getaddresses: getaddrinfo for mysql failed: Temporary failure in name resolution (Connection: mysql, Host: mysql, Port: 3312, Database: laravel_nuxt, SQL: select exists (select 1 from information_schema.tables where table_schema = schema() and table_name = 'migrations' and table_type in ('BASE TABLE', 'SYSTEM VERSIONED')) as `exists`) at /home/np_thinh/source/laravel-nuxt-docker/backend/vendor/laravel/framework/src/Illuminate/Database/Connection.php:841)
[stacktrace]
#0 /home/np_thinh/source/laravel-nuxt-docker/backend/vendor/laravel/framework/src/Illuminate/Database/Connection.php(1021): Illuminate\\Database\\Connection->runQueryCallback()
#1 /home/np_thinh/source/laravel-nuxt-docker/backend/vendor/laravel/framework/src/Illuminate/Database/Connection.php(1000): Illuminate\\Database\\Connection->tryAgainIfCausedByLostConnection()
#2 /home/np_thinh/source/laravel-nuxt-docker/backend/vendor/laravel/framework/src/Illuminate/Database/Connection.php(799): Illuminate\\Database\\Connection->handleQueryException()
#3 /home/np_thinh/source/laravel-nuxt-docker/backend/vendor/laravel/framework/src/Illuminate/Database/Connection.php(412): Illuminate\\Database\\Connection->run()
#4 /home/np_thinh/source/laravel-nuxt-docker/backend/vendor/laravel/framework/src/Illuminate/Database/Connection.php(357): Illuminate\\Database\\Connection->select()
#5 /home/np_thinh/source/laravel-nuxt-docker/backend/vendor/laravel/framework/src/Illuminate/Database/Connection.php(374): Illuminate\\Database\\Connection->selectOne()
#6 /home/np_thinh/source/laravel-nuxt-docker/backend/vendor/laravel/framework/src/Illuminate/Database/Schema/Builder.php(176): Illuminate\\Database\\Connection->scalar()
#7 /home/np_thinh/source/laravel-nuxt-docker/backend/vendor/laravel/framework/src/Illuminate/Database/Migrations/DatabaseMigrationRepository.php(185): Illuminate\\Database\\Schema\\Builder->hasTable()
#8 /home/np_thinh/source/laravel-nuxt-docker/backend/vendor/laravel/framework/src/Illuminate/Database/Migrations/Migrator.php(758): Illuminate\\Database\\Migrations\\DatabaseMigrationRepository->repositoryExists()
#9 /home/np_thinh/source/laravel-nuxt-docker/backend/vendor/laravel/framework/src/Illuminate/Database/Console/Migrations/MigrateCommand.php(166): Illuminate\\Database\\Migrations\\Migrator->repositoryExists()
#10 /home/np_thinh/source/laravel-nuxt-docker/backend/vendor/laravel/framework/src/Illuminate/Support/helpers.php(328): Illuminate\\Database\\Console\\Migrations\\MigrateCommand->{closure:Illuminate\\Database\\Console\\Migrations\\MigrateCommand::repositoryExists():166}()
#11 /home/np_thinh/source/laravel-nuxt-docker/backend/vendor/laravel/framework/src/Illuminate/Database/Console/Migrations/MigrateCommand.php(166): retry()
#12 /home/np_thinh/source/laravel-nuxt-docker/backend/vendor/laravel/framework/src/Illuminate/Database/Console/Migrations/MigrateCommand.php(142): Illuminate\\Database\\Console\\Migrations\\MigrateCommand->repositoryExists()
#13 /home/np_thinh/source/laravel-nuxt-docker/backend/vendor/laravel/framework/src/Illuminate/Database/Console/Migrations/MigrateCommand.php(112): Illuminate\\Database\\Console\\Migrations\\MigrateCommand->prepareDatabase()
#14 /home/np_thinh/source/laravel-nuxt-docker/backend/vendor/laravel/framework/src/Illuminate/Database/Migrations/Migrator.php(671): Illuminate\\Database\\Console\\Migrations\\MigrateCommand->{closure:Illuminate\\Database\\Console\\Migrations\\MigrateCommand::runMigrations():111}()
#15 /home/np_thinh/source/laravel-nuxt-docker/backend/vendor/laravel/framework/src/Illuminate/Database/Console/Migrations/MigrateCommand.php(111): Illuminate\\Database\\Migrations\\Migrator->usingConnection()
#16 /home/np_thinh/source/laravel-nuxt-docker/backend/vendor/laravel/framework/src/Illuminate/Database/Console/Migrations/MigrateCommand.php(90): Illuminate\\Database\\Console\\Migrations\\MigrateCommand->runMigrations()
#17 /home/np_thinh/source/laravel-nuxt-docker/backend/vendor/laravel/framework/src/Illuminate/Container/BoundMethod.php(36): Illuminate\\Database\\Console\\Migrations\\MigrateCommand->handle()
#18 /home/np_thinh/source/laravel-nuxt-docker/backend/vendor/laravel/framework/src/Illuminate/Container/Util.php(43): Illuminate\\Container\\BoundMethod::{closure:Illuminate\\Container\\BoundMethod::call():35}()
#19 /home/np_thinh/source/laravel-nuxt-docker/backend/vendor/laravel/framework/src/Illuminate/Container/BoundMethod.php(96): Illuminate\\Container\\Util::unwrapIfClosure()
#20 /home/np_thinh/source/laravel-nuxt-docker/backend/vendor/laravel/framework/src/Illuminate/Container/BoundMethod.php(35): Illuminate\\Container\\BoundMethod::callBoundMethod()
#21 /home/np_thinh/source/laravel-nuxt-docker/backend/vendor/laravel/framework/src/Illuminate/Container/Container.php(799): Illuminate\\Container\\BoundMethod::call()
#22 /home/np_thinh/source/laravel-nuxt-docker/backend/vendor/laravel/framework/src/Illuminate/Console/Command.php(280): Illuminate\\Container\\Container->call()
#23 /home/np_thinh/source/laravel-nuxt-docker/backend/vendor/symfony/console/Command/Command.php(341): Illuminate\\Console\\Command->execute()
#24 /home/np_thinh/source/laravel-nuxt-docker/backend/vendor/laravel/framework/src/Illuminate/Console/Command.php(249): Symfony\\Component\\Console\\Command\\Command->run()
#25 /home/np_thinh/source/laravel-nuxt-docker/backend/vendor/symfony/console/Application.php(1117): Illuminate\\Console\\Command->run()
#26 /home/np_thinh/source/laravel-nuxt-docker/backend/vendor/symfony/console/Application.php(356): Symfony\\Component\\Console\\Application->doRunCommand()
#27 /home/np_thinh/source/laravel-nuxt-docker/backend/vendor/symfony/console/Application.php(195): Symfony\\Component\\Console\\Application->doRun()
#28 /home/np_thinh/source/laravel-nuxt-docker/backend/vendor/laravel/framework/src/Illuminate/Foundation/Console/Kernel.php(198): Symfony\\Component\\Console\\Application->run()
#29 /home/np_thinh/source/laravel-nuxt-docker/backend/vendor/laravel/framework/src/Illuminate/Foundation/Application.php(1235): Illuminate\\Foundation\\Console\\Kernel->handle()
#30 /home/np_thinh/source/laravel-nuxt-docker/backend/artisan(16): Illuminate\\Foundation\\Application->handleCommand()
#31 {main}

[previous exception] [object] (PDOException(code: 2002): SQLSTATE[HY000] [2002] php_network_getaddresses: getaddrinfo for mysql failed: Temporary failure in name resolution at /home/np_thinh/source/laravel-nuxt-docker/backend/vendor/laravel/framework/src/Illuminate/Database/Connectors/Connector.php:67)
[stacktrace]
#0 /home/np_thinh/source/laravel-nuxt-docker/backend/vendor/laravel/framework/src/Illuminate/Database/Connectors/Connector.php(67): PDO::connect()
#1 /home/np_thinh/source/laravel-nuxt-docker/backend/vendor/laravel/framework/src/Illuminate/Database/Connectors/Connector.php(85): Illuminate\\Database\\Connectors\\Connector->createPdoConnection()
#2 /home/np_thinh/source/laravel-nuxt-docker/backend/vendor/laravel/framework/src/Illuminate/Database/Connectors/Connector.php(48): Illuminate\\Database\\Connectors\\Connector->tryAgainIfCausedByLostConnection()
#3 /home/np_thinh/source/laravel-nuxt-docker/backend/vendor/laravel/framework/src/Illuminate/Database/Connectors/MySqlConnector.php(24): Illuminate\\Database\\Connectors\\Connector->createConnection()
#4 /home/np_thinh/source/laravel-nuxt-docker/backend/vendor/laravel/framework/src/Illuminate/Database/Connectors/ConnectionFactory.php(188): Illuminate\\Database\\Connectors\\MySqlConnector->connect()
#5 [internal function]: Illuminate\\Database\\Connectors\\ConnectionFactory->{closure:Illuminate\\Database\\Connectors\\ConnectionFactory::createPdoResolverWithHosts():181}()
#6 /home/np_thinh/source/laravel-nuxt-docker/backend/vendor/laravel/framework/src/Illuminate/Database/Connection.php(1279): call_user_func()
#7 /home/np_thinh/source/laravel-nuxt-docker/backend/vendor/laravel/framework/src/Illuminate/Database/Connection.php(1317): Illuminate\\Database\\Connection->getPdo()
#8 /home/np_thinh/source/laravel-nuxt-docker/backend/vendor/laravel/framework/src/Illuminate/Database/Connection.php(528): Illuminate\\Database\\Connection->getReadPdo()
#9 /home/np_thinh/source/laravel-nuxt-docker/backend/vendor/laravel/framework/src/Illuminate/Database/Connection.php(421): Illuminate\\Database\\Connection->getPdoForSelect()
#10 /home/np_thinh/source/laravel-nuxt-docker/backend/vendor/laravel/framework/src/Illuminate/Database/Connection.php(830): Illuminate\\Database\\Connection->{closure:Illuminate\\Database\\Connection::select():412}()
#11 /home/np_thinh/source/laravel-nuxt-docker/backend/vendor/laravel/framework/src/Illuminate/Database/Connection.php(1021): Illuminate\\Database\\Connection->runQueryCallback()
#12 /home/np_thinh/source/laravel-nuxt-docker/backend/vendor/laravel/framework/src/Illuminate/Database/Connection.php(1000): Illuminate\\Database\\Connection->tryAgainIfCausedByLostConnection()
#13 /home/np_thinh/source/laravel-nuxt-docker/backend/vendor/laravel/framework/src/Illuminate/Database/Connection.php(799): Illuminate\\Database\\Connection->handleQueryException()
#14 /home/np_thinh/source/laravel-nuxt-docker/backend/vendor/laravel/framework/src/Illuminate/Database/Connection.php(412): Illuminate\\Database\\Connection->run()
#15 /home/np_thinh/source/laravel-nuxt-docker/backend/vendor/laravel/framework/src/Illuminate/Database/Connection.php(357): Illuminate\\Database\\Connection->select()
#16 /home/np_thinh/source/laravel-nuxt-docker/backend/vendor/laravel/framework/src/Illuminate/Database/Connection.php(374): Illuminate\\Database\\Connection->selectOne()
#17 /home/np_thinh/source/laravel-nuxt-docker/backend/vendor/laravel/framework/src/Illuminate/Database/Schema/Builder.php(176): Illuminate\\Database\\Connection->scalar()
#18 /home/np_thinh/source/laravel-nuxt-docker/backend/vendor/laravel/framework/src/Illuminate/Database/Migrations/DatabaseMigrationRepository.php(185): Illuminate\\Database\\Schema\\Builder->hasTable()
#19 /home/np_thinh/source/laravel-nuxt-docker/backend/vendor/laravel/framework/src/Illuminate/Database/Migrations/Migrator.php(758): Illuminate\\Database\\Migrations\\DatabaseMigrationRepository->repositoryExists()
#20 /home/np_thinh/source/laravel-nuxt-docker/backend/vendor/laravel/framework/src/Illuminate/Database/Console/Migrations/MigrateCommand.php(166): Illuminate\\Database\\Migrations\\Migrator->repositoryExists()
#21 /home/np_thinh/source/laravel-nuxt-docker/backend/vendor/laravel/framework/src/Illuminate/Support/helpers.php(328): Illuminate\\Database\\Console\\Migrations\\MigrateCommand->{closure:Illuminate\\Database\\Console\\Migrations\\MigrateCommand::repositoryExists():166}()
#22 /home/np_thinh/source/laravel-nuxt-docker/backend/vendor/laravel/framework/src/Illuminate/Database/Console/Migrations/MigrateCommand.php(166): retry()
#23 /home/np_thinh/source/laravel-nuxt-docker/backend/vendor/laravel/framework/src/Illuminate/Database/Console/Migrations/MigrateCommand.php(142): Illuminate\\Database\\Console\\Migrations\\MigrateCommand->repositoryExists()
#24 /home/np_thinh/source/laravel-nuxt-docker/backend/vendor/laravel/framework/src/Illuminate/Database/Console/Migrations/MigrateCommand.php(112): Illuminate\\Database\\Console\\Migrations\\MigrateCommand->prepareDatabase()
#25 /home/np_thinh/source/laravel-nuxt-docker/backend/vendor/laravel/framework/src/Illuminate/Database/Migrations/Migrator.php(671): Illuminate\\Database\\Console\\Migrations\\MigrateCommand->{closure:Illuminate\\Database\\Console\\Migrations\\MigrateCommand::runMigrations():111}()
#26 /home/np_thinh/source/laravel-nuxt-docker/backend/vendor/laravel/framework/src/Illuminate/Database/Console/Migrations/MigrateCommand.php(111): Illuminate\\Database\\Migrations\\Migrator->usingConnection()
#27 /home/np_thinh/source/laravel-nuxt-docker/backend/vendor/laravel/framework/src/Illuminate/Database/Console/Migrations/MigrateCommand.php(90): Illuminate\\Database\\Console\\Migrations\\MigrateCommand->runMigrations()
#28 /home/np_thinh/source/laravel-nuxt-docker/backend/vendor/laravel/framework/src/Illuminate/Container/BoundMethod.php(36): Illuminate\\Database\\Console\\Migrations\\MigrateCommand->handle()
#29 /home/np_thinh/source/laravel-nuxt-docker/backend/vendor/laravel/framework/src/Illuminate/Container/Util.php(43): Illuminate\\Container\\BoundMethod::{closure:Illuminate\\Container\\BoundMethod::call():35}()
#30 /home/np_thinh/source/laravel-nuxt-docker/backend/vendor/laravel/framework/src/Illuminate/Container/BoundMethod.php(96): Illuminate\\Container\\Util::unwrapIfClosure()
#31 /home/np_thinh/source/laravel-nuxt-docker/backend/vendor/laravel/framework/src/Illuminate/Container/BoundMethod.php(35): Illuminate\\Container\\BoundMethod::callBoundMethod()
#32 /home/np_thinh/source/laravel-nuxt-docker/backend/vendor/laravel/framework/src/Illuminate/Container/Container.php(799): Illuminate\\Container\\BoundMethod::call()
#33 /home/np_thinh/source/laravel-nuxt-docker/backend/vendor/laravel/framework/src/Illuminate/Console/Command.php(280): Illuminate\\Container\\Container->call()
#34 /home/np_thinh/source/laravel-nuxt-docker/backend/vendor/symfony/console/Command/Command.php(341): Illuminate\\Console\\Command->execute()
#35 /home/np_thinh/source/laravel-nuxt-docker/backend/vendor/laravel/framework/src/Illuminate/Console/Command.php(249): Symfony\\Component\\Console\\Command\\Command->run()
#36 /home/np_thinh/source/laravel-nuxt-docker/backend/vendor/symfony/console/Application.php(1117): Illuminate\\Console\\Command->run()
#37 /home/np_thinh/source/laravel-nuxt-docker/backend/vendor/symfony/console/Application.php(356): Symfony\\Component\\Console\\Application->doRunCommand()
#38 /home/np_thinh/source/laravel-nuxt-docker/backend/vendor/symfony/console/Application.php(195): Symfony\\Component\\Console\\Application->doRun()
#39 /home/np_thinh/source/laravel-nuxt-docker/backend/vendor/laravel/framework/src/Illuminate/Foundation/Console/Kernel.php(198): Symfony\\Component\\Console\\Application->run()
#40 /home/np_thinh/source/laravel-nuxt-docker/backend/vendor/laravel/framework/src/Illuminate/Foundation/Application.php(1235): Illuminate\\Foundation\\Console\\Kernel->handle()
#41 /home/np_thinh/source/laravel-nuxt-docker/backend/artisan(16): Illuminate\\Foundation\\Application->handleCommand()
#42 {main}

[previous exception] [object] (PDOException(code: 0): PDO::connect(): php_network_getaddresses: getaddrinfo for mysql failed: Temporary failure in name resolution at /home/np_thinh/source/laravel-nuxt-docker/backend/vendor/laravel/framework/src/Illuminate/Database/Connectors/Connector.php:67)
[stacktrace]
#0 /home/np_thinh/source/laravel-nuxt-docker/backend/vendor/laravel/framework/src/Illuminate/Database/Connectors/Connector.php(67): PDO::connect()
#1 /home/np_thinh/source/laravel-nuxt-docker/backend/vendor/laravel/framework/src/Illuminate/Database/Connectors/Connector.php(85): Illuminate\\Database\\Connectors\\Connector->createPdoConnection()
#2 /home/np_thinh/source/laravel-nuxt-docker/backend/vendor/laravel/framework/src/Illuminate/Database/Connectors/Connector.php(48): Illuminate\\Database\\Connectors\\Connector->tryAgainIfCausedByLostConnection()
#3 /home/np_thinh/source/laravel-nuxt-docker/backend/vendor/laravel/framework/src/Illuminate/Database/Connectors/MySqlConnector.php(24): Illuminate\\Database\\Connectors\\Connector->createConnection()
#4 /home/np_thinh/source/laravel-nuxt-docker/backend/vendor/laravel/framework/src/Illuminate/Database/Connectors/ConnectionFactory.php(188): Illuminate\\Database\\Connectors\\MySqlConnector->connect()
#5 [internal function]: Illuminate\\Database\\Connectors\\ConnectionFactory->{closure:Illuminate\\Database\\Connectors\\ConnectionFactory::createPdoResolverWithHosts():181}()
#6 /home/np_thinh/source/laravel-nuxt-docker/backend/vendor/laravel/framework/src/Illuminate/Database/Connection.php(1279): call_user_func()
#7 /home/np_thinh/source/laravel-nuxt-docker/backend/vendor/laravel/framework/src/Illuminate/Database/Connection.php(1317): Illuminate\\Database\\Connection->getPdo()
#8 /home/np_thinh/source/laravel-nuxt-docker/backend/vendor/laravel/framework/src/Illuminate/Database/Connection.php(528): Illuminate\\Database\\Connection->getReadPdo()
#9 /home/np_thinh/source/laravel-nuxt-docker/backend/vendor/laravel/framework/src/Illuminate/Database/Connection.php(421): Illuminate\\Database\\Connection->getPdoForSelect()
#10 /home/np_thinh/source/laravel-nuxt-docker/backend/vendor/laravel/framework/src/Illuminate/Database/Connection.php(830): Illuminate\\Database\\Connection->{closure:Illuminate\\Database\\Connection::select():412}()
#11 /home/np_thinh/source/laravel-nuxt-docker/backend/vendor/laravel/framework/src/Illuminate/Database/Connection.php(1021): Illuminate\\Database\\Connection->runQueryCallback()
#12 /home/np_thinh/source/laravel-nuxt-docker/backend/vendor/laravel/framework/src/Illuminate/Database/Connection.php(1000): Illuminate\\Database\\Connection->tryAgainIfCausedByLostConnection()
#13 /home/np_thinh/source/laravel-nuxt-docker/backend/vendor/laravel/framework/src/Illuminate/Database/Connection.php(799): Illuminate\\Database\\Connection->handleQueryException()
#14 /home/np_thinh/source/laravel-nuxt-docker/backend/vendor/laravel/framework/src/Illuminate/Database/Connection.php(412): Illuminate\\Database\\Connection->run()
#15 /home/np_thinh/source/laravel-nuxt-docker/backend/vendor/laravel/framework/src/Illuminate/Database/Connection.php(357): Illuminate\\Database\\Connection->select()
#16 /home/np_thinh/source/laravel-nuxt-docker/backend/vendor/laravel/framework/src/Illuminate/Database/Connection.php(374): Illuminate\\Database\\Connection->selectOne()
#17 /home/np_thinh/source/laravel-nuxt-docker/backend/vendor/laravel/framework/src/Illuminate/Database/Schema/Builder.php(176): Illuminate\\Database\\Connection->scalar()
#18 /home/np_thinh/source/laravel-nuxt-docker/backend/vendor/laravel/framework/src/Illuminate/Database/Migrations/DatabaseMigrationRepository.php(185): Illuminate\\Database\\Schema\\Builder->hasTable()
#19 /home/np_thinh/source/laravel-nuxt-docker/backend/vendor/laravel/framework/src/Illuminate/Database/Migrations/Migrator.php(758): Illuminate\\Database\\Migrations\\DatabaseMigrationRepository->repositoryExists()
#20 /home/np_thinh/source/laravel-nuxt-docker/backend/vendor/laravel/framework/src/Illuminate/Database/Console/Migrations/MigrateCommand.php(166): Illuminate\\Database\\Migrations\\Migrator->repositoryExists()
#21 /home/np_thinh/source/laravel-nuxt-docker/backend/vendor/laravel/framework/src/Illuminate/Support/helpers.php(328): Illuminate\\Database\\Console\\Migrations\\MigrateCommand->{closure:Illuminate\\Database\\Console\\Migrations\\MigrateCommand::repositoryExists():166}()
#22 /home/np_thinh/source/laravel-nuxt-docker/backend/vendor/laravel/framework/src/Illuminate/Database/Console/Migrations/MigrateCommand.php(166): retry()
#23 /home/np_thinh/source/laravel-nuxt-docker/backend/vendor/laravel/framework/src/Illuminate/Database/Console/Migrations/MigrateCommand.php(142): Illuminate\\Database\\Console\\Migrations\\MigrateCommand->repositoryExists()
#24 /home/np_thinh/source/laravel-nuxt-docker/backend/vendor/laravel/framework/src/Illuminate/Database/Console/Migrations/MigrateCommand.php(112): Illuminate\\Database\\Console\\Migrations\\MigrateCommand->prepareDatabase()
#25 /home/np_thinh/source/laravel-nuxt-docker/backend/vendor/laravel/framework/src/Illuminate/Database/Migrations/Migrator.php(671): Illuminate\\Database\\Console\\Migrations\\MigrateCommand->{closure:Illuminate\\Database\\Console\\Migrations\\MigrateCommand::runMigrations():111}()
#26 /home/np_thinh/source/laravel-nuxt-docker/backend/vendor/laravel/framework/src/Illuminate/Database/Console/Migrations/MigrateCommand.php(111): Illuminate\\Database\\Migrations\\Migrator->usingConnection()
#27 /home/np_thinh/source/laravel-nuxt-docker/backend/vendor/laravel/framework/src/Illuminate/Database/Console/Migrations/MigrateCommand.php(90): Illuminate\\Database\\Console\\Migrations\\MigrateCommand->runMigrations()
#28 /home/np_thinh/source/laravel-nuxt-docker/backend/vendor/laravel/framework/src/Illuminate/Container/BoundMethod.php(36): Illuminate\\Database\\Console\\Migrations\\MigrateCommand->handle()
#29 /home/np_thinh/source/laravel-nuxt-docker/backend/vendor/laravel/framework/src/Illuminate/Container/Util.php(43): Illuminate\\Container\\BoundMethod::{closure:Illuminate\\Container\\BoundMethod::call():35}()
#30 /home/np_thinh/source/laravel-nuxt-docker/backend/vendor/laravel/framework/src/Illuminate/Container/BoundMethod.php(96): Illuminate\\Container\\Util::unwrapIfClosure()
#31 /home/np_thinh/source/laravel-nuxt-docker/backend/vendor/laravel/framework/src/Illuminate/Container/BoundMethod.php(35): Illuminate\\Container\\BoundMethod::callBoundMethod()
#32 /home/np_thinh/source/laravel-nuxt-docker/backend/vendor/laravel/framework/src/Illuminate/Container/Container.php(799): Illuminate\\Container\\BoundMethod::call()
#33 /home/np_thinh/source/laravel-nuxt-docker/backend/vendor/laravel/framework/src/Illuminate/Console/Command.php(280): Illuminate\\Container\\Container->call()
#34 /home/np_thinh/source/laravel-nuxt-docker/backend/vendor/symfony/console/Command/Command.php(341): Illuminate\\Console\\Command->execute()
#35 /home/np_thinh/source/laravel-nuxt-docker/backend/vendor/laravel/framework/src/Illuminate/Console/Command.php(249): Symfony\\Component\\Console\\Command\\Command->run()
#36 /home/np_thinh/source/laravel-nuxt-docker/backend/vendor/symfony/console/Application.php(1117): Illuminate\\Console\\Command->run()
#37 /home/np_thinh/source/laravel-nuxt-docker/backend/vendor/symfony/console/Application.php(356): Symfony\\Component\\Console\\Application->doRunCommand()
#38 /home/np_thinh/source/laravel-nuxt-docker/backend/vendor/symfony/console/Application.php(195): Symfony\\Component\\Console\\Application->doRun()
#39 /home/np_thinh/source/laravel-nuxt-docker/backend/vendor/laravel/framework/src/Illuminate/Foundation/Console/Kernel.php(198): Symfony\\Component\\Console\\Application->run()
#40 /home/np_thinh/source/laravel-nuxt-docker/backend/vendor/laravel/framework/src/Illuminate/Foundation/Application.php(1235): Illuminate\\Foundation\\Console\\Kernel->handle()
#41 /home/np_thinh/source/laravel-nuxt-docker/backend/artisan(16): Illuminate\\Foundation\\Application->handleCommand()
#42 {main}
"} 
[2026-08-21 07:46:48] local.ERROR: SQLSTATE[HY000] [2002] php_network_getaddresses: getaddrinfo for mysql failed: Temporary failure in name resolution (Connection: mysql, Host: mysql, Port: 3306, Database: laravel_nuxt, SQL: select exists (select 1 from information_schema.tables where table_schema = schema() and table_name = 'migrations' and table_type in ('BASE TABLE', 'SYSTEM VERSIONED')) as `exists`) {"exception":"[object] (Illuminate\\Database\\QueryException(code: 2002): SQLSTATE[HY000] [2002] php_network_getaddresses: getaddrinfo for mysql failed: Temporary failure in name resolution (Connection: mysql, Host: mysql, Port: 3306, Database: laravel_nuxt, SQL: select exists (select 1 from information_schema.tables where table_schema = schema() and table_name = 'migrations' and table_type in ('BASE TABLE', 'SYSTEM VERSIONED')) as `exists`) at /home/np_thinh/source/laravel-nuxt-docker/backend/vendor/laravel/framework/src/Illuminate/Database/Connection.php:841)
[stacktrace]
#0 /home/np_thinh/source/laravel-nuxt-docker/backend/vendor/laravel/framework/src/Illuminate/Database/Connection.php(1021): Illuminate\\Database\\Connection->runQueryCallback()
#1 /home/np_thinh/source/laravel-nuxt-docker/backend/vendor/laravel/framework/src/Illuminate/Database/Connection.php(1000): Illuminate\\Database\\Connection->tryAgainIfCausedByLostConnection()
#2 /home/np_thinh/source/laravel-nuxt-docker/backend/vendor/laravel/framework/src/Illuminate/Database/Connection.php(799): Illuminate\\Database\\Connection->handleQueryException()
#3 /home/np_thinh/source/laravel-nuxt-docker/backend/vendor/laravel/framework/src/Illuminate/Database/Connection.php(412): Illuminate\\Database\\Connection->run()
#4 /home/np_thinh/source/laravel-nuxt-docker/backend/vendor/laravel/framework/src/Illuminate/Database/Connection.php(357): Illuminate\\Database\\Connection->select()
#5 /home/np_thinh/source/laravel-nuxt-docker/backend/vendor/laravel/framework/src/Illuminate/Database/Connection.php(374): Illuminate\\Database\\Connection->selectOne()
#6 /home/np_thinh/source/laravel-nuxt-docker/backend/vendor/laravel/framework/src/Illuminate/Database/Schema/Builder.php(176): Illuminate\\Database\\Connection->scalar()
#7 /home/np_thinh/source/laravel-nuxt-docker/backend/vendor/laravel/framework/src/Illuminate/Database/Migrations/DatabaseMigrationRepository.php(185): Illuminate\\Database\\Schema\\Builder->hasTable()
#8 /home/np_thinh/source/laravel-nuxt-docker/backend/vendor/laravel/framework/src/Illuminate/Database/Migrations/Migrator.php(758): Illuminate\\Database\\Migrations\\DatabaseMigrationRepository->repositoryExists()
#9 /home/np_thinh/source/laravel-nuxt-docker/backend/vendor/laravel/framework/src/Illuminate/Database/Console/Migrations/MigrateCommand.php(166): Illuminate\\Database\\Migrations\\Migrator->repositoryExists()
#10 /home/np_thinh/source/laravel-nuxt-docker/backend/vendor/laravel/framework/src/Illuminate/Support/helpers.php(328): Illuminate\\Database\\Console\\Migrations\\MigrateCommand->{closure:Illuminate\\Database\\Console\\Migrations\\MigrateCommand::repositoryExists():166}()
#11 /home/np_thinh/source/laravel-nuxt-docker/backend/vendor/laravel/framework/src/Illuminate/Database/Console/Migrations/MigrateCommand.php(166): retry()
#12 /home/np_thinh/source/laravel-nuxt-docker/backend/vendor/laravel/framework/src/Illuminate/Database/Console/Migrations/MigrateCommand.php(142): Illuminate\\Database\\Console\\Migrations\\MigrateCommand->repositoryExists()
#13 /home/np_thinh/source/laravel-nuxt-docker/backend/vendor/laravel/framework/src/Illuminate/Database/Console/Migrations/MigrateCommand.php(112): Illuminate\\Database\\Console\\Migrations\\MigrateCommand->prepareDatabase()
#14 /home/np_thinh/source/laravel-nuxt-docker/backend/vendor/laravel/framework/src/Illuminate/Database/Migrations/Migrator.php(671): Illuminate\\Database\\Console\\Migrations\\MigrateCommand->{closure:Illuminate\\Database\\Console\\Migrations\\MigrateCommand::runMigrations():111}()
#15 /home/np_thinh/source/laravel-nuxt-docker/backend/vendor/laravel/framework/src/Illuminate/Database/Console/Migrations/MigrateCommand.php(111): Illuminate\\Database\\Migrations\\Migrator->usingConnection()
#16 /home/np_thinh/source/laravel-nuxt-docker/backend/vendor/laravel/framework/src/Illuminate/Database/Console/Migrations/MigrateCommand.php(90): Illuminate\\Database\\Console\\Migrations\\MigrateCommand->runMigrations()
#17 /home/np_thinh/source/laravel-nuxt-docker/backend/vendor/laravel/framework/src/Illuminate/Container/BoundMethod.php(36): Illuminate\\Database\\Console\\Migrations\\MigrateCommand->handle()
#18 /home/np_thinh/source/laravel-nuxt-docker/backend/vendor/laravel/framework/src/Illuminate/Container/Util.php(43): Illuminate\\Container\\BoundMethod::{closure:Illuminate\\Container\\BoundMethod::call():35}()
#19 /home/np_thinh/source/laravel-nuxt-docker/backend/vendor/laravel/framework/src/Illuminate/Container/BoundMethod.php(96): Illuminate\\Container\\Util::unwrapIfClosure()
#20 /home/np_thinh/source/laravel-nuxt-docker/backend/vendor/laravel/framework/src/Illuminate/Container/BoundMethod.php(35): Illuminate\\Container\\BoundMethod::callBoundMethod()
#21 /home/np_thinh/source/laravel-nuxt-docker/backend/vendor/laravel/framework/src/Illuminate/Container/Container.php(799): Illuminate\\Container\\BoundMethod::call()
#22 /home/np_thinh/source/laravel-nuxt-docker/backend/vendor/laravel/framework/src/Illuminate/Console/Command.php(280): Illuminate\\Container\\Container->call()
#23 /home/np_thinh/source/laravel-nuxt-docker/backend/vendor/symfony/console/Command/Command.php(341): Illuminate\\Console\\Command->execute()
#24 /home/np_thinh/source/laravel-nuxt-docker/backend/vendor/laravel/framework/src/Illuminate/Console/Command.php(249): Symfony\\Component\\Console\\Command\\Command->run()
#25 /home/np_thinh/source/laravel-nuxt-docker/backend/vendor/symfony/console/Application.php(1117): Illuminate\\Console\\Command->run()
#26 /home/np_thinh/source/laravel-nuxt-docker/backend/vendor/symfony/console/Application.php(356): Symfony\\Component\\Console\\Application->doRunCommand()
#27 /home/np_thinh/source/laravel-nuxt-docker/backend/vendor/symfony/console/Application.php(195): Symfony\\Component\\Console\\Application->doRun()
#28 /home/np_thinh/source/laravel-nuxt-docker/backend/vendor/laravel/framework/src/Illuminate/Foundation/Console/Kernel.php(198): Symfony\\Component\\Console\\Application->run()
#29 /home/np_thinh/source/laravel-nuxt-docker/backend/vendor/laravel/framework/src/Illuminate/Foundation/Application.php(1235): Illuminate\\Foundation\\Console\\Kernel->handle()
#30 /home/np_thinh/source/laravel-nuxt-docker/backend/artisan(16): Illuminate\\Foundation\\Application->handleCommand()
#31 {main}

[previous exception] [object] (PDOException(code: 2002): SQLSTATE[HY000] [2002] php_network_getaddresses: getaddrinfo for mysql failed: Temporary failure in name resolution at /home/np_thinh/source/laravel-nuxt-docker/backend/vendor/laravel/framework/src/Illuminate/Database/Connectors/Connector.php:67)
[stacktrace]
#0 /home/np_thinh/source/laravel-nuxt-docker/backend/vendor/laravel/framework/src/Illuminate/Database/Connectors/Connector.php(67): PDO::connect()
#1 /home/np_thinh/source/laravel-nuxt-docker/backend/vendor/laravel/framework/src/Illuminate/Database/Connectors/Connector.php(85): Illuminate\\Database\\Connectors\\Connector->createPdoConnection()
#2 /home/np_thinh/source/laravel-nuxt-docker/backend/vendor/laravel/framework/src/Illuminate/Database/Connectors/Connector.php(48): Illuminate\\Database\\Connectors\\Connector->tryAgainIfCausedByLostConnection()
#3 /home/np_thinh/source/laravel-nuxt-docker/backend/vendor/laravel/framework/src/Illuminate/Database/Connectors/MySqlConnector.php(24): Illuminate\\Database\\Connectors\\Connector->createConnection()
#4 /home/np_thinh/source/laravel-nuxt-docker/backend/vendor/laravel/framework/src/Illuminate/Database/Connectors/ConnectionFactory.php(188): Illuminate\\Database\\Connectors\\MySqlConnector->connect()
#5 [internal function]: Illuminate\\Database\\Connectors\\ConnectionFactory->{closure:Illuminate\\Database\\Connectors\\ConnectionFactory::createPdoResolverWithHosts():181}()
#6 /home/np_thinh/source/laravel-nuxt-docker/backend/vendor/laravel/framework/src/Illuminate/Database/Connection.php(1279): call_user_func()
#7 /home/np_thinh/source/laravel-nuxt-docker/backend/vendor/laravel/framework/src/Illuminate/Database/Connection.php(1317): Illuminate\\Database\\Connection->getPdo()
#8 /home/np_thinh/source/laravel-nuxt-docker/backend/vendor/laravel/framework/src/Illuminate/Database/Connection.php(528): Illuminate\\Database\\Connection->getReadPdo()
#9 /home/np_thinh/source/laravel-nuxt-docker/backend/vendor/laravel/framework/src/Illuminate/Database/Connection.php(421): Illuminate\\Database\\Connection->getPdoForSelect()
#10 /home/np_thinh/source/laravel-nuxt-docker/backend/vendor/laravel/framework/src/Illuminate/Database/Connection.php(830): Illuminate\\Database\\Connection->{closure:Illuminate\\Database\\Connection::select():412}()
#11 /home/np_thinh/source/laravel-nuxt-docker/backend/vendor/laravel/framework/src/Illuminate/Database/Connection.php(1021): Illuminate\\Database\\Connection->runQueryCallback()
#12 /home/np_thinh/source/laravel-nuxt-docker/backend/vendor/laravel/framework/src/Illuminate/Database/Connection.php(1000): Illuminate\\Database\\Connection->tryAgainIfCausedByLostConnection()
#13 /home/np_thinh/source/laravel-nuxt-docker/backend/vendor/laravel/framework/src/Illuminate/Database/Connection.php(799): Illuminate\\Database\\Connection->handleQueryException()
#14 /home/np_thinh/source/laravel-nuxt-docker/backend/vendor/laravel/framework/src/Illuminate/Database/Connection.php(412): Illuminate\\Database\\Connection->run()
#15 /home/np_thinh/source/laravel-nuxt-docker/backend/vendor/laravel/framework/src/Illuminate/Database/Connection.php(357): Illuminate\\Database\\Connection->select()
#16 /home/np_thinh/source/laravel-nuxt-docker/backend/vendor/laravel/framework/src/Illuminate/Database/Connection.php(374): Illuminate\\Database\\Connection->selectOne()
#17 /home/np_thinh/source/laravel-nuxt-docker/backend/vendor/laravel/framework/src/Illuminate/Database/Schema/Builder.php(176): Illuminate\\Database\\Connection->scalar()
#18 /home/np_thinh/source/laravel-nuxt-docker/backend/vendor/laravel/framework/src/Illuminate/Database/Migrations/DatabaseMigrationRepository.php(185): Illuminate\\Database\\Schema\\Builder->hasTable()
#19 /home/np_thinh/source/laravel-nuxt-docker/backend/vendor/laravel/framework/src/Illuminate/Database/Migrations/Migrator.php(758): Illuminate\\Database\\Migrations\\DatabaseMigrationRepository->repositoryExists()
#20 /home/np_thinh/source/laravel-nuxt-docker/backend/vendor/laravel/framework/src/Illuminate/Database/Console/Migrations/MigrateCommand.php(166): Illuminate\\Database\\Migrations\\Migrator->repositoryExists()
#21 /home/np_thinh/source/laravel-nuxt-docker/backend/vendor/laravel/framework/src/Illuminate/Support/helpers.php(328): Illuminate\\Database\\Console\\Migrations\\MigrateCommand->{closure:Illuminate\\Database\\Console\\Migrations\\MigrateCommand::repositoryExists():166}()
#22 /home/np_thinh/source/laravel-nuxt-docker/backend/vendor/laravel/framework/src/Illuminate/Database/Console/Migrations/MigrateCommand.php(166): retry()
#23 /home/np_thinh/source/laravel-nuxt-docker/backend/vendor/laravel/framework/src/Illuminate/Database/Console/Migrations/MigrateCommand.php(142): Illuminate\\Database\\Console\\Migrations\\MigrateCommand->repositoryExists()
#24 /home/np_thinh/source/laravel-nuxt-docker/backend/vendor/laravel/framework/src/Illuminate/Database/Console/Migrations/MigrateCommand.php(112): Illuminate\\Database\\Console\\Migrations\\MigrateCommand->prepareDatabase()
#25 /home/np_thinh/source/laravel-nuxt-docker/backend/vendor/laravel/framework/src/Illuminate/Database/Migrations/Migrator.php(671): Illuminate\\Database\\Console\\Migrations\\MigrateCommand->{closure:Illuminate\\Database\\Console\\Migrations\\MigrateCommand::runMigrations():111}()
#26 /home/np_thinh/source/laravel-nuxt-docker/backend/vendor/laravel/framework/src/Illuminate/Database/Console/Migrations/MigrateCommand.php(111): Illuminate\\Database\\Migrations\\Migrator->usingConnection()
#27 /home/np_thinh/source/laravel-nuxt-docker/backend/vendor/laravel/framework/src/Illuminate/Database/Console/Migrations/MigrateCommand.php(90): Illuminate\\Database\\Console\\Migrations\\MigrateCommand->runMigrations()
#28 /home/np_thinh/source/laravel-nuxt-docker/backend/vendor/laravel/framework/src/Illuminate/Container/BoundMethod.php(36): Illuminate\\Database\\Console\\Migrations\\MigrateCommand->handle()
#29 /home/np_thinh/source/laravel-nuxt-docker/backend/vendor/laravel/framework/src/Illuminate/Container/Util.php(43): Illuminate\\Container\\BoundMethod::{closure:Illuminate\\Container\\BoundMethod::call():35}()
#30 /home/np_thinh/source/laravel-nuxt-docker/backend/vendor/laravel/framework/src/Illuminate/Container/BoundMethod.php(96): Illuminate\\Container\\Util::unwrapIfClosure()
#31 /home/np_thinh/source/laravel-nuxt-docker/backend/vendor/laravel/framework/src/Illuminate/Container/BoundMethod.php(35): Illuminate\\Container\\BoundMethod::callBoundMethod()
#32 /home/np_thinh/source/laravel-nuxt-docker/backend/vendor/laravel/framework/src/Illuminate/Container/Container.php(799): Illuminate\\Container\\BoundMethod::call()
#33 /home/np_thinh/source/laravel-nuxt-docker/backend/vendor/laravel/framework/src/Illuminate/Console/Command.php(280): Illuminate\\Container\\Container->call()
#34 /home/np_thinh/source/laravel-nuxt-docker/backend/vendor/symfony/console/Command/Command.php(341): Illuminate\\Console\\Command->execute()
#35 /home/np_thinh/source/laravel-nuxt-docker/backend/vendor/laravel/framework/src/Illuminate/Console/Command.php(249): Symfony\\Component\\Console\\Command\\Command->run()
#36 /home/np_thinh/source/laravel-nuxt-docker/backend/vendor/symfony/console/Application.php(1117): Illuminate\\Console\\Command->run()
#37 /home/np_thinh/source/laravel-nuxt-docker/backend/vendor/symfony/console/Application.php(356): Symfony\\Component\\Console\\Application->doRunCommand()
#38 /home/np_thinh/source/laravel-nuxt-docker/backend/vendor/symfony/console/Application.php(195): Symfony\\Component\\Console\\Application->doRun()
#39 /home/np_thinh/source/laravel-nuxt-docker/backend/vendor/laravel/framework/src/Illuminate/Foundation/Console/Kernel.php(198): Symfony\\Component\\Console\\Application->run()
#40 /home/np_thinh/source/laravel-nuxt-docker/backend/vendor/laravel/framework/src/Illuminate/Foundation/Application.php(1235): Illuminate\\Foundation\\Console\\Kernel->handle()
#41 /home/np_thinh/source/laravel-nuxt-docker/backend/artisan(16): Illuminate\\Foundation\\Application->handleCommand()
#42 {main}

[previous exception] [object] (PDOException(code: 0): PDO::connect(): php_network_getaddresses: getaddrinfo for mysql failed: Temporary failure in name resolution at /home/np_thinh/source/laravel-nuxt-docker/backend/vendor/laravel/framework/src/Illuminate/Database/Connectors/Connector.php:67)
[stacktrace]
#0 /home/np_thinh/source/laravel-nuxt-docker/backend/vendor/laravel/framework/src/Illuminate/Database/Connectors/Connector.php(67): PDO::connect()
#1 /home/np_thinh/source/laravel-nuxt-docker/backend/vendor/laravel/framework/src/Illuminate/Database/Connectors/Connector.php(85): Illuminate\\Database\\Connectors\\Connector->createPdoConnection()
#2 /home/np_thinh/source/laravel-nuxt-docker/backend/vendor/laravel/framework/src/Illuminate/Database/Connectors/Connector.php(48): Illuminate\\Database\\Connectors\\Connector->tryAgainIfCausedByLostConnection()
#3 /home/np_thinh/source/laravel-nuxt-docker/backend/vendor/laravel/framework/src/Illuminate/Database/Connectors/MySqlConnector.php(24): Illuminate\\Database\\Connectors\\Connector->createConnection()
#4 /home/np_thinh/source/laravel-nuxt-docker/backend/vendor/laravel/framework/src/Illuminate/Database/Connectors/ConnectionFactory.php(188): Illuminate\\Database\\Connectors\\MySqlConnector->connect()
#5 [internal function]: Illuminate\\Database\\Connectors\\ConnectionFactory->{closure:Illuminate\\Database\\Connectors\\ConnectionFactory::createPdoResolverWithHosts():181}()
#6 /home/np_thinh/source/laravel-nuxt-docker/backend/vendor/laravel/framework/src/Illuminate/Database/Connection.php(1279): call_user_func()
#7 /home/np_thinh/source/laravel-nuxt-docker/backend/vendor/laravel/framework/src/Illuminate/Database/Connection.php(1317): Illuminate\\Database\\Connection->getPdo()
#8 /home/np_thinh/source/laravel-nuxt-docker/backend/vendor/laravel/framework/src/Illuminate/Database/Connection.php(528): Illuminate\\Database\\Connection->getReadPdo()
#9 /home/np_thinh/source/laravel-nuxt-docker/backend/vendor/laravel/framework/src/Illuminate/Database/Connection.php(421): Illuminate\\Database\\Connection->getPdoForSelect()
#10 /home/np_thinh/source/laravel-nuxt-docker/backend/vendor/laravel/framework/src/Illuminate/Database/Connection.php(830): Illuminate\\Database\\Connection->{closure:Illuminate\\Database\\Connection::select():412}()
#11 /home/np_thinh/source/laravel-nuxt-docker/backend/vendor/laravel/framework/src/Illuminate/Database/Connection.php(1021): Illuminate\\Database\\Connection->runQueryCallback()
#12 /home/np_thinh/source/laravel-nuxt-docker/backend/vendor/laravel/framework/src/Illuminate/Database/Connection.php(1000): Illuminate\\Database\\Connection->tryAgainIfCausedByLostConnection()
#13 /home/np_thinh/source/laravel-nuxt-docker/backend/vendor/laravel/framework/src/Illuminate/Database/Connection.php(799): Illuminate\\Database\\Connection->handleQueryException()
#14 /home/np_thinh/source/laravel-nuxt-docker/backend/vendor/laravel/framework/src/Illuminate/Database/Connection.php(412): Illuminate\\Database\\Connection->run()
#15 /home/np_thinh/source/laravel-nuxt-docker/backend/vendor/laravel/framework/src/Illuminate/Database/Connection.php(357): Illuminate\\Database\\Connection->select()
#16 /home/np_thinh/source/laravel-nuxt-docker/backend/vendor/laravel/framework/src/Illuminate/Database/Connection.php(374): Illuminate\\Database\\Connection->selectOne()
#17 /home/np_thinh/source/laravel-nuxt-docker/backend/vendor/laravel/framework/src/Illuminate/Database/Schema/Builder.php(176): Illuminate\\Database\\Connection->scalar()
#18 /home/np_thinh/source/laravel-nuxt-docker/backend/vendor/laravel/framework/src/Illuminate/Database/Migrations/DatabaseMigrationRepository.php(185): Illuminate\\Database\\Schema\\Builder->hasTable()
#19 /home/np_thinh/source/laravel-nuxt-docker/backend/vendor/laravel/framework/src/Illuminate/Database/Migrations/Migrator.php(758): Illuminate\\Database\\Migrations\\DatabaseMigrationRepository->repositoryExists()
#20 /home/np_thinh/source/laravel-nuxt-docker/backend/vendor/laravel/framework/src/Illuminate/Database/Console/Migrations/MigrateCommand.php(166): Illuminate\\Database\\Migrations\\Migrator->repositoryExists()
#21 /home/np_thinh/source/laravel-nuxt-docker/backend/vendor/laravel/framework/src/Illuminate/Support/helpers.php(328): Illuminate\\Database\\Console\\Migrations\\MigrateCommand->{closure:Illuminate\\Database\\Console\\Migrations\\MigrateCommand::repositoryExists():166}()
#22 /home/np_thinh/source/laravel-nuxt-docker/backend/vendor/laravel/framework/src/Illuminate/Database/Console/Migrations/MigrateCommand.php(166): retry()
#23 /home/np_thinh/source/laravel-nuxt-docker/backend/vendor/laravel/framework/src/Illuminate/Database/Console/Migrations/MigrateCommand.php(142): Illuminate\\Database\\Console\\Migrations\\MigrateCommand->repositoryExists()
#24 /home/np_thinh/source/laravel-nuxt-docker/backend/vendor/laravel/framework/src/Illuminate/Database/Console/Migrations/MigrateCommand.php(112): Illuminate\\Database\\Console\\Migrations\\MigrateCommand->prepareDatabase()
#25 /home/np_thinh/source/laravel-nuxt-docker/backend/vendor/laravel/framework/src/Illuminate/Database/Migrations/Migrator.php(671): Illuminate\\Database\\Console\\Migrations\\MigrateCommand->{closure:Illuminate\\Database\\Console\\Migrations\\MigrateCommand::runMigrations():111}()
#26 /home/np_thinh/source/laravel-nuxt-docker/backend/vendor/laravel/framework/src/Illuminate/Database/Console/Migrations/MigrateCommand.php(111): Illuminate\\Database\\Migrations\\Migrator->usingConnection()
#27 /home/np_thinh/source/laravel-nuxt-docker/backend/vendor/laravel/framework/src/Illuminate/Database/Console/Migrations/MigrateCommand.php(90): Illuminate\\Database\\Console\\Migrations\\MigrateCommand->runMigrations()
#28 /home/np_thinh/source/laravel-nuxt-docker/backend/vendor/laravel/framework/src/Illuminate/Container/BoundMethod.php(36): Illuminate\\Database\\Console\\Migrations\\MigrateCommand->handle()
#29 /home/np_thinh/source/laravel-nuxt-docker/backend/vendor/laravel/framework/src/Illuminate/Container/Util.php(43): Illuminate\\Container\\BoundMethod::{closure:Illuminate\\Container\\BoundMethod::call():35}()
#30 /home/np_thinh/source/laravel-nuxt-docker/backend/vendor/laravel/framework/src/Illuminate/Container/BoundMethod.php(96): Illuminate\\Container\\Util::unwrapIfClosure()
#31 /home/np_thinh/source/laravel-nuxt-docker/backend/vendor/laravel/framework/src/Illuminate/Container/BoundMethod.php(35): Illuminate\\Container\\BoundMethod::callBoundMethod()
#32 /home/np_thinh/source/laravel-nuxt-docker/backend/vendor/laravel/framework/src/Illuminate/Container/Container.php(799): Illuminate\\Container\\BoundMethod::call()
#33 /home/np_thinh/source/laravel-nuxt-docker/backend/vendor/laravel/framework/src/Illuminate/Console/Command.php(280): Illuminate\\Container\\Container->call()
#34 /home/np_thinh/source/laravel-nuxt-docker/backend/vendor/symfony/console/Command/Command.php(341): Illuminate\\Console\\Command->execute()
#35 /home/np_thinh/source/laravel-nuxt-docker/backend/vendor/laravel/framework/src/Illuminate/Console/Command.php(249): Symfony\\Component\\Console\\Command\\Command->run()
#36 /home/np_thinh/source/laravel-nuxt-docker/backend/vendor/symfony/console/Application.php(1117): Illuminate\\Console\\Command->run()
#37 /home/np_thinh/source/laravel-nuxt-docker/backend/vendor/symfony/console/Application.php(356): Symfony\\Component\\Console\\Application->doRunCommand()
#38 /home/np_thinh/source/laravel-nuxt-docker/backend/vendor/symfony/console/Application.php(195): Symfony\\Component\\Console\\Application->doRun()
#39 /home/np_thinh/source/laravel-nuxt-docker/backend/vendor/laravel/framework/src/Illuminate/Foundation/Console/Kernel.php(198): Symfony\\Component\\Console\\Application->run()
#40 /home/np_thinh/source/laravel-nuxt-docker/backend/vendor/laravel/framework/src/Illuminate/Foundation/Application.php(1235): Illuminate\\Foundation\\Console\\Kernel->handle()
#41 /home/np_thinh/source/laravel-nuxt-docker/backend/artisan(16): Illuminate\\Foundation\\Application->handleCommand()
#42 {main}
"} 
[2026-08-21 07:48:32] local.ERROR: SQLSTATE[HY000] [2002] php_network_getaddresses: getaddrinfo for mysql failed: Temporary failure in name resolution (Connection: mysql, Host: mysql, Port: 3306, Database: laravel_nuxt, SQL: select exists (select 1 from information_schema.tables where table_schema = schema() and table_name = 'migrations' and table_type in ('BASE TABLE', 'SYSTEM VERSIONED')) as `exists`) {"exception":"[object] (Illuminate\\Database\\QueryException(code: 2002): SQLSTATE[HY000] [2002] php_network_getaddresses: getaddrinfo for mysql failed: Temporary failure in name resolution (Connection: mysql, Host: mysql, Port: 3306, Database: laravel_nuxt, SQL: select exists (select 1 from information_schema.tables where table_schema = schema() and table_name = 'migrations' and table_type in ('BASE TABLE', 'SYSTEM VERSIONED')) as `exists`) at /home/np_thinh/source/laravel-nuxt-docker/backend/vendor/laravel/framework/src/Illuminate/Database/Connection.php:841)
[stacktrace]
#0 /home/np_thinh/source/laravel-nuxt-docker/backend/vendor/laravel/framework/src/Illuminate/Database/Connection.php(1021): Illuminate\\Database\\Connection->runQueryCallback()
#1 /home/np_thinh/source/laravel-nuxt-docker/backend/vendor/laravel/framework/src/Illuminate/Database/Connection.php(1000): Illuminate\\Database\\Connection->tryAgainIfCausedByLostConnection()
#2 /home/np_thinh/source/laravel-nuxt-docker/backend/vendor/laravel/framework/src/Illuminate/Database/Connection.php(799): Illuminate\\Database\\Connection->handleQueryException()
#3 /home/np_thinh/source/laravel-nuxt-docker/backend/vendor/laravel/framework/src/Illuminate/Database/Connection.php(412): Illuminate\\Database\\Connection->run()
#4 /home/np_thinh/source/laravel-nuxt-docker/backend/vendor/laravel/framework/src/Illuminate/Database/Connection.php(357): Illuminate\\Database\\Connection->select()
#5 /home/np_thinh/source/laravel-nuxt-docker/backend/vendor/laravel/framework/src/Illuminate/Database/Connection.php(374): Illuminate\\Database\\Connection->selectOne()
#6 /home/np_thinh/source/laravel-nuxt-docker/backend/vendor/laravel/framework/src/Illuminate/Database/Schema/Builder.php(176): Illuminate\\Database\\Connection->scalar()
#7 /home/np_thinh/source/laravel-nuxt-docker/backend/vendor/laravel/framework/src/Illuminate/Database/Migrations/DatabaseMigrationRepository.php(185): Illuminate\\Database\\Schema\\Builder->hasTable()
#8 /home/np_thinh/source/laravel-nuxt-docker/backend/vendor/laravel/framework/src/Illuminate/Database/Migrations/Migrator.php(758): Illuminate\\Database\\Migrations\\DatabaseMigrationRepository->repositoryExists()
#9 /home/np_thinh/source/laravel-nuxt-docker/backend/vendor/laravel/framework/src/Illuminate/Database/Console/Migrations/MigrateCommand.php(166): Illuminate\\Database\\Migrations\\Migrator->repositoryExists()
#10 /home/np_thinh/source/laravel-nuxt-docker/backend/vendor/laravel/framework/src/Illuminate/Support/helpers.php(328): Illuminate\\Database\\Console\\Migrations\\MigrateCommand->{closure:Illuminate\\Database\\Console\\Migrations\\MigrateCommand::repositoryExists():166}()
#11 /home/np_thinh/source/laravel-nuxt-docker/backend/vendor/laravel/framework/src/Illuminate/Database/Console/Migrations/MigrateCommand.php(166): retry()
#12 /home/np_thinh/source/laravel-nuxt-docker/backend/vendor/laravel/framework/src/Illuminate/Database/Console/Migrations/MigrateCommand.php(142): Illuminate\\Database\\Console\\Migrations\\MigrateCommand->repositoryExists()
#13 /home/np_thinh/source/laravel-nuxt-docker/backend/vendor/laravel/framework/src/Illuminate/Database/Console/Migrations/MigrateCommand.php(112): Illuminate\\Database\\Console\\Migrations\\MigrateCommand->prepareDatabase()
#14 /home/np_thinh/source/laravel-nuxt-docker/backend/vendor/laravel/framework/src/Illuminate/Database/Migrations/Migrator.php(671): Illuminate\\Database\\Console\\Migrations\\MigrateCommand->{closure:Illuminate\\Database\\Console\\Migrations\\MigrateCommand::runMigrations():111}()
#15 /home/np_thinh/source/laravel-nuxt-docker/backend/vendor/laravel/framework/src/Illuminate/Database/Console/Migrations/MigrateCommand.php(111): Illuminate\\Database\\Migrations\\Migrator->usingConnection()
#16 /home/np_thinh/source/laravel-nuxt-docker/backend/vendor/laravel/framework/src/Illuminate/Database/Console/Migrations/MigrateCommand.php(90): Illuminate\\Database\\Console\\Migrations\\MigrateCommand->runMigrations()
#17 /home/np_thinh/source/laravel-nuxt-docker/backend/vendor/laravel/framework/src/Illuminate/Container/BoundMethod.php(36): Illuminate\\Database\\Console\\Migrations\\MigrateCommand->handle()
#18 /home/np_thinh/source/laravel-nuxt-docker/backend/vendor/laravel/framework/src/Illuminate/Container/Util.php(43): Illuminate\\Container\\BoundMethod::{closure:Illuminate\\Container\\BoundMethod::call():35}()
#19 /home/np_thinh/source/laravel-nuxt-docker/backend/vendor/laravel/framework/src/Illuminate/Container/BoundMethod.php(96): Illuminate\\Container\\Util::unwrapIfClosure()
#20 /home/np_thinh/source/laravel-nuxt-docker/backend/vendor/laravel/framework/src/Illuminate/Container/BoundMethod.php(35): Illuminate\\Container\\BoundMethod::callBoundMethod()
#21 /home/np_thinh/source/laravel-nuxt-docker/backend/vendor/laravel/framework/src/Illuminate/Container/Container.php(799): Illuminate\\Container\\BoundMethod::call()
#22 /home/np_thinh/source/laravel-nuxt-docker/backend/vendor/laravel/framework/src/Illuminate/Console/Command.php(280): Illuminate\\Container\\Container->call()
#23 /home/np_thinh/source/laravel-nuxt-docker/backend/vendor/symfony/console/Command/Command.php(341): Illuminate\\Console\\Command->execute()
#24 /home/np_thinh/source/laravel-nuxt-docker/backend/vendor/laravel/framework/src/Illuminate/Console/Command.php(249): Symfony\\Component\\Console\\Command\\Command->run()
#25 /home/np_thinh/source/laravel-nuxt-docker/backend/vendor/symfony/console/Application.php(1117): Illuminate\\Console\\Command->run()
#26 /home/np_thinh/source/laravel-nuxt-docker/backend/vendor/symfony/console/Application.php(356): Symfony\\Component\\Console\\Application->doRunCommand()
#27 /home/np_thinh/source/laravel-nuxt-docker/backend/vendor/symfony/console/Application.php(195): Symfony\\Component\\Console\\Application->doRun()
#28 /home/np_thinh/source/laravel-nuxt-docker/backend/vendor/laravel/framework/src/Illuminate/Foundation/Console/Kernel.php(198): Symfony\\Component\\Console\\Application->run()
#29 /home/np_thinh/source/laravel-nuxt-docker/backend/vendor/laravel/framework/src/Illuminate/Foundation/Application.php(1235): Illuminate\\Foundation\\Console\\Kernel->handle()
#30 /home/np_thinh/source/laravel-nuxt-docker/backend/artisan(16): Illuminate\\Foundation\\Application->handleCommand()
#31 {main}

[previous exception] [object] (PDOException(code: 2002): SQLSTATE[HY000] [2002] php_network_getaddresses: getaddrinfo for mysql failed: Temporary failure in name resolution at /home/np_thinh/source/laravel-nuxt-docker/backend/vendor/laravel/framework/src/Illuminate/Database/Connectors/Connector.php:67)
[stacktrace]
#0 /home/np_thinh/source/laravel-nuxt-docker/backend/vendor/laravel/framework/src/Illuminate/Database/Connectors/Connector.php(67): PDO::connect()
#1 /home/np_thinh/source/laravel-nuxt-docker/backend/vendor/laravel/framework/src/Illuminate/Database/Connectors/Connector.php(85): Illuminate\\Database\\Connectors\\Connector->createPdoConnection()
#2 /home/np_thinh/source/laravel-nuxt-docker/backend/vendor/laravel/framework/src/Illuminate/Database/Connectors/Connector.php(48): Illuminate\\Database\\Connectors\\Connector->tryAgainIfCausedByLostConnection()
#3 /home/np_thinh/source/laravel-nuxt-docker/backend/vendor/laravel/framework/src/Illuminate/Database/Connectors/MySqlConnector.php(24): Illuminate\\Database\\Connectors\\Connector->createConnection()
#4 /home/np_thinh/source/laravel-nuxt-docker/backend/vendor/laravel/framework/src/Illuminate/Database/Connectors/ConnectionFactory.php(188): Illuminate\\Database\\Connectors\\MySqlConnector->connect()
#5 [internal function]: Illuminate\\Database\\Connectors\\ConnectionFactory->{closure:Illuminate\\Database\\Connectors\\ConnectionFactory::createPdoResolverWithHosts():181}()
#6 /home/np_thinh/source/laravel-nuxt-docker/backend/vendor/laravel/framework/src/Illuminate/Database/Connection.php(1279): call_user_func()
#7 /home/np_thinh/source/laravel-nuxt-docker/backend/vendor/laravel/framework/src/Illuminate/Database/Connection.php(1317): Illuminate\\Database\\Connection->getPdo()
#8 /home/np_thinh/source/laravel-nuxt-docker/backend/vendor/laravel/framework/src/Illuminate/Database/Connection.php(528): Illuminate\\Database\\Connection->getReadPdo()
#9 /home/np_thinh/source/laravel-nuxt-docker/backend/vendor/laravel/framework/src/Illuminate/Database/Connection.php(421): Illuminate\\Database\\Connection->getPdoForSelect()
#10 /home/np_thinh/source/laravel-nuxt-docker/backend/vendor/laravel/framework/src/Illuminate/Database/Connection.php(830): Illuminate\\Database\\Connection->{closure:Illuminate\\Database\\Connection::select():412}()
#11 /home/np_thinh/source/laravel-nuxt-docker/backend/vendor/laravel/framework/src/Illuminate/Database/Connection.php(1021): Illuminate\\Database\\Connection->runQueryCallback()
#12 /home/np_thinh/source/laravel-nuxt-docker/backend/vendor/laravel/framework/src/Illuminate/Database/Connection.php(1000): Illuminate\\Database\\Connection->tryAgainIfCausedByLostConnection()
#13 /home/np_thinh/source/laravel-nuxt-docker/backend/vendor/laravel/framework/src/Illuminate/Database/Connection.php(799): Illuminate\\Database\\Connection->handleQueryException()
#14 /home/np_thinh/source/laravel-nuxt-docker/backend/vendor/laravel/framework/src/Illuminate/Database/Connection.php(412): Illuminate\\Database\\Connection->run()
#15 /home/np_thinh/source/laravel-nuxt-docker/backend/vendor/laravel/framework/src/Illuminate/Database/Connection.php(357): Illuminate\\Database\\Connection->select()
#16 /home/np_thinh/source/laravel-nuxt-docker/backend/vendor/laravel/framework/src/Illuminate/Database/Connection.php(374): Illuminate\\Database\\Connection->selectOne()
#17 /home/np_thinh/source/laravel-nuxt-docker/backend/vendor/laravel/framework/src/Illuminate/Database/Schema/Builder.php(176): Illuminate\\Database\\Connection->scalar()
#18 /home/np_thinh/source/laravel-nuxt-docker/backend/vendor/laravel/framework/src/Illuminate/Database/Migrations/DatabaseMigrationRepository.php(185): Illuminate\\Database\\Schema\\Builder->hasTable()
#19 /home/np_thinh/source/laravel-nuxt-docker/backend/vendor/laravel/framework/src/Illuminate/Database/Migrations/Migrator.php(758): Illuminate\\Database\\Migrations\\DatabaseMigrationRepository->repositoryExists()
#20 /home/np_thinh/source/laravel-nuxt-docker/backend/vendor/laravel/framework/src/Illuminate/Database/Console/Migrations/MigrateCommand.php(166): Illuminate\\Database\\Migrations\\Migrator->repositoryExists()
#21 /home/np_thinh/source/laravel-nuxt-docker/backend/vendor/laravel/framework/src/Illuminate/Support/helpers.php(328): Illuminate\\Database\\Console\\Migrations\\MigrateCommand->{closure:Illuminate\\Database\\Console\\Migrations\\MigrateCommand::repositoryExists():166}()
#22 /home/np_thinh/source/laravel-nuxt-docker/backend/vendor/laravel/framework/src/Illuminate/Database/Console/Migrations/MigrateCommand.php(166): retry()
#23 /home/np_thinh/source/laravel-nuxt-docker/backend/vendor/laravel/framework/src/Illuminate/Database/Console/Migrations/MigrateCommand.php(142): Illuminate\\Database\\Console\\Migrations\\MigrateCommand->repositoryExists()
#24 /home/np_thinh/source/laravel-nuxt-docker/backend/vendor/laravel/framework/src/Illuminate/Database/Console/Migrations/MigrateCommand.php(112): Illuminate\\Database\\Console\\Migrations\\MigrateCommand->prepareDatabase()
#25 /home/np_thinh/source/laravel-nuxt-docker/backend/vendor/laravel/framework/src/Illuminate/Database/Migrations/Migrator.php(671): Illuminate\\Database\\Console\\Migrations\\MigrateCommand->{closure:Illuminate\\Database\\Console\\Migrations\\MigrateCommand::runMigrations():111}()
#26 /home/np_thinh/source/laravel-nuxt-docker/backend/vendor/laravel/framework/src/Illuminate/Database/Console/Migrations/MigrateCommand.php(111): Illuminate\\Database\\Migrations\\Migrator->usingConnection()
#27 /home/np_thinh/source/laravel-nuxt-docker/backend/vendor/laravel/framework/src/Illuminate/Database/Console/Migrations/MigrateCommand.php(90): Illuminate\\Database\\Console\\Migrations\\MigrateCommand->runMigrations()
#28 /home/np_thinh/source/laravel-nuxt-docker/backend/vendor/laravel/framework/src/Illuminate/Container/BoundMethod.php(36): Illuminate\\Database\\Console\\Migrations\\MigrateCommand->handle()
#29 /home/np_thinh/source/laravel-nuxt-docker/backend/vendor/laravel/framework/src/Illuminate/Container/Util.php(43): Illuminate\\Container\\BoundMethod::{closure:Illuminate\\Container\\BoundMethod::call():35}()
#30 /home/np_thinh/source/laravel-nuxt-docker/backend/vendor/laravel/framework/src/Illuminate/Container/BoundMethod.php(96): Illuminate\\Container\\Util::unwrapIfClosure()
#31 /home/np_thinh/source/laravel-nuxt-docker/backend/vendor/laravel/framework/src/Illuminate/Container/BoundMethod.php(35): Illuminate\\Container\\BoundMethod::callBoundMethod()
#32 /home/np_thinh/source/laravel-nuxt-docker/backend/vendor/laravel/framework/src/Illuminate/Container/Container.php(799): Illuminate\\Container\\BoundMethod::call()
#33 /home/np_thinh/source/laravel-nuxt-docker/backend/vendor/laravel/framework/src/Illuminate/Console/Command.php(280): Illuminate\\Container\\Container->call()
#34 /home/np_thinh/source/laravel-nuxt-docker/backend/vendor/symfony/console/Command/Command.php(341): Illuminate\\Console\\Command->execute()
#35 /home/np_thinh/source/laravel-nuxt-docker/backend/vendor/laravel/framework/src/Illuminate/Console/Command.php(249): Symfony\\Component\\Console\\Command\\Command->run()
#36 /home/np_thinh/source/laravel-nuxt-docker/backend/vendor/symfony/console/Application.php(1117): Illuminate\\Console\\Command->run()
#37 /home/np_thinh/source/laravel-nuxt-docker/backend/vendor/symfony/console/Application.php(356): Symfony\\Component\\Console\\Application->doRunCommand()
#38 /home/np_thinh/source/laravel-nuxt-docker/backend/vendor/symfony/console/Application.php(195): Symfony\\Component\\Console\\Application->doRun()
#39 /home/np_thinh/source/laravel-nuxt-docker/backend/vendor/laravel/framework/src/Illuminate/Foundation/Console/Kernel.php(198): Symfony\\Component\\Console\\Application->run()
#40 /home/np_thinh/source/laravel-nuxt-docker/backend/vendor/laravel/framework/src/Illuminate/Foundation/Application.php(1235): Illuminate\\Foundation\\Console\\Kernel->handle()
#41 /home/np_thinh/source/laravel-nuxt-docker/backend/artisan(16): Illuminate\\Foundation\\Application->handleCommand()
#42 {main}

[previous exception] [object] (PDOException(code: 0): PDO::connect(): php_network_getaddresses: getaddrinfo for mysql failed: Temporary failure in name resolution at /home/np_thinh/source/laravel-nuxt-docker/backend/vendor/laravel/framework/src/Illuminate/Database/Connectors/Connector.php:67)
[stacktrace]
#0 /home/np_thinh/source/laravel-nuxt-docker/backend/vendor/laravel/framework/src/Illuminate/Database/Connectors/Connector.php(67): PDO::connect()
#1 /home/np_thinh/source/laravel-nuxt-docker/backend/vendor/laravel/framework/src/Illuminate/Database/Connectors/Connector.php(85): Illuminate\\Database\\Connectors\\Connector->createPdoConnection()
#2 /home/np_thinh/source/laravel-nuxt-docker/backend/vendor/laravel/framework/src/Illuminate/Database/Connectors/Connector.php(48): Illuminate\\Database\\Connectors\\Connector->tryAgainIfCausedByLostConnection()
#3 /home/np_thinh/source/laravel-nuxt-docker/backend/vendor/laravel/framework/src/Illuminate/Database/Connectors/MySqlConnector.php(24): Illuminate\\Database\\Connectors\\Connector->createConnection()
#4 /home/np_thinh/source/laravel-nuxt-docker/backend/vendor/laravel/framework/src/Illuminate/Database/Connectors/ConnectionFactory.php(188): Illuminate\\Database\\Connectors\\MySqlConnector->connect()
#5 [internal function]: Illuminate\\Database\\Connectors\\ConnectionFactory->{closure:Illuminate\\Database\\Connectors\\ConnectionFactory::createPdoResolverWithHosts():181}()
#6 /home/np_thinh/source/laravel-nuxt-docker/backend/vendor/laravel/framework/src/Illuminate/Database/Connection.php(1279): call_user_func()
#7 /home/np_thinh/source/laravel-nuxt-docker/backend/vendor/laravel/framework/src/Illuminate/Database/Connection.php(1317): Illuminate\\Database\\Connection->getPdo()
#8 /home/np_thinh/source/laravel-nuxt-docker/backend/vendor/laravel/framework/src/Illuminate/Database/Connection.php(528): Illuminate\\Database\\Connection->getReadPdo()
#9 /home/np_thinh/source/laravel-nuxt-docker/backend/vendor/laravel/framework/src/Illuminate/Database/Connection.php(421): Illuminate\\Database\\Connection->getPdoForSelect()
#10 /home/np_thinh/source/laravel-nuxt-docker/backend/vendor/laravel/framework/src/Illuminate/Database/Connection.php(830): Illuminate\\Database\\Connection->{closure:Illuminate\\Database\\Connection::select():412}()
#11 /home/np_thinh/source/laravel-nuxt-docker/backend/vendor/laravel/framework/src/Illuminate/Database/Connection.php(1021): Illuminate\\Database\\Connection->runQueryCallback()
#12 /home/np_thinh/source/laravel-nuxt-docker/backend/vendor/laravel/framework/src/Illuminate/Database/Connection.php(1000): Illuminate\\Database\\Connection->tryAgainIfCausedByLostConnection()
#13 /home/np_thinh/source/laravel-nuxt-docker/backend/vendor/laravel/framework/src/Illuminate/Database/Connection.php(799): Illuminate\\Database\\Connection->handleQueryException()
#14 /home/np_thinh/source/laravel-nuxt-docker/backend/vendor/laravel/framework/src/Illuminate/Database/Connection.php(412): Illuminate\\Database\\Connection->run()
#15 /home/np_thinh/source/laravel-nuxt-docker/backend/vendor/laravel/framework/src/Illuminate/Database/Connection.php(357): Illuminate\\Database\\Connection->select()
#16 /home/np_thinh/source/laravel-nuxt-docker/backend/vendor/laravel/framework/src/Illuminate/Database/Connection.php(374): Illuminate\\Database\\Connection->selectOne()
#17 /home/np_thinh/source/laravel-nuxt-docker/backend/vendor/laravel/framework/src/Illuminate/Database/Schema/Builder.php(176): Illuminate\\Database\\Connection->scalar()
#18 /home/np_thinh/source/laravel-nuxt-docker/backend/vendor/laravel/framework/src/Illuminate/Database/Migrations/DatabaseMigrationRepository.php(185): Illuminate\\Database\\Schema\\Builder->hasTable()
#19 /home/np_thinh/source/laravel-nuxt-docker/backend/vendor/laravel/framework/src/Illuminate/Database/Migrations/Migrator.php(758): Illuminate\\Database\\Migrations\\DatabaseMigrationRepository->repositoryExists()
#20 /home/np_thinh/source/laravel-nuxt-docker/backend/vendor/laravel/framework/src/Illuminate/Database/Console/Migrations/MigrateCommand.php(166): Illuminate\\Database\\Migrations\\Migrator->repositoryExists()
#21 /home/np_thinh/source/laravel-nuxt-docker/backend/vendor/laravel/framework/src/Illuminate/Support/helpers.php(328): Illuminate\\Database\\Console\\Migrations\\MigrateCommand->{closure:Illuminate\\Database\\Console\\Migrations\\MigrateCommand::repositoryExists():166}()
#22 /home/np_thinh/source/laravel-nuxt-docker/backend/vendor/laravel/framework/src/Illuminate/Database/Console/Migrations/MigrateCommand.php(166): retry()
#23 /home/np_thinh/source/laravel-nuxt-docker/backend/vendor/laravel/framework/src/Illuminate/Database/Console/Migrations/MigrateCommand.php(142): Illuminate\\Database\\Console\\Migrations\\MigrateCommand->repositoryExists()
#24 /home/np_thinh/source/laravel-nuxt-docker/backend/vendor/laravel/framework/src/Illuminate/Database/Console/Migrations/MigrateCommand.php(112): Illuminate\\Database\\Console\\Migrations\\MigrateCommand->prepareDatabase()
#25 /home/np_thinh/source/laravel-nuxt-docker/backend/vendor/laravel/framework/src/Illuminate/Database/Migrations/Migrator.php(671): Illuminate\\Database\\Console\\Migrations\\MigrateCommand->{closure:Illuminate\\Database\\Console\\Migrations\\MigrateCommand::runMigrations():111}()
#26 /home/np_thinh/source/laravel-nuxt-docker/backend/vendor/laravel/framework/src/Illuminate/Database/Console/Migrations/MigrateCommand.php(111): Illuminate\\Database\\Migrations\\Migrator->usingConnection()
#27 /home/np_thinh/source/laravel-nuxt-docker/backend/vendor/laravel/framework/src/Illuminate/Database/Console/Migrations/MigrateCommand.php(90): Illuminate\\Database\\Console\\Migrations\\MigrateCommand->runMigrations()
#28 /home/np_thinh/source/laravel-nuxt-docker/backend/vendor/laravel/framework/src/Illuminate/Container/BoundMethod.php(36): Illuminate\\Database\\Console\\Migrations\\MigrateCommand->handle()
#29 /home/np_thinh/source/laravel-nuxt-docker/backend/vendor/laravel/framework/src/Illuminate/Container/Util.php(43): Illuminate\\Container\\BoundMethod::{closure:Illuminate\\Container\\BoundMethod::call():35}()
#30 /home/np_thinh/source/laravel-nuxt-docker/backend/vendor/laravel/framework/src/Illuminate/Container/BoundMethod.php(96): Illuminate\\Container\\Util::unwrapIfClosure()
#31 /home/np_thinh/source/laravel-nuxt-docker/backend/vendor/laravel/framework/src/Illuminate/Container/BoundMethod.php(35): Illuminate\\Container\\BoundMethod::callBoundMethod()
#32 /home/np_thinh/source/laravel-nuxt-docker/backend/vendor/laravel/framework/src/Illuminate/Container/Container.php(799): Illuminate\\Container\\BoundMethod::call()
#33 /home/np_thinh/source/laravel-nuxt-docker/backend/vendor/laravel/framework/src/Illuminate/Console/Command.php(280): Illuminate\\Container\\Container->call()
#34 /home/np_thinh/source/laravel-nuxt-docker/backend/vendor/symfony/console/Command/Command.php(341): Illuminate\\Console\\Command->execute()
#35 /home/np_thinh/source/laravel-nuxt-docker/backend/vendor/laravel/framework/src/Illuminate/Console/Command.php(249): Symfony\\Component\\Console\\Command\\Command->run()
#36 /home/np_thinh/source/laravel-nuxt-docker/backend/vendor/symfony/console/Application.php(1117): Illuminate\\Console\\Command->run()
#37 /home/np_thinh/source/laravel-nuxt-docker/backend/vendor/symfony/console/Application.php(356): Symfony\\Component\\Console\\Application->doRunCommand()
#38 /home/np_thinh/source/laravel-nuxt-docker/backend/vendor/symfony/console/Application.php(195): Symfony\\Component\\Console\\Application->doRun()
#39 /home/np_thinh/source/laravel-nuxt-docker/backend/vendor/laravel/framework/src/Illuminate/Foundation/Console/Kernel.php(198): Symfony\\Component\\Console\\Application->run()
#40 /home/np_thinh/source/laravel-nuxt-docker/backend/vendor/laravel/framework/src/Illuminate/Foundation/Application.php(1235): Illuminate\\Foundation\\Console\\Kernel->handle()
#41 /home/np_thinh/source/laravel-nuxt-docker/backend/artisan(16): Illuminate\\Foundation\\Application->handleCommand()
#42 {main}
"} 
[2026-08-21 07:51:08] local.ERROR: SQLSTATE[HY000] [2002] php_network_getaddresses: getaddrinfo for mysql failed: Temporary failure in name resolution (Connection: mysql, Host: mysql, Port: 3306, Database: app, SQL: delete from `cache`) {"exception":"[object] (Illuminate\\Database\\QueryException(code: 2002): SQLSTATE[HY000] [2002] php_network_getaddresses: getaddrinfo for mysql failed: Temporary failure in name resolution (Connection: mysql, Host: mysql, Port: 3306, Database: app, SQL: delete from `cache`) at /home/np_thinh/source/laravel-nuxt-docker/backend/vendor/laravel/framework/src/Illuminate/Database/Connection.php:841)
[stacktrace]
#0 /home/np_thinh/source/laravel-nuxt-docker/backend/vendor/laravel/framework/src/Illuminate/Database/Connection.php(1021): Illuminate\\Database\\Connection->runQueryCallback()
#1 /home/np_thinh/source/laravel-nuxt-docker/backend/vendor/laravel/framework/src/Illuminate/Database/Connection.php(1000): Illuminate\\Database\\Connection->tryAgainIfCausedByLostConnection()
#2 /home/np_thinh/source/laravel-nuxt-docker/backend/vendor/laravel/framework/src/Illuminate/Database/Connection.php(799): Illuminate\\Database\\Connection->handleQueryException()
#3 /home/np_thinh/source/laravel-nuxt-docker/backend/vendor/laravel/framework/src/Illuminate/Database/Connection.php(600): Illuminate\\Database\\Connection->run()
#4 /home/np_thinh/source/laravel-nuxt-docker/backend/vendor/laravel/framework/src/Illuminate/Database/Connection.php(564): Illuminate\\Database\\Connection->affectingStatement()
#5 /home/np_thinh/source/laravel-nuxt-docker/backend/vendor/laravel/framework/src/Illuminate/Database/Query/Builder.php(4514): Illuminate\\Database\\Connection->delete()
#6 /home/np_thinh/source/laravel-nuxt-docker/backend/vendor/laravel/framework/src/Illuminate/Cache/DatabaseStore.php(450): Illuminate\\Database\\Query\\Builder->delete()
#7 /home/np_thinh/source/laravel-nuxt-docker/backend/vendor/laravel/framework/src/Illuminate/Cache/Repository.php(1049): Illuminate\\Cache\\DatabaseStore->flush()
#8 /home/np_thinh/source/laravel-nuxt-docker/backend/vendor/laravel/framework/src/Illuminate/Cache/Console/ClearCommand.php(73): Illuminate\\Cache\\Repository->__call()
#9 /home/np_thinh/source/laravel-nuxt-docker/backend/vendor/laravel/framework/src/Illuminate/Container/BoundMethod.php(36): Illuminate\\Cache\\Console\\ClearCommand->handle()
#10 /home/np_thinh/source/laravel-nuxt-docker/backend/vendor/laravel/framework/src/Illuminate/Container/Util.php(43): Illuminate\\Container\\BoundMethod::{closure:Illuminate\\Container\\BoundMethod::call():35}()
#11 /home/np_thinh/source/laravel-nuxt-docker/backend/vendor/laravel/framework/src/Illuminate/Container/BoundMethod.php(96): Illuminate\\Container\\Util::unwrapIfClosure()
#12 /home/np_thinh/source/laravel-nuxt-docker/backend/vendor/laravel/framework/src/Illuminate/Container/BoundMethod.php(35): Illuminate\\Container\\BoundMethod::callBoundMethod()
#13 /home/np_thinh/source/laravel-nuxt-docker/backend/vendor/laravel/framework/src/Illuminate/Container/Container.php(799): Illuminate\\Container\\BoundMethod::call()
#14 /home/np_thinh/source/laravel-nuxt-docker/backend/vendor/laravel/framework/src/Illuminate/Console/Command.php(280): Illuminate\\Container\\Container->call()
#15 /home/np_thinh/source/laravel-nuxt-docker/backend/vendor/symfony/console/Command/Command.php(341): Illuminate\\Console\\Command->execute()
#16 /home/np_thinh/source/laravel-nuxt-docker/backend/vendor/laravel/framework/src/Illuminate/Console/Command.php(249): Symfony\\Component\\Console\\Command\\Command->run()
#17 /home/np_thinh/source/laravel-nuxt-docker/backend/vendor/laravel/framework/src/Illuminate/Console/Concerns/CallsCommands.php(68): Illuminate\\Console\\Command->run()
#18 /home/np_thinh/source/laravel-nuxt-docker/backend/vendor/laravel/framework/src/Illuminate/Console/Concerns/CallsCommands.php(41): Illuminate\\Console\\Command->runCommand()
#19 /home/np_thinh/source/laravel-nuxt-docker/backend/vendor/laravel/framework/src/Illuminate/Console/Concerns/CallsCommands.php(53): Illuminate\\Console\\Command->callSilent()
#20 /home/np_thinh/source/laravel-nuxt-docker/backend/vendor/laravel/framework/src/Illuminate/Foundation/Console/OptimizeClearCommand.php(48): Illuminate\\Console\\Command->callSilently()
#21 /home/np_thinh/source/laravel-nuxt-docker/backend/vendor/laravel/framework/src/Illuminate/Console/View/Components/Task.php(43): Illuminate\\Foundation\\Console\\OptimizeClearCommand->{closure:Illuminate\\Foundation\\Console\\OptimizeClearCommand::handle():48}()
#22 /home/np_thinh/source/laravel-nuxt-docker/backend/vendor/laravel/framework/src/Illuminate/Console/View/Components/Factory.php(59): Illuminate\\Console\\View\\Components\\Task->render()
#23 /home/np_thinh/source/laravel-nuxt-docker/backend/vendor/laravel/framework/src/Illuminate/Foundation/Console/OptimizeClearCommand.php(48): Illuminate\\Console\\View\\Components\\Factory->__call()
#24 /home/np_thinh/source/laravel-nuxt-docker/backend/vendor/laravel/framework/src/Illuminate/Container/BoundMethod.php(36): Illuminate\\Foundation\\Console\\OptimizeClearCommand->handle()
#25 /home/np_thinh/source/laravel-nuxt-docker/backend/vendor/laravel/framework/src/Illuminate/Container/Util.php(43): Illuminate\\Container\\BoundMethod::{closure:Illuminate\\Container\\BoundMethod::call():35}()
#26 /home/np_thinh/source/laravel-nuxt-docker/backend/vendor/laravel/framework/src/Illuminate/Container/BoundMethod.php(96): Illuminate\\Container\\Util::unwrapIfClosure()
#27 /home/np_thinh/source/laravel-nuxt-docker/backend/vendor/laravel/framework/src/Illuminate/Container/BoundMethod.php(35): Illuminate\\Container\\BoundMethod::callBoundMethod()
#28 /home/np_thinh/source/laravel-nuxt-docker/backend/vendor/laravel/framework/src/Illuminate/Container/Container.php(799): Illuminate\\Container\\BoundMethod::call()
#29 /home/np_thinh/source/laravel-nuxt-docker/backend/vendor/laravel/framework/src/Illuminate/Console/Command.php(280): Illuminate\\Container\\Container->call()
#30 /home/np_thinh/source/laravel-nuxt-docker/backend/vendor/symfony/console/Command/Command.php(341): Illuminate\\Console\\Command->execute()
#31 /home/np_thinh/source/laravel-nuxt-docker/backend/vendor/laravel/framework/src/Illuminate/Console/Command.php(249): Symfony\\Component\\Console\\Command\\Command->run()
#32 /home/np_thinh/source/laravel-nuxt-docker/backend/vendor/symfony/console/Application.php(1117): Illuminate\\Console\\Command->run()
#33 /home/np_thinh/source/laravel-nuxt-docker/backend/vendor/symfony/console/Application.php(356): Symfony\\Component\\Console\\Application->doRunCommand()
#34 /home/np_thinh/source/laravel-nuxt-docker/backend/vendor/symfony/console/Application.php(195): Symfony\\Component\\Console\\Application->doRun()
#35 /home/np_thinh/source/laravel-nuxt-docker/backend/vendor/laravel/framework/src/Illuminate/Foundation/Console/Kernel.php(198): Symfony\\Component\\Console\\Application->run()
#36 /home/np_thinh/source/laravel-nuxt-docker/backend/vendor/laravel/framework/src/Illuminate/Foundation/Application.php(1235): Illuminate\\Foundation\\Console\\Kernel->handle()
#37 /home/np_thinh/source/laravel-nuxt-docker/backend/artisan(16): Illuminate\\Foundation\\Application->handleCommand()
#38 {main}

[previous exception] [object] (PDOException(code: 2002): SQLSTATE[HY000] [2002] php_network_getaddresses: getaddrinfo for mysql failed: Temporary failure in name resolution at /home/np_thinh/source/laravel-nuxt-docker/backend/vendor/laravel/framework/src/Illuminate/Database/Connectors/Connector.php:67)
[stacktrace]
#0 /home/np_thinh/source/laravel-nuxt-docker/backend/vendor/laravel/framework/src/Illuminate/Database/Connectors/Connector.php(67): PDO::connect()
#1 /home/np_thinh/source/laravel-nuxt-docker/backend/vendor/laravel/framework/src/Illuminate/Database/Connectors/Connector.php(85): Illuminate\\Database\\Connectors\\Connector->createPdoConnection()
#2 /home/np_thinh/source/laravel-nuxt-docker/backend/vendor/laravel/framework/src/Illuminate/Database/Connectors/Connector.php(48): Illuminate\\Database\\Connectors\\Connector->tryAgainIfCausedByLostConnection()
#3 /home/np_thinh/source/laravel-nuxt-docker/backend/vendor/laravel/framework/src/Illuminate/Database/Connectors/MySqlConnector.php(24): Illuminate\\Database\\Connectors\\Connector->createConnection()
#4 /home/np_thinh/source/laravel-nuxt-docker/backend/vendor/laravel/framework/src/Illuminate/Database/Connectors/ConnectionFactory.php(188): Illuminate\\Database\\Connectors\\MySqlConnector->connect()
#5 [internal function]: Illuminate\\Database\\Connectors\\ConnectionFactory->{closure:Illuminate\\Database\\Connectors\\ConnectionFactory::createPdoResolverWithHosts():181}()
#6 /home/np_thinh/source/laravel-nuxt-docker/backend/vendor/laravel/framework/src/Illuminate/Database/Connection.php(1279): call_user_func()
#7 /home/np_thinh/source/laravel-nuxt-docker/backend/vendor/laravel/framework/src/Illuminate/Database/Connection.php(608): Illuminate\\Database\\Connection->getPdo()
#8 /home/np_thinh/source/laravel-nuxt-docker/backend/vendor/laravel/framework/src/Illuminate/Database/Connection.php(830): Illuminate\\Database\\Connection->{closure:Illuminate\\Database\\Connection::affectingStatement():600}()
#9 /home/np_thinh/source/laravel-nuxt-docker/backend/vendor/laravel/framework/src/Illuminate/Database/Connection.php(1021): Illuminate\\Database\\Connection->runQueryCallback()
#10 /home/np_thinh/source/laravel-nuxt-docker/backend/vendor/laravel/framework/src/Illuminate/Database/Connection.php(1000): Illuminate\\Database\\Connection->tryAgainIfCausedByLostConnection()
#11 /home/np_thinh/source/laravel-nuxt-docker/backend/vendor/laravel/framework/src/Illuminate/Database/Connection.php(799): Illuminate\\Database\\Connection->handleQueryException()
#12 /home/np_thinh/source/laravel-nuxt-docker/backend/vendor/laravel/framework/src/Illuminate/Database/Connection.php(600): Illuminate\\Database\\Connection->run()
#13 /home/np_thinh/source/laravel-nuxt-docker/backend/vendor/laravel/framework/src/Illuminate/Database/Connection.php(564): Illuminate\\Database\\Connection->affectingStatement()
#14 /home/np_thinh/source/laravel-nuxt-docker/backend/vendor/laravel/framework/src/Illuminate/Database/Query/Builder.php(4514): Illuminate\\Database\\Connection->delete()
#15 /home/np_thinh/source/laravel-nuxt-docker/backend/vendor/laravel/framework/src/Illuminate/Cache/DatabaseStore.php(450): Illuminate\\Database\\Query\\Builder->delete()
#16 /home/np_thinh/source/laravel-nuxt-docker/backend/vendor/laravel/framework/src/Illuminate/Cache/Repository.php(1049): Illuminate\\Cache\\DatabaseStore->flush()
#17 /home/np_thinh/source/laravel-nuxt-docker/backend/vendor/laravel/framework/src/Illuminate/Cache/Console/ClearCommand.php(73): Illuminate\\Cache\\Repository->__call()
#18 /home/np_thinh/source/laravel-nuxt-docker/backend/vendor/laravel/framework/src/Illuminate/Container/BoundMethod.php(36): Illuminate\\Cache\\Console\\ClearCommand->handle()
#19 /home/np_thinh/source/laravel-nuxt-docker/backend/vendor/laravel/framework/src/Illuminate/Container/Util.php(43): Illuminate\\Container\\BoundMethod::{closure:Illuminate\\Container\\BoundMethod::call():35}()
#20 /home/np_thinh/source/laravel-nuxt-docker/backend/vendor/laravel/framework/src/Illuminate/Container/BoundMethod.php(96): Illuminate\\Container\\Util::unwrapIfClosure()
#21 /home/np_thinh/source/laravel-nuxt-docker/backend/vendor/laravel/framework/src/Illuminate/Container/BoundMethod.php(35): Illuminate\\Container\\BoundMethod::callBoundMethod()
#22 /home/np_thinh/source/laravel-nuxt-docker/backend/vendor/laravel/framework/src/Illuminate/Container/Container.php(799): Illuminate\\Container\\BoundMethod::call()
#23 /home/np_thinh/source/laravel-nuxt-docker/backend/vendor/laravel/framework/src/Illuminate/Console/Command.php(280): Illuminate\\Container\\Container->call()
#24 /home/np_thinh/source/laravel-nuxt-docker/backend/vendor/symfony/console/Command/Command.php(341): Illuminate\\Console\\Command->execute()
#25 /home/np_thinh/source/laravel-nuxt-docker/backend/vendor/laravel/framework/src/Illuminate/Console/Command.php(249): Symfony\\Component\\Console\\Command\\Command->run()
#26 /home/np_thinh/source/laravel-nuxt-docker/backend/vendor/laravel/framework/src/Illuminate/Console/Concerns/CallsCommands.php(68): Illuminate\\Console\\Command->run()
#27 /home/np_thinh/source/laravel-nuxt-docker/backend/vendor/laravel/framework/src/Illuminate/Console/Concerns/CallsCommands.php(41): Illuminate\\Console\\Command->runCommand()
#28 /home/np_thinh/source/laravel-nuxt-docker/backend/vendor/laravel/framework/src/Illuminate/Console/Concerns/CallsCommands.php(53): Illuminate\\Console\\Command->callSilent()
#29 /home/np_thinh/source/laravel-nuxt-docker/backend/vendor/laravel/framework/src/Illuminate/Foundation/Console/OptimizeClearCommand.php(48): Illuminate\\Console\\Command->callSilently()
#30 /home/np_thinh/source/laravel-nuxt-docker/backend/vendor/laravel/framework/src/Illuminate/Console/View/Components/Task.php(43): Illuminate\\Foundation\\Console\\OptimizeClearCommand->{closure:Illuminate\\Foundation\\Console\\OptimizeClearCommand::handle():48}()
#31 /home/np_thinh/source/laravel-nuxt-docker/backend/vendor/laravel/framework/src/Illuminate/Console/View/Components/Factory.php(59): Illuminate\\Console\\View\\Components\\Task->render()
#32 /home/np_thinh/source/laravel-nuxt-docker/backend/vendor/laravel/framework/src/Illuminate/Foundation/Console/OptimizeClearCommand.php(48): Illuminate\\Console\\View\\Components\\Factory->__call()
#33 /home/np_thinh/source/laravel-nuxt-docker/backend/vendor/laravel/framework/src/Illuminate/Container/BoundMethod.php(36): Illuminate\\Foundation\\Console\\OptimizeClearCommand->handle()
#34 /home/np_thinh/source/laravel-nuxt-docker/backend/vendor/laravel/framework/src/Illuminate/Container/Util.php(43): Illuminate\\Container\\BoundMethod::{closure:Illuminate\\Container\\BoundMethod::call():35}()
#35 /home/np_thinh/source/laravel-nuxt-docker/backend/vendor/laravel/framework/src/Illuminate/Container/BoundMethod.php(96): Illuminate\\Container\\Util::unwrapIfClosure()
#36 /home/np_thinh/source/laravel-nuxt-docker/backend/vendor/laravel/framework/src/Illuminate/Container/BoundMethod.php(35): Illuminate\\Container\\BoundMethod::callBoundMethod()
#37 /home/np_thinh/source/laravel-nuxt-docker/backend/vendor/laravel/framework/src/Illuminate/Container/Container.php(799): Illuminate\\Container\\BoundMethod::call()
#38 /home/np_thinh/source/laravel-nuxt-docker/backend/vendor/laravel/framework/src/Illuminate/Console/Command.php(280): Illuminate\\Container\\Container->call()
#39 /home/np_thinh/source/laravel-nuxt-docker/backend/vendor/symfony/console/Command/Command.php(341): Illuminate\\Console\\Command->execute()
#40 /home/np_thinh/source/laravel-nuxt-docker/backend/vendor/laravel/framework/src/Illuminate/Console/Command.php(249): Symfony\\Component\\Console\\Command\\Command->run()
#41 /home/np_thinh/source/laravel-nuxt-docker/backend/vendor/symfony/console/Application.php(1117): Illuminate\\Console\\Command->run()
#42 /home/np_thinh/source/laravel-nuxt-docker/backend/vendor/symfony/console/Application.php(356): Symfony\\Component\\Console\\Application->doRunCommand()
#43 /home/np_thinh/source/laravel-nuxt-docker/backend/vendor/symfony/console/Application.php(195): Symfony\\Component\\Console\\Application->doRun()
#44 /home/np_thinh/source/laravel-nuxt-docker/backend/vendor/laravel/framework/src/Illuminate/Foundation/Console/Kernel.php(198): Symfony\\Component\\Console\\Application->run()
#45 /home/np_thinh/source/laravel-nuxt-docker/backend/vendor/laravel/framework/src/Illuminate/Foundation/Application.php(1235): Illuminate\\Foundation\\Console\\Kernel->handle()
#46 /home/np_thinh/source/laravel-nuxt-docker/backend/artisan(16): Illuminate\\Foundation\\Application->handleCommand()
#47 {main}

[previous exception] [object] (PDOException(code: 0): PDO::connect(): php_network_getaddresses: getaddrinfo for mysql failed: Temporary failure in name resolution at /home/np_thinh/source/laravel-nuxt-docker/backend/vendor/laravel/framework/src/Illuminate/Database/Connectors/Connector.php:67)
[stacktrace]
#0 /home/np_thinh/source/laravel-nuxt-docker/backend/vendor/laravel/framework/src/Illuminate/Database/Connectors/Connector.php(67): PDO::connect()
#1 /home/np_thinh/source/laravel-nuxt-docker/backend/vendor/laravel/framework/src/Illuminate/Database/Connectors/Connector.php(85): Illuminate\\Database\\Connectors\\Connector->createPdoConnection()
#2 /home/np_thinh/source/laravel-nuxt-docker/backend/vendor/laravel/framework/src/Illuminate/Database/Connectors/Connector.php(48): Illuminate\\Database\\Connectors\\Connector->tryAgainIfCausedByLostConnection()
#3 /home/np_thinh/source/laravel-nuxt-docker/backend/vendor/laravel/framework/src/Illuminate/Database/Connectors/MySqlConnector.php(24): Illuminate\\Database\\Connectors\\Connector->createConnection()
#4 /home/np_thinh/source/laravel-nuxt-docker/backend/vendor/laravel/framework/src/Illuminate/Database/Connectors/ConnectionFactory.php(188): Illuminate\\Database\\Connectors\\MySqlConnector->connect()
#5 [internal function]: Illuminate\\Database\\Connectors\\ConnectionFactory->{closure:Illuminate\\Database\\Connectors\\ConnectionFactory::createPdoResolverWithHosts():181}()
#6 /home/np_thinh/source/laravel-nuxt-docker/backend/vendor/laravel/framework/src/Illuminate/Database/Connection.php(1279): call_user_func()
#7 /home/np_thinh/source/laravel-nuxt-docker/backend/vendor/laravel/framework/src/Illuminate/Database/Connection.php(608): Illuminate\\Database\\Connection->getPdo()
#8 /home/np_thinh/source/laravel-nuxt-docker/backend/vendor/laravel/framework/src/Illuminate/Database/Connection.php(830): Illuminate\\Database\\Connection->{closure:Illuminate\\Database\\Connection::affectingStatement():600}()
#9 /home/np_thinh/source/laravel-nuxt-docker/backend/vendor/laravel/framework/src/Illuminate/Database/Connection.php(1021): Illuminate\\Database\\Connection->runQueryCallback()
#10 /home/np_thinh/source/laravel-nuxt-docker/backend/vendor/laravel/framework/src/Illuminate/Database/Connection.php(1000): Illuminate\\Database\\Connection->tryAgainIfCausedByLostConnection()
#11 /home/np_thinh/source/laravel-nuxt-docker/backend/vendor/laravel/framework/src/Illuminate/Database/Connection.php(799): Illuminate\\Database\\Connection->handleQueryException()
#12 /home/np_thinh/source/laravel-nuxt-docker/backend/vendor/laravel/framework/src/Illuminate/Database/Connection.php(600): Illuminate\\Database\\Connection->run()
#13 /home/np_thinh/source/laravel-nuxt-docker/backend/vendor/laravel/framework/src/Illuminate/Database/Connection.php(564): Illuminate\\Database\\Connection->affectingStatement()
#14 /home/np_thinh/source/laravel-nuxt-docker/backend/vendor/laravel/framework/src/Illuminate/Database/Query/Builder.php(4514): Illuminate\\Database\\Connection->delete()
#15 /home/np_thinh/source/laravel-nuxt-docker/backend/vendor/laravel/framework/src/Illuminate/Cache/DatabaseStore.php(450): Illuminate\\Database\\Query\\Builder->delete()
#16 /home/np_thinh/source/laravel-nuxt-docker/backend/vendor/laravel/framework/src/Illuminate/Cache/Repository.php(1049): Illuminate\\Cache\\DatabaseStore->flush()
#17 /home/np_thinh/source/laravel-nuxt-docker/backend/vendor/laravel/framework/src/Illuminate/Cache/Console/ClearCommand.php(73): Illuminate\\Cache\\Repository->__call()
#18 /home/np_thinh/source/laravel-nuxt-docker/backend/vendor/laravel/framework/src/Illuminate/Container/BoundMethod.php(36): Illuminate\\Cache\\Console\\ClearCommand->handle()
#19 /home/np_thinh/source/laravel-nuxt-docker/backend/vendor/laravel/framework/src/Illuminate/Container/Util.php(43): Illuminate\\Container\\BoundMethod::{closure:Illuminate\\Container\\BoundMethod::call():35}()
#20 /home/np_thinh/source/laravel-nuxt-docker/backend/vendor/laravel/framework/src/Illuminate/Container/BoundMethod.php(96): Illuminate\\Container\\Util::unwrapIfClosure()
#21 /home/np_thinh/source/laravel-nuxt-docker/backend/vendor/laravel/framework/src/Illuminate/Container/BoundMethod.php(35): Illuminate\\Container\\BoundMethod::callBoundMethod()
#22 /home/np_thinh/source/laravel-nuxt-docker/backend/vendor/laravel/framework/src/Illuminate/Container/Container.php(799): Illuminate\\Container\\BoundMethod::call()
#23 /home/np_thinh/source/laravel-nuxt-docker/backend/vendor/laravel/framework/src/Illuminate/Console/Command.php(280): Illuminate\\Container\\Container->call()
#24 /home/np_thinh/source/laravel-nuxt-docker/backend/vendor/symfony/console/Command/Command.php(341): Illuminate\\Console\\Command->execute()
#25 /home/np_thinh/source/laravel-nuxt-docker/backend/vendor/laravel/framework/src/Illuminate/Console/Command.php(249): Symfony\\Component\\Console\\Command\\Command->run()
#26 /home/np_thinh/source/laravel-nuxt-docker/backend/vendor/laravel/framework/src/Illuminate/Console/Concerns/CallsCommands.php(68): Illuminate\\Console\\Command->run()
#27 /home/np_thinh/source/laravel-nuxt-docker/backend/vendor/laravel/framework/src/Illuminate/Console/Concerns/CallsCommands.php(41): Illuminate\\Console\\Command->runCommand()
#28 /home/np_thinh/source/laravel-nuxt-docker/backend/vendor/laravel/framework/src/Illuminate/Console/Concerns/CallsCommands.php(53): Illuminate\\Console\\Command->callSilent()
#29 /home/np_thinh/source/laravel-nuxt-docker/backend/vendor/laravel/framework/src/Illuminate/Foundation/Console/OptimizeClearCommand.php(48): Illuminate\\Console\\Command->callSilently()
#30 /home/np_thinh/source/laravel-nuxt-docker/backend/vendor/laravel/framework/src/Illuminate/Console/View/Components/Task.php(43): Illuminate\\Foundation\\Console\\OptimizeClearCommand->{closure:Illuminate\\Foundation\\Console\\OptimizeClearCommand::handle():48}()
#31 /home/np_thinh/source/laravel-nuxt-docker/backend/vendor/laravel/framework/src/Illuminate/Console/View/Components/Factory.php(59): Illuminate\\Console\\View\\Components\\Task->render()
#32 /home/np_thinh/source/laravel-nuxt-docker/backend/vendor/laravel/framework/src/Illuminate/Foundation/Console/OptimizeClearCommand.php(48): Illuminate\\Console\\View\\Components\\Factory->__call()
#33 /home/np_thinh/source/laravel-nuxt-docker/backend/vendor/laravel/framework/src/Illuminate/Container/BoundMethod.php(36): Illuminate\\Foundation\\Console\\OptimizeClearCommand->handle()
#34 /home/np_thinh/source/laravel-nuxt-docker/backend/vendor/laravel/framework/src/Illuminate/Container/Util.php(43): Illuminate\\Container\\BoundMethod::{closure:Illuminate\\Container\\BoundMethod::call():35}()
#35 /home/np_thinh/source/laravel-nuxt-docker/backend/vendor/laravel/framework/src/Illuminate/Container/BoundMethod.php(96): Illuminate\\Container\\Util::unwrapIfClosure()
#36 /home/np_thinh/source/laravel-nuxt-docker/backend/vendor/laravel/framework/src/Illuminate/Container/BoundMethod.php(35): Illuminate\\Container\\BoundMethod::callBoundMethod()
#37 /home/np_thinh/source/laravel-nuxt-docker/backend/vendor/laravel/framework/src/Illuminate/Container/Container.php(799): Illuminate\\Container\\BoundMethod::call()
#38 /home/np_thinh/source/laravel-nuxt-docker/backend/vendor/laravel/framework/src/Illuminate/Console/Command.php(280): Illuminate\\Container\\Container->call()
#39 /home/np_thinh/source/laravel-nuxt-docker/backend/vendor/symfony/console/Command/Command.php(341): Illuminate\\Console\\Command->execute()
#40 /home/np_thinh/source/laravel-nuxt-docker/backend/vendor/laravel/framework/src/Illuminate/Console/Command.php(249): Symfony\\Component\\Console\\Command\\Command->run()
#41 /home/np_thinh/source/laravel-nuxt-docker/backend/vendor/symfony/console/Application.php(1117): Illuminate\\Console\\Command->run()
#42 /home/np_thinh/source/laravel-nuxt-docker/backend/vendor/symfony/console/Application.php(356): Symfony\\Component\\Console\\Application->doRunCommand()
#43 /home/np_thinh/source/laravel-nuxt-docker/backend/vendor/symfony/console/Application.php(195): Symfony\\Component\\Console\\Application->doRun()
#44 /home/np_thinh/source/laravel-nuxt-docker/backend/vendor/laravel/framework/src/Illuminate/Foundation/Console/Kernel.php(198): Symfony\\Component\\Console\\Application->run()
#45 /home/np_thinh/source/laravel-nuxt-docker/backend/vendor/laravel/framework/src/Illuminate/Foundation/Application.php(1235): Illuminate\\Foundation\\Console\\Kernel->handle()
#46 /home/np_thinh/source/laravel-nuxt-docker/backend/artisan(16): Illuminate\\Foundation\\Application->handleCommand()
#47 {main}
"} 
[2026-08-21 07:57:53] local.ERROR: SQLSTATE[HY000] [2002] php_network_getaddresses: getaddrinfo for mysql failed: Temporary failure in name resolution (Connection: mysql, Host: mysql, Port: 3306, Database: laravel_nuxt, SQL: select exists (select 1 from information_schema.tables where table_schema = schema() and table_name = 'migrations' and table_type in ('BASE TABLE', 'SYSTEM VERSIONED')) as `exists`) {"exception":"[object] (Illuminate\\Database\\QueryException(code: 2002): SQLSTATE[HY000] [2002] php_network_getaddresses: getaddrinfo for mysql failed: Temporary failure in name resolution (Connection: mysql, Host: mysql, Port: 3306, Database: laravel_nuxt, SQL: select exists (select 1 from information_schema.tables where table_schema = schema() and table_name = 'migrations' and table_type in ('BASE TABLE', 'SYSTEM VERSIONED')) as `exists`) at /home/np_thinh/source/laravel-nuxt-docker/backend/vendor/laravel/framework/src/Illuminate/Database/Connection.php:841)
[stacktrace]
#0 /home/np_thinh/source/laravel-nuxt-docker/backend/vendor/laravel/framework/src/Illuminate/Database/Connection.php(1021): Illuminate\\Database\\Connection->runQueryCallback()
#1 /home/np_thinh/source/laravel-nuxt-docker/backend/vendor/laravel/framework/src/Illuminate/Database/Connection.php(1000): Illuminate\\Database\\Connection->tryAgainIfCausedByLostConnection()
#2 /home/np_thinh/source/laravel-nuxt-docker/backend/vendor/laravel/framework/src/Illuminate/Database/Connection.php(799): Illuminate\\Database\\Connection->handleQueryException()
#3 /home/np_thinh/source/laravel-nuxt-docker/backend/vendor/laravel/framework/src/Illuminate/Database/Connection.php(412): Illuminate\\Database\\Connection->run()
#4 /home/np_thinh/source/laravel-nuxt-docker/backend/vendor/laravel/framework/src/Illuminate/Database/Connection.php(357): Illuminate\\Database\\Connection->select()
#5 /home/np_thinh/source/laravel-nuxt-docker/backend/vendor/laravel/framework/src/Illuminate/Database/Connection.php(374): Illuminate\\Database\\Connection->selectOne()
#6 /home/np_thinh/source/laravel-nuxt-docker/backend/vendor/laravel/framework/src/Illuminate/Database/Schema/Builder.php(176): Illuminate\\Database\\Connection->scalar()
#7 /home/np_thinh/source/laravel-nuxt-docker/backend/vendor/laravel/framework/src/Illuminate/Database/Migrations/DatabaseMigrationRepository.php(185): Illuminate\\Database\\Schema\\Builder->hasTable()
#8 /home/np_thinh/source/laravel-nuxt-docker/backend/vendor/laravel/framework/src/Illuminate/Database/Migrations/Migrator.php(758): Illuminate\\Database\\Migrations\\DatabaseMigrationRepository->repositoryExists()
#9 /home/np_thinh/source/laravel-nuxt-docker/backend/vendor/laravel/framework/src/Illuminate/Database/Console/Migrations/MigrateCommand.php(166): Illuminate\\Database\\Migrations\\Migrator->repositoryExists()
#10 /home/np_thinh/source/laravel-nuxt-docker/backend/vendor/laravel/framework/src/Illuminate/Support/helpers.php(328): Illuminate\\Database\\Console\\Migrations\\MigrateCommand->{closure:Illuminate\\Database\\Console\\Migrations\\MigrateCommand::repositoryExists():166}()
#11 /home/np_thinh/source/laravel-nuxt-docker/backend/vendor/laravel/framework/src/Illuminate/Database/Console/Migrations/MigrateCommand.php(166): retry()
#12 /home/np_thinh/source/laravel-nuxt-docker/backend/vendor/laravel/framework/src/Illuminate/Database/Console/Migrations/MigrateCommand.php(142): Illuminate\\Database\\Console\\Migrations\\MigrateCommand->repositoryExists()
#13 /home/np_thinh/source/laravel-nuxt-docker/backend/vendor/laravel/framework/src/Illuminate/Database/Console/Migrations/MigrateCommand.php(112): Illuminate\\Database\\Console\\Migrations\\MigrateCommand->prepareDatabase()
#14 /home/np_thinh/source/laravel-nuxt-docker/backend/vendor/laravel/framework/src/Illuminate/Database/Migrations/Migrator.php(671): Illuminate\\Database\\Console\\Migrations\\MigrateCommand->{closure:Illuminate\\Database\\Console\\Migrations\\MigrateCommand::runMigrations():111}()
#15 /home/np_thinh/source/laravel-nuxt-docker/backend/vendor/laravel/framework/src/Illuminate/Database/Console/Migrations/MigrateCommand.php(111): Illuminate\\Database\\Migrations\\Migrator->usingConnection()
#16 /home/np_thinh/source/laravel-nuxt-docker/backend/vendor/laravel/framework/src/Illuminate/Database/Console/Migrations/MigrateCommand.php(90): Illuminate\\Database\\Console\\Migrations\\MigrateCommand->runMigrations()
#17 /home/np_thinh/source/laravel-nuxt-docker/backend/vendor/laravel/framework/src/Illuminate/Container/BoundMethod.php(36): Illuminate\\Database\\Console\\Migrations\\MigrateCommand->handle()
#18 /home/np_thinh/source/laravel-nuxt-docker/backend/vendor/laravel/framework/src/Illuminate/Container/Util.php(43): Illuminate\\Container\\BoundMethod::{closure:Illuminate\\Container\\BoundMethod::call():35}()
#19 /home/np_thinh/source/laravel-nuxt-docker/backend/vendor/laravel/framework/src/Illuminate/Container/BoundMethod.php(96): Illuminate\\Container\\Util::unwrapIfClosure()
#20 /home/np_thinh/source/laravel-nuxt-docker/backend/vendor/laravel/framework/src/Illuminate/Container/BoundMethod.php(35): Illuminate\\Container\\BoundMethod::callBoundMethod()
#21 /home/np_thinh/source/laravel-nuxt-docker/backend/vendor/laravel/framework/src/Illuminate/Container/Container.php(799): Illuminate\\Container\\BoundMethod::call()
#22 /home/np_thinh/source/laravel-nuxt-docker/backend/vendor/laravel/framework/src/Illuminate/Console/Command.php(280): Illuminate\\Container\\Container->call()
#23 /home/np_thinh/source/laravel-nuxt-docker/backend/vendor/symfony/console/Command/Command.php(341): Illuminate\\Console\\Command->execute()
#24 /home/np_thinh/source/laravel-nuxt-docker/backend/vendor/laravel/framework/src/Illuminate/Console/Command.php(249): Symfony\\Component\\Console\\Command\\Command->run()
#25 /home/np_thinh/source/laravel-nuxt-docker/backend/vendor/symfony/console/Application.php(1117): Illuminate\\Console\\Command->run()
#26 /home/np_thinh/source/laravel-nuxt-docker/backend/vendor/symfony/console/Application.php(356): Symfony\\Component\\Console\\Application->doRunCommand()
#27 /home/np_thinh/source/laravel-nuxt-docker/backend/vendor/symfony/console/Application.php(195): Symfony\\Component\\Console\\Application->doRun()
#28 /home/np_thinh/source/laravel-nuxt-docker/backend/vendor/laravel/framework/src/Illuminate/Foundation/Console/Kernel.php(198): Symfony\\Component\\Console\\Application->run()
#29 /home/np_thinh/source/laravel-nuxt-docker/backend/vendor/laravel/framework/src/Illuminate/Foundation/Application.php(1235): Illuminate\\Foundation\\Console\\Kernel->handle()
#30 /home/np_thinh/source/laravel-nuxt-docker/backend/artisan(16): Illuminate\\Foundation\\Application->handleCommand()
#31 {main}

[previous exception] [object] (PDOException(code: 2002): SQLSTATE[HY000] [2002] php_network_getaddresses: getaddrinfo for mysql failed: Temporary failure in name resolution at /home/np_thinh/source/laravel-nuxt-docker/backend/vendor/laravel/framework/src/Illuminate/Database/Connectors/Connector.php:67)
[stacktrace]
#0 /home/np_thinh/source/laravel-nuxt-docker/backend/vendor/laravel/framework/src/Illuminate/Database/Connectors/Connector.php(67): PDO::connect()
#1 /home/np_thinh/source/laravel-nuxt-docker/backend/vendor/laravel/framework/src/Illuminate/Database/Connectors/Connector.php(85): Illuminate\\Database\\Connectors\\Connector->createPdoConnection()
#2 /home/np_thinh/source/laravel-nuxt-docker/backend/vendor/laravel/framework/src/Illuminate/Database/Connectors/Connector.php(48): Illuminate\\Database\\Connectors\\Connector->tryAgainIfCausedByLostConnection()
#3 /home/np_thinh/source/laravel-nuxt-docker/backend/vendor/laravel/framework/src/Illuminate/Database/Connectors/MySqlConnector.php(24): Illuminate\\Database\\Connectors\\Connector->createConnection()
#4 /home/np_thinh/source/laravel-nuxt-docker/backend/vendor/laravel/framework/src/Illuminate/Database/Connectors/ConnectionFactory.php(188): Illuminate\\Database\\Connectors\\MySqlConnector->connect()
#5 [internal function]: Illuminate\\Database\\Connectors\\ConnectionFactory->{closure:Illuminate\\Database\\Connectors\\ConnectionFactory::createPdoResolverWithHosts():181}()
#6 /home/np_thinh/source/laravel-nuxt-docker/backend/vendor/laravel/framework/src/Illuminate/Database/Connection.php(1279): call_user_func()
#7 /home/np_thinh/source/laravel-nuxt-docker/backend/vendor/laravel/framework/src/Illuminate/Database/Connection.php(1317): Illuminate\\Database\\Connection->getPdo()
#8 /home/np_thinh/source/laravel-nuxt-docker/backend/vendor/laravel/framework/src/Illuminate/Database/Connection.php(528): Illuminate\\Database\\Connection->getReadPdo()
#9 /home/np_thinh/source/laravel-nuxt-docker/backend/vendor/laravel/framework/src/Illuminate/Database/Connection.php(421): Illuminate\\Database\\Connection->getPdoForSelect()
#10 /home/np_thinh/source/laravel-nuxt-docker/backend/vendor/laravel/framework/src/Illuminate/Database/Connection.php(830): Illuminate\\Database\\Connection->{closure:Illuminate\\Database\\Connection::select():412}()
#11 /home/np_thinh/source/laravel-nuxt-docker/backend/vendor/laravel/framework/src/Illuminate/Database/Connection.php(1021): Illuminate\\Database\\Connection->runQueryCallback()
#12 /home/np_thinh/source/laravel-nuxt-docker/backend/vendor/laravel/framework/src/Illuminate/Database/Connection.php(1000): Illuminate\\Database\\Connection->tryAgainIfCausedByLostConnection()
#13 /home/np_thinh/source/laravel-nuxt-docker/backend/vendor/laravel/framework/src/Illuminate/Database/Connection.php(799): Illuminate\\Database\\Connection->handleQueryException()
#14 /home/np_thinh/source/laravel-nuxt-docker/backend/vendor/laravel/framework/src/Illuminate/Database/Connection.php(412): Illuminate\\Database\\Connection->run()
#15 /home/np_thinh/source/laravel-nuxt-docker/backend/vendor/laravel/framework/src/Illuminate/Database/Connection.php(357): Illuminate\\Database\\Connection->select()
#16 /home/np_thinh/source/laravel-nuxt-docker/backend/vendor/laravel/framework/src/Illuminate/Database/Connection.php(374): Illuminate\\Database\\Connection->selectOne()
#17 /home/np_thinh/source/laravel-nuxt-docker/backend/vendor/laravel/framework/src/Illuminate/Database/Schema/Builder.php(176): Illuminate\\Database\\Connection->scalar()
#18 /home/np_thinh/source/laravel-nuxt-docker/backend/vendor/laravel/framework/src/Illuminate/Database/Migrations/DatabaseMigrationRepository.php(185): Illuminate\\Database\\Schema\\Builder->hasTable()
#19 /home/np_thinh/source/laravel-nuxt-docker/backend/vendor/laravel/framework/src/Illuminate/Database/Migrations/Migrator.php(758): Illuminate\\Database\\Migrations\\DatabaseMigrationRepository->repositoryExists()
#20 /home/np_thinh/source/laravel-nuxt-docker/backend/vendor/laravel/framework/src/Illuminate/Database/Console/Migrations/MigrateCommand.php(166): Illuminate\\Database\\Migrations\\Migrator->repositoryExists()
#21 /home/np_thinh/source/laravel-nuxt-docker/backend/vendor/laravel/framework/src/Illuminate/Support/helpers.php(328): Illuminate\\Database\\Console\\Migrations\\MigrateCommand->{closure:Illuminate\\Database\\Console\\Migrations\\MigrateCommand::repositoryExists():166}()
#22 /home/np_thinh/source/laravel-nuxt-docker/backend/vendor/laravel/framework/src/Illuminate/Database/Console/Migrations/MigrateCommand.php(166): retry()
#23 /home/np_thinh/source/laravel-nuxt-docker/backend/vendor/laravel/framework/src/Illuminate/Database/Console/Migrations/MigrateCommand.php(142): Illuminate\\Database\\Console\\Migrations\\MigrateCommand->repositoryExists()
#24 /home/np_thinh/source/laravel-nuxt-docker/backend/vendor/laravel/framework/src/Illuminate/Database/Console/Migrations/MigrateCommand.php(112): Illuminate\\Database\\Console\\Migrations\\MigrateCommand->prepareDatabase()
#25 /home/np_thinh/source/laravel-nuxt-docker/backend/vendor/laravel/framework/src/Illuminate/Database/Migrations/Migrator.php(671): Illuminate\\Database\\Console\\Migrations\\MigrateCommand->{closure:Illuminate\\Database\\Console\\Migrations\\MigrateCommand::runMigrations():111}()
#26 /home/np_thinh/source/laravel-nuxt-docker/backend/vendor/laravel/framework/src/Illuminate/Database/Console/Migrations/MigrateCommand.php(111): Illuminate\\Database\\Migrations\\Migrator->usingConnection()
#27 /home/np_thinh/source/laravel-nuxt-docker/backend/vendor/laravel/framework/src/Illuminate/Database/Console/Migrations/MigrateCommand.php(90): Illuminate\\Database\\Console\\Migrations\\MigrateCommand->runMigrations()
#28 /home/np_thinh/source/laravel-nuxt-docker/backend/vendor/laravel/framework/src/Illuminate/Container/BoundMethod.php(36): Illuminate\\Database\\Console\\Migrations\\MigrateCommand->handle()
#29 /home/np_thinh/source/laravel-nuxt-docker/backend/vendor/laravel/framework/src/Illuminate/Container/Util.php(43): Illuminate\\Container\\BoundMethod::{closure:Illuminate\\Container\\BoundMethod::call():35}()
#30 /home/np_thinh/source/laravel-nuxt-docker/backend/vendor/laravel/framework/src/Illuminate/Container/BoundMethod.php(96): Illuminate\\Container\\Util::unwrapIfClosure()
#31 /home/np_thinh/source/laravel-nuxt-docker/backend/vendor/laravel/framework/src/Illuminate/Container/BoundMethod.php(35): Illuminate\\Container\\BoundMethod::callBoundMethod()
#32 /home/np_thinh/source/laravel-nuxt-docker/backend/vendor/laravel/framework/src/Illuminate/Container/Container.php(799): Illuminate\\Container\\BoundMethod::call()
#33 /home/np_thinh/source/laravel-nuxt-docker/backend/vendor/laravel/framework/src/Illuminate/Console/Command.php(280): Illuminate\\Container\\Container->call()
#34 /home/np_thinh/source/laravel-nuxt-docker/backend/vendor/symfony/console/Command/Command.php(341): Illuminate\\Console\\Command->execute()
#35 /home/np_thinh/source/laravel-nuxt-docker/backend/vendor/laravel/framework/src/Illuminate/Console/Command.php(249): Symfony\\Component\\Console\\Command\\Command->run()
#36 /home/np_thinh/source/laravel-nuxt-docker/backend/vendor/symfony/console/Application.php(1117): Illuminate\\Console\\Command->run()
#37 /home/np_thinh/source/laravel-nuxt-docker/backend/vendor/symfony/console/Application.php(356): Symfony\\Component\\Console\\Application->doRunCommand()
#38 /home/np_thinh/source/laravel-nuxt-docker/backend/vendor/symfony/console/Application.php(195): Symfony\\Component\\Console\\Application->doRun()
#39 /home/np_thinh/source/laravel-nuxt-docker/backend/vendor/laravel/framework/src/Illuminate/Foundation/Console/Kernel.php(198): Symfony\\Component\\Console\\Application->run()
#40 /home/np_thinh/source/laravel-nuxt-docker/backend/vendor/laravel/framework/src/Illuminate/Foundation/Application.php(1235): Illuminate\\Foundation\\Console\\Kernel->handle()
#41 /home/np_thinh/source/laravel-nuxt-docker/backend/artisan(16): Illuminate\\Foundation\\Application->handleCommand()
#42 {main}

[previous exception] [object] (PDOException(code: 0): PDO::connect(): php_network_getaddresses: getaddrinfo for mysql failed: Temporary failure in name resolution at /home/np_thinh/source/laravel-nuxt-docker/backend/vendor/laravel/framework/src/Illuminate/Database/Connectors/Connector.php:67)
[stacktrace]
#0 /home/np_thinh/source/laravel-nuxt-docker/backend/vendor/laravel/framework/src/Illuminate/Database/Connectors/Connector.php(67): PDO::connect()
#1 /home/np_thinh/source/laravel-nuxt-docker/backend/vendor/laravel/framework/src/Illuminate/Database/Connectors/Connector.php(85): Illuminate\\Database\\Connectors\\Connector->createPdoConnection()
#2 /home/np_thinh/source/laravel-nuxt-docker/backend/vendor/laravel/framework/src/Illuminate/Database/Connectors/Connector.php(48): Illuminate\\Database\\Connectors\\Connector->tryAgainIfCausedByLostConnection()
#3 /home/np_thinh/source/laravel-nuxt-docker/backend/vendor/laravel/framework/src/Illuminate/Database/Connectors/MySqlConnector.php(24): Illuminate\\Database\\Connectors\\Connector->createConnection()
#4 /home/np_thinh/source/laravel-nuxt-docker/backend/vendor/laravel/framework/src/Illuminate/Database/Connectors/ConnectionFactory.php(188): Illuminate\\Database\\Connectors\\MySqlConnector->connect()
#5 [internal function]: Illuminate\\Database\\Connectors\\ConnectionFactory->{closure:Illuminate\\Database\\Connectors\\ConnectionFactory::createPdoResolverWithHosts():181}()
#6 /home/np_thinh/source/laravel-nuxt-docker/backend/vendor/laravel/framework/src/Illuminate/Database/Connection.php(1279): call_user_func()
#7 /home/np_thinh/source/laravel-nuxt-docker/backend/vendor/laravel/framework/src/Illuminate/Database/Connection.php(1317): Illuminate\\Database\\Connection->getPdo()
#8 /home/np_thinh/source/laravel-nuxt-docker/backend/vendor/laravel/framework/src/Illuminate/Database/Connection.php(528): Illuminate\\Database\\Connection->getReadPdo()
#9 /home/np_thinh/source/laravel-nuxt-docker/backend/vendor/laravel/framework/src/Illuminate/Database/Connection.php(421): Illuminate\\Database\\Connection->getPdoForSelect()
#10 /home/np_thinh/source/laravel-nuxt-docker/backend/vendor/laravel/framework/src/Illuminate/Database/Connection.php(830): Illuminate\\Database\\Connection->{closure:Illuminate\\Database\\Connection::select():412}()
#11 /home/np_thinh/source/laravel-nuxt-docker/backend/vendor/laravel/framework/src/Illuminate/Database/Connection.php(1021): Illuminate\\Database\\Connection->runQueryCallback()
#12 /home/np_thinh/source/laravel-nuxt-docker/backend/vendor/laravel/framework/src/Illuminate/Database/Connection.php(1000): Illuminate\\Database\\Connection->tryAgainIfCausedByLostConnection()
#13 /home/np_thinh/source/laravel-nuxt-docker/backend/vendor/laravel/framework/src/Illuminate/Database/Connection.php(799): Illuminate\\Database\\Connection->handleQueryException()
#14 /home/np_thinh/source/laravel-nuxt-docker/backend/vendor/laravel/framework/src/Illuminate/Database/Connection.php(412): Illuminate\\Database\\Connection->run()
#15 /home/np_thinh/source/laravel-nuxt-docker/backend/vendor/laravel/framework/src/Illuminate/Database/Connection.php(357): Illuminate\\Database\\Connection->select()
#16 /home/np_thinh/source/laravel-nuxt-docker/backend/vendor/laravel/framework/src/Illuminate/Database/Connection.php(374): Illuminate\\Database\\Connection->selectOne()
#17 /home/np_thinh/source/laravel-nuxt-docker/backend/vendor/laravel/framework/src/Illuminate/Database/Schema/Builder.php(176): Illuminate\\Database\\Connection->scalar()
#18 /home/np_thinh/source/laravel-nuxt-docker/backend/vendor/laravel/framework/src/Illuminate/Database/Migrations/DatabaseMigrationRepository.php(185): Illuminate\\Database\\Schema\\Builder->hasTable()
#19 /home/np_thinh/source/laravel-nuxt-docker/backend/vendor/laravel/framework/src/Illuminate/Database/Migrations/Migrator.php(758): Illuminate\\Database\\Migrations\\DatabaseMigrationRepository->repositoryExists()
#20 /home/np_thinh/source/laravel-nuxt-docker/backend/vendor/laravel/framework/src/Illuminate/Database/Console/Migrations/MigrateCommand.php(166): Illuminate\\Database\\Migrations\\Migrator->repositoryExists()
#21 /home/np_thinh/source/laravel-nuxt-docker/backend/vendor/laravel/framework/src/Illuminate/Support/helpers.php(328): Illuminate\\Database\\Console\\Migrations\\MigrateCommand->{closure:Illuminate\\Database\\Console\\Migrations\\MigrateCommand::repositoryExists():166}()
#22 /home/np_thinh/source/laravel-nuxt-docker/backend/vendor/laravel/framework/src/Illuminate/Database/Console/Migrations/MigrateCommand.php(166): retry()
#23 /home/np_thinh/source/laravel-nuxt-docker/backend/vendor/laravel/framework/src/Illuminate/Database/Console/Migrations/MigrateCommand.php(142): Illuminate\\Database\\Console\\Migrations\\MigrateCommand->repositoryExists()
#24 /home/np_thinh/source/laravel-nuxt-docker/backend/vendor/laravel/framework/src/Illuminate/Database/Console/Migrations/MigrateCommand.php(112): Illuminate\\Database\\Console\\Migrations\\MigrateCommand->prepareDatabase()
#25 /home/np_thinh/source/laravel-nuxt-docker/backend/vendor/laravel/framework/src/Illuminate/Database/Migrations/Migrator.php(671): Illuminate\\Database\\Console\\Migrations\\MigrateCommand->{closure:Illuminate\\Database\\Console\\Migrations\\MigrateCommand::runMigrations():111}()
#26 /home/np_thinh/source/laravel-nuxt-docker/backend/vendor/laravel/framework/src/Illuminate/Database/Console/Migrations/MigrateCommand.php(111): Illuminate\\Database\\Migrations\\Migrator->usingConnection()
#27 /home/np_thinh/source/laravel-nuxt-docker/backend/vendor/laravel/framework/src/Illuminate/Database/Console/Migrations/MigrateCommand.php(90): Illuminate\\Database\\Console\\Migrations\\MigrateCommand->runMigrations()
#28 /home/np_thinh/source/laravel-nuxt-docker/backend/vendor/laravel/framework/src/Illuminate/Container/BoundMethod.php(36): Illuminate\\Database\\Console\\Migrations\\MigrateCommand->handle()
#29 /home/np_thinh/source/laravel-nuxt-docker/backend/vendor/laravel/framework/src/Illuminate/Container/Util.php(43): Illuminate\\Container\\BoundMethod::{closure:Illuminate\\Container\\BoundMethod::call():35}()
#30 /home/np_thinh/source/laravel-nuxt-docker/backend/vendor/laravel/framework/src/Illuminate/Container/BoundMethod.php(96): Illuminate\\Container\\Util::unwrapIfClosure()
#31 /home/np_thinh/source/laravel-nuxt-docker/backend/vendor/laravel/framework/src/Illuminate/Container/BoundMethod.php(35): Illuminate\\Container\\BoundMethod::callBoundMethod()
#32 /home/np_thinh/source/laravel-nuxt-docker/backend/vendor/laravel/framework/src/Illuminate/Container/Container.php(799): Illuminate\\Container\\BoundMethod::call()
#33 /home/np_thinh/source/laravel-nuxt-docker/backend/vendor/laravel/framework/src/Illuminate/Console/Command.php(280): Illuminate\\Container\\Container->call()
#34 /home/np_thinh/source/laravel-nuxt-docker/backend/vendor/symfony/console/Command/Command.php(341): Illuminate\\Console\\Command->execute()
#35 /home/np_thinh/source/laravel-nuxt-docker/backend/vendor/laravel/framework/src/Illuminate/Console/Command.php(249): Symfony\\Component\\Console\\Command\\Command->run()
#36 /home/np_thinh/source/laravel-nuxt-docker/backend/vendor/symfony/console/Application.php(1117): Illuminate\\Console\\Command->run()
#37 /home/np_thinh/source/laravel-nuxt-docker/backend/vendor/symfony/console/Application.php(356): Symfony\\Component\\Console\\Application->doRunCommand()
#38 /home/np_thinh/source/laravel-nuxt-docker/backend/vendor/symfony/console/Application.php(195): Symfony\\Component\\Console\\Application->doRun()
#39 /home/np_thinh/source/laravel-nuxt-docker/backend/vendor/laravel/framework/src/Illuminate/Foundation/Console/Kernel.php(198): Symfony\\Component\\Console\\Application->run()
#40 /home/np_thinh/source/laravel-nuxt-docker/backend/vendor/laravel/framework/src/Illuminate/Foundation/Application.php(1235): Illuminate\\Foundation\\Console\\Kernel->handle()
#41 /home/np_thinh/source/laravel-nuxt-docker/backend/artisan(16): Illuminate\\Foundation\\Application->handleCommand()
#42 {main}
"} 
[2026-08-21 07:57:58] local.ERROR: SQLSTATE[HY000] [2002] No such file or directory (Connection: mysql, Host: localhost, Port: 3310, Database: laravel_nuxt, SQL: select exists (select 1 from information_schema.tables where table_schema = schema() and table_name = 'migrations' and table_type in ('BASE TABLE', 'SYSTEM VERSIONED')) as `exists`) {"exception":"[object] (Illuminate\\Database\\QueryException(code: 2002): SQLSTATE[HY000] [2002] No such file or directory (Connection: mysql, Host: localhost, Port: 3310, Database: laravel_nuxt, SQL: select exists (select 1 from information_schema.tables where table_schema = schema() and table_name = 'migrations' and table_type in ('BASE TABLE', 'SYSTEM VERSIONED')) as `exists`) at /home/np_thinh/source/laravel-nuxt-docker/backend/vendor/laravel/framework/src/Illuminate/Database/Connection.php:841)
[stacktrace]
#0 /home/np_thinh/source/laravel-nuxt-docker/backend/vendor/laravel/framework/src/Illuminate/Database/Connection.php(1021): Illuminate\\Database\\Connection->runQueryCallback()
#1 /home/np_thinh/source/laravel-nuxt-docker/backend/vendor/laravel/framework/src/Illuminate/Database/Connection.php(1000): Illuminate\\Database\\Connection->tryAgainIfCausedByLostConnection()
#2 /home/np_thinh/source/laravel-nuxt-docker/backend/vendor/laravel/framework/src/Illuminate/Database/Connection.php(799): Illuminate\\Database\\Connection->handleQueryException()
#3 /home/np_thinh/source/laravel-nuxt-docker/backend/vendor/laravel/framework/src/Illuminate/Database/Connection.php(412): Illuminate\\Database\\Connection->run()
#4 /home/np_thinh/source/laravel-nuxt-docker/backend/vendor/laravel/framework/src/Illuminate/Database/Connection.php(357): Illuminate\\Database\\Connection->select()
#5 /home/np_thinh/source/laravel-nuxt-docker/backend/vendor/laravel/framework/src/Illuminate/Database/Connection.php(374): Illuminate\\Database\\Connection->selectOne()
#6 /home/np_thinh/source/laravel-nuxt-docker/backend/vendor/laravel/framework/src/Illuminate/Database/Schema/Builder.php(176): Illuminate\\Database\\Connection->scalar()
#7 /home/np_thinh/source/laravel-nuxt-docker/backend/vendor/laravel/framework/src/Illuminate/Database/Migrations/DatabaseMigrationRepository.php(185): Illuminate\\Database\\Schema\\Builder->hasTable()
#8 /home/np_thinh/source/laravel-nuxt-docker/backend/vendor/laravel/framework/src/Illuminate/Database/Migrations/Migrator.php(758): Illuminate\\Database\\Migrations\\DatabaseMigrationRepository->repositoryExists()
#9 /home/np_thinh/source/laravel-nuxt-docker/backend/vendor/laravel/framework/src/Illuminate/Database/Console/Migrations/MigrateCommand.php(166): Illuminate\\Database\\Migrations\\Migrator->repositoryExists()
#10 /home/np_thinh/source/laravel-nuxt-docker/backend/vendor/laravel/framework/src/Illuminate/Support/helpers.php(328): Illuminate\\Database\\Console\\Migrations\\MigrateCommand->{closure:Illuminate\\Database\\Console\\Migrations\\MigrateCommand::repositoryExists():166}()
#11 /home/np_thinh/source/laravel-nuxt-docker/backend/vendor/laravel/framework/src/Illuminate/Database/Console/Migrations/MigrateCommand.php(166): retry()
#12 /home/np_thinh/source/laravel-nuxt-docker/backend/vendor/laravel/framework/src/Illuminate/Database/Console/Migrations/MigrateCommand.php(142): Illuminate\\Database\\Console\\Migrations\\MigrateCommand->repositoryExists()
#13 /home/np_thinh/source/laravel-nuxt-docker/backend/vendor/laravel/framework/src/Illuminate/Database/Console/Migrations/MigrateCommand.php(112): Illuminate\\Database\\Console\\Migrations\\MigrateCommand->prepareDatabase()
#14 /home/np_thinh/source/laravel-nuxt-docker/backend/vendor/laravel/framework/src/Illuminate/Database/Migrations/Migrator.php(671): Illuminate\\Database\\Console\\Migrations\\MigrateCommand->{closure:Illuminate\\Database\\Console\\Migrations\\MigrateCommand::runMigrations():111}()
#15 /home/np_thinh/source/laravel-nuxt-docker/backend/vendor/laravel/framework/src/Illuminate/Database/Console/Migrations/MigrateCommand.php(111): Illuminate\\Database\\Migrations\\Migrator->usingConnection()
#16 /home/np_thinh/source/laravel-nuxt-docker/backend/vendor/laravel/framework/src/Illuminate/Database/Console/Migrations/MigrateCommand.php(90): Illuminate\\Database\\Console\\Migrations\\MigrateCommand->runMigrations()
#17 /home/np_thinh/source/laravel-nuxt-docker/backend/vendor/laravel/framework/src/Illuminate/Container/BoundMethod.php(36): Illuminate\\Database\\Console\\Migrations\\MigrateCommand->handle()
#18 /home/np_thinh/source/laravel-nuxt-docker/backend/vendor/laravel/framework/src/Illuminate/Container/Util.php(43): Illuminate\\Container\\BoundMethod::{closure:Illuminate\\Container\\BoundMethod::call():35}()
#19 /home/np_thinh/source/laravel-nuxt-docker/backend/vendor/laravel/framework/src/Illuminate/Container/BoundMethod.php(96): Illuminate\\Container\\Util::unwrapIfClosure()
#20 /home/np_thinh/source/laravel-nuxt-docker/backend/vendor/laravel/framework/src/Illuminate/Container/BoundMethod.php(35): Illuminate\\Container\\BoundMethod::callBoundMethod()
#21 /home/np_thinh/source/laravel-nuxt-docker/backend/vendor/laravel/framework/src/Illuminate/Container/Container.php(799): Illuminate\\Container\\BoundMethod::call()
#22 /home/np_thinh/source/laravel-nuxt-docker/backend/vendor/laravel/framework/src/Illuminate/Console/Command.php(280): Illuminate\\Container\\Container->call()
#23 /home/np_thinh/source/laravel-nuxt-docker/backend/vendor/symfony/console/Command/Command.php(341): Illuminate\\Console\\Command->execute()
#24 /home/np_thinh/source/laravel-nuxt-docker/backend/vendor/laravel/framework/src/Illuminate/Console/Command.php(249): Symfony\\Component\\Console\\Command\\Command->run()
#25 /home/np_thinh/source/laravel-nuxt-docker/backend/vendor/symfony/console/Application.php(1117): Illuminate\\Console\\Command->run()
#26 /home/np_thinh/source/laravel-nuxt-docker/backend/vendor/symfony/console/Application.php(356): Symfony\\Component\\Console\\Application->doRunCommand()
#27 /home/np_thinh/source/laravel-nuxt-docker/backend/vendor/symfony/console/Application.php(195): Symfony\\Component\\Console\\Application->doRun()
#28 /home/np_thinh/source/laravel-nuxt-docker/backend/vendor/laravel/framework/src/Illuminate/Foundation/Console/Kernel.php(198): Symfony\\Component\\Console\\Application->run()
#29 /home/np_thinh/source/laravel-nuxt-docker/backend/vendor/laravel/framework/src/Illuminate/Foundation/Application.php(1235): Illuminate\\Foundation\\Console\\Kernel->handle()
#30 /home/np_thinh/source/laravel-nuxt-docker/backend/artisan(16): Illuminate\\Foundation\\Application->handleCommand()
#31 {main}

[previous exception] [object] (PDOException(code: 2002): SQLSTATE[HY000] [2002] No such file or directory at /home/np_thinh/source/laravel-nuxt-docker/backend/vendor/laravel/framework/src/Illuminate/Database/Connectors/Connector.php:67)
[stacktrace]
#0 /home/np_thinh/source/laravel-nuxt-docker/backend/vendor/laravel/framework/src/Illuminate/Database/Connectors/Connector.php(67): PDO::connect()
#1 /home/np_thinh/source/laravel-nuxt-docker/backend/vendor/laravel/framework/src/Illuminate/Database/Connectors/Connector.php(85): Illuminate\\Database\\Connectors\\Connector->createPdoConnection()
#2 /home/np_thinh/source/laravel-nuxt-docker/backend/vendor/laravel/framework/src/Illuminate/Database/Connectors/Connector.php(48): Illuminate\\Database\\Connectors\\Connector->tryAgainIfCausedByLostConnection()
#3 /home/np_thinh/source/laravel-nuxt-docker/backend/vendor/laravel/framework/src/Illuminate/Database/Connectors/MySqlConnector.php(24): Illuminate\\Database\\Connectors\\Connector->createConnection()
#4 /home/np_thinh/source/laravel-nuxt-docker/backend/vendor/laravel/framework/src/Illuminate/Database/Connectors/ConnectionFactory.php(188): Illuminate\\Database\\Connectors\\MySqlConnector->connect()
#5 [internal function]: Illuminate\\Database\\Connectors\\ConnectionFactory->{closure:Illuminate\\Database\\Connectors\\ConnectionFactory::createPdoResolverWithHosts():181}()
#6 /home/np_thinh/source/laravel-nuxt-docker/backend/vendor/laravel/framework/src/Illuminate/Database/Connection.php(1279): call_user_func()
#7 /home/np_thinh/source/laravel-nuxt-docker/backend/vendor/laravel/framework/src/Illuminate/Database/Connection.php(1317): Illuminate\\Database\\Connection->getPdo()
#8 /home/np_thinh/source/laravel-nuxt-docker/backend/vendor/laravel/framework/src/Illuminate/Database/Connection.php(528): Illuminate\\Database\\Connection->getReadPdo()
#9 /home/np_thinh/source/laravel-nuxt-docker/backend/vendor/laravel/framework/src/Illuminate/Database/Connection.php(421): Illuminate\\Database\\Connection->getPdoForSelect()
#10 /home/np_thinh/source/laravel-nuxt-docker/backend/vendor/laravel/framework/src/Illuminate/Database/Connection.php(830): Illuminate\\Database\\Connection->{closure:Illuminate\\Database\\Connection::select():412}()
#11 /home/np_thinh/source/laravel-nuxt-docker/backend/vendor/laravel/framework/src/Illuminate/Database/Connection.php(1021): Illuminate\\Database\\Connection->runQueryCallback()
#12 /home/np_thinh/source/laravel-nuxt-docker/backend/vendor/laravel/framework/src/Illuminate/Database/Connection.php(1000): Illuminate\\Database\\Connection->tryAgainIfCausedByLostConnection()
#13 /home/np_thinh/source/laravel-nuxt-docker/backend/vendor/laravel/framework/src/Illuminate/Database/Connection.php(799): Illuminate\\Database\\Connection->handleQueryException()
#14 /home/np_thinh/source/laravel-nuxt-docker/backend/vendor/laravel/framework/src/Illuminate/Database/Connection.php(412): Illuminate\\Database\\Connection->run()
#15 /home/np_thinh/source/laravel-nuxt-docker/backend/vendor/laravel/framework/src/Illuminate/Database/Connection.php(357): Illuminate\\Database\\Connection->select()
#16 /home/np_thinh/source/laravel-nuxt-docker/backend/vendor/laravel/framework/src/Illuminate/Database/Connection.php(374): Illuminate\\Database\\Connection->selectOne()
#17 /home/np_thinh/source/laravel-nuxt-docker/backend/vendor/laravel/framework/src/Illuminate/Database/Schema/Builder.php(176): Illuminate\\Database\\Connection->scalar()
#18 /home/np_thinh/source/laravel-nuxt-docker/backend/vendor/laravel/framework/src/Illuminate/Database/Migrations/DatabaseMigrationRepository.php(185): Illuminate\\Database\\Schema\\Builder->hasTable()
#19 /home/np_thinh/source/laravel-nuxt-docker/backend/vendor/laravel/framework/src/Illuminate/Database/Migrations/Migrator.php(758): Illuminate\\Database\\Migrations\\DatabaseMigrationRepository->repositoryExists()
#20 /home/np_thinh/source/laravel-nuxt-docker/backend/vendor/laravel/framework/src/Illuminate/Database/Console/Migrations/MigrateCommand.php(166): Illuminate\\Database\\Migrations\\Migrator->repositoryExists()
#21 /home/np_thinh/source/laravel-nuxt-docker/backend/vendor/laravel/framework/src/Illuminate/Support/helpers.php(328): Illuminate\\Database\\Console\\Migrations\\MigrateCommand->{closure:Illuminate\\Database\\Console\\Migrations\\MigrateCommand::repositoryExists():166}()
#22 /home/np_thinh/source/laravel-nuxt-docker/backend/vendor/laravel/framework/src/Illuminate/Database/Console/Migrations/MigrateCommand.php(166): retry()
#23 /home/np_thinh/source/laravel-nuxt-docker/backend/vendor/laravel/framework/src/Illuminate/Database/Console/Migrations/MigrateCommand.php(142): Illuminate\\Database\\Console\\Migrations\\MigrateCommand->repositoryExists()
#24 /home/np_thinh/source/laravel-nuxt-docker/backend/vendor/laravel/framework/src/Illuminate/Database/Console/Migrations/MigrateCommand.php(112): Illuminate\\Database\\Console\\Migrations\\MigrateCommand->prepareDatabase()
#25 /home/np_thinh/source/laravel-nuxt-docker/backend/vendor/laravel/framework/src/Illuminate/Database/Migrations/Migrator.php(671): Illuminate\\Database\\Console\\Migrations\\MigrateCommand->{closure:Illuminate\\Database\\Console\\Migrations\\MigrateCommand::runMigrations():111}()
#26 /home/np_thinh/source/laravel-nuxt-docker/backend/vendor/laravel/framework/src/Illuminate/Database/Console/Migrations/MigrateCommand.php(111): Illuminate\\Database\\Migrations\\Migrator->usingConnection()
#27 /home/np_thinh/source/laravel-nuxt-docker/backend/vendor/laravel/framework/src/Illuminate/Database/Console/Migrations/MigrateCommand.php(90): Illuminate\\Database\\Console\\Migrations\\MigrateCommand->runMigrations()
#28 /home/np_thinh/source/laravel-nuxt-docker/backend/vendor/laravel/framework/src/Illuminate/Container/BoundMethod.php(36): Illuminate\\Database\\Console\\Migrations\\MigrateCommand->handle()
#29 /home/np_thinh/source/laravel-nuxt-docker/backend/vendor/laravel/framework/src/Illuminate/Container/Util.php(43): Illuminate\\Container\\BoundMethod::{closure:Illuminate\\Container\\BoundMethod::call():35}()
#30 /home/np_thinh/source/laravel-nuxt-docker/backend/vendor/laravel/framework/src/Illuminate/Container/BoundMethod.php(96): Illuminate\\Container\\Util::unwrapIfClosure()
#31 /home/np_thinh/source/laravel-nuxt-docker/backend/vendor/laravel/framework/src/Illuminate/Container/BoundMethod.php(35): Illuminate\\Container\\BoundMethod::callBoundMethod()
#32 /home/np_thinh/source/laravel-nuxt-docker/backend/vendor/laravel/framework/src/Illuminate/Container/Container.php(799): Illuminate\\Container\\BoundMethod::call()
#33 /home/np_thinh/source/laravel-nuxt-docker/backend/vendor/laravel/framework/src/Illuminate/Console/Command.php(280): Illuminate\\Container\\Container->call()
#34 /home/np_thinh/source/laravel-nuxt-docker/backend/vendor/symfony/console/Command/Command.php(341): Illuminate\\Console\\Command->execute()
#35 /home/np_thinh/source/laravel-nuxt-docker/backend/vendor/laravel/framework/src/Illuminate/Console/Command.php(249): Symfony\\Component\\Console\\Command\\Command->run()
#36 /home/np_thinh/source/laravel-nuxt-docker/backend/vendor/symfony/console/Application.php(1117): Illuminate\\Console\\Command->run()
#37 /home/np_thinh/source/laravel-nuxt-docker/backend/vendor/symfony/console/Application.php(356): Symfony\\Component\\Console\\Application->doRunCommand()
#38 /home/np_thinh/source/laravel-nuxt-docker/backend/vendor/symfony/console/Application.php(195): Symfony\\Component\\Console\\Application->doRun()
#39 /home/np_thinh/source/laravel-nuxt-docker/backend/vendor/laravel/framework/src/Illuminate/Foundation/Console/Kernel.php(198): Symfony\\Component\\Console\\Application->run()
#40 /home/np_thinh/source/laravel-nuxt-docker/backend/vendor/laravel/framework/src/Illuminate/Foundation/Application.php(1235): Illuminate\\Foundation\\Console\\Kernel->handle()
#41 /home/np_thinh/source/laravel-nuxt-docker/backend/artisan(16): Illuminate\\Foundation\\Application->handleCommand()
#42 {main}
"} 
[2026-08-21 07:58:17] local.ERROR: SQLSTATE[HY000] [2002] No such file or directory (Connection: mysql, Host: localhost, Port: 3310, Database: laravel_nuxt, SQL: delete from `cache`) {"exception":"[object] (Illuminate\\Database\\QueryException(code: 2002): SQLSTATE[HY000] [2002] No such file or directory (Connection: mysql, Host: localhost, Port: 3310, Database: laravel_nuxt, SQL: delete from `cache`) at /home/np_thinh/source/laravel-nuxt-docker/backend/vendor/laravel/framework/src/Illuminate/Database/Connection.php:841)
[stacktrace]
#0 /home/np_thinh/source/laravel-nuxt-docker/backend/vendor/laravel/framework/src/Illuminate/Database/Connection.php(1021): Illuminate\\Database\\Connection->runQueryCallback()
#1 /home/np_thinh/source/laravel-nuxt-docker/backend/vendor/laravel/framework/src/Illuminate/Database/Connection.php(1000): Illuminate\\Database\\Connection->tryAgainIfCausedByLostConnection()
#2 /home/np_thinh/source/laravel-nuxt-docker/backend/vendor/laravel/framework/src/Illuminate/Database/Connection.php(799): Illuminate\\Database\\Connection->handleQueryException()
#3 /home/np_thinh/source/laravel-nuxt-docker/backend/vendor/laravel/framework/src/Illuminate/Database/Connection.php(600): Illuminate\\Database\\Connection->run()
#4 /home/np_thinh/source/laravel-nuxt-docker/backend/vendor/laravel/framework/src/Illuminate/Database/Connection.php(564): Illuminate\\Database\\Connection->affectingStatement()
#5 /home/np_thinh/source/laravel-nuxt-docker/backend/vendor/laravel/framework/src/Illuminate/Database/Query/Builder.php(4514): Illuminate\\Database\\Connection->delete()
#6 /home/np_thinh/source/laravel-nuxt-docker/backend/vendor/laravel/framework/src/Illuminate/Cache/DatabaseStore.php(450): Illuminate\\Database\\Query\\Builder->delete()
#7 /home/np_thinh/source/laravel-nuxt-docker/backend/vendor/laravel/framework/src/Illuminate/Cache/Repository.php(1049): Illuminate\\Cache\\DatabaseStore->flush()
#8 /home/np_thinh/source/laravel-nuxt-docker/backend/vendor/laravel/framework/src/Illuminate/Cache/Console/ClearCommand.php(73): Illuminate\\Cache\\Repository->__call()
#9 /home/np_thinh/source/laravel-nuxt-docker/backend/vendor/laravel/framework/src/Illuminate/Container/BoundMethod.php(36): Illuminate\\Cache\\Console\\ClearCommand->handle()
#10 /home/np_thinh/source/laravel-nuxt-docker/backend/vendor/laravel/framework/src/Illuminate/Container/Util.php(43): Illuminate\\Container\\BoundMethod::{closure:Illuminate\\Container\\BoundMethod::call():35}()
#11 /home/np_thinh/source/laravel-nuxt-docker/backend/vendor/laravel/framework/src/Illuminate/Container/BoundMethod.php(96): Illuminate\\Container\\Util::unwrapIfClosure()
#12 /home/np_thinh/source/laravel-nuxt-docker/backend/vendor/laravel/framework/src/Illuminate/Container/BoundMethod.php(35): Illuminate\\Container\\BoundMethod::callBoundMethod()
#13 /home/np_thinh/source/laravel-nuxt-docker/backend/vendor/laravel/framework/src/Illuminate/Container/Container.php(799): Illuminate\\Container\\BoundMethod::call()
#14 /home/np_thinh/source/laravel-nuxt-docker/backend/vendor/laravel/framework/src/Illuminate/Console/Command.php(280): Illuminate\\Container\\Container->call()
#15 /home/np_thinh/source/laravel-nuxt-docker/backend/vendor/symfony/console/Command/Command.php(341): Illuminate\\Console\\Command->execute()
#16 /home/np_thinh/source/laravel-nuxt-docker/backend/vendor/laravel/framework/src/Illuminate/Console/Command.php(249): Symfony\\Component\\Console\\Command\\Command->run()
#17 /home/np_thinh/source/laravel-nuxt-docker/backend/vendor/laravel/framework/src/Illuminate/Console/Concerns/CallsCommands.php(68): Illuminate\\Console\\Command->run()
#18 /home/np_thinh/source/laravel-nuxt-docker/backend/vendor/laravel/framework/src/Illuminate/Console/Concerns/CallsCommands.php(41): Illuminate\\Console\\Command->runCommand()
#19 /home/np_thinh/source/laravel-nuxt-docker/backend/vendor/laravel/framework/src/Illuminate/Console/Concerns/CallsCommands.php(53): Illuminate\\Console\\Command->callSilent()
#20 /home/np_thinh/source/laravel-nuxt-docker/backend/vendor/laravel/framework/src/Illuminate/Foundation/Console/OptimizeClearCommand.php(48): Illuminate\\Console\\Command->callSilently()
#21 /home/np_thinh/source/laravel-nuxt-docker/backend/vendor/laravel/framework/src/Illuminate/Console/View/Components/Task.php(43): Illuminate\\Foundation\\Console\\OptimizeClearCommand->{closure:Illuminate\\Foundation\\Console\\OptimizeClearCommand::handle():48}()
#22 /home/np_thinh/source/laravel-nuxt-docker/backend/vendor/laravel/framework/src/Illuminate/Console/View/Components/Factory.php(59): Illuminate\\Console\\View\\Components\\Task->render()
#23 /home/np_thinh/source/laravel-nuxt-docker/backend/vendor/laravel/framework/src/Illuminate/Foundation/Console/OptimizeClearCommand.php(48): Illuminate\\Console\\View\\Components\\Factory->__call()
#24 /home/np_thinh/source/laravel-nuxt-docker/backend/vendor/laravel/framework/src/Illuminate/Container/BoundMethod.php(36): Illuminate\\Foundation\\Console\\OptimizeClearCommand->handle()
#25 /home/np_thinh/source/laravel-nuxt-docker/backend/vendor/laravel/framework/src/Illuminate/Container/Util.php(43): Illuminate\\Container\\BoundMethod::{closure:Illuminate\\Container\\BoundMethod::call():35}()
#26 /home/np_thinh/source/laravel-nuxt-docker/backend/vendor/laravel/framework/src/Illuminate/Container/BoundMethod.php(96): Illuminate\\Container\\Util::unwrapIfClosure()
#27 /home/np_thinh/source/laravel-nuxt-docker/backend/vendor/laravel/framework/src/Illuminate/Container/BoundMethod.php(35): Illuminate\\Container\\BoundMethod::callBoundMethod()
#28 /home/np_thinh/source/laravel-nuxt-docker/backend/vendor/laravel/framework/src/Illuminate/Container/Container.php(799): Illuminate\\Container\\BoundMethod::call()
#29 /home/np_thinh/source/laravel-nuxt-docker/backend/vendor/laravel/framework/src/Illuminate/Console/Command.php(280): Illuminate\\Container\\Container->call()
#30 /home/np_thinh/source/laravel-nuxt-docker/backend/vendor/symfony/console/Command/Command.php(341): Illuminate\\Console\\Command->execute()
#31 /home/np_thinh/source/laravel-nuxt-docker/backend/vendor/laravel/framework/src/Illuminate/Console/Command.php(249): Symfony\\Component\\Console\\Command\\Command->run()
#32 /home/np_thinh/source/laravel-nuxt-docker/backend/vendor/symfony/console/Application.php(1117): Illuminate\\Console\\Command->run()
#33 /home/np_thinh/source/laravel-nuxt-docker/backend/vendor/symfony/console/Application.php(356): Symfony\\Component\\Console\\Application->doRunCommand()
#34 /home/np_thinh/source/laravel-nuxt-docker/backend/vendor/symfony/console/Application.php(195): Symfony\\Component\\Console\\Application->doRun()
#35 /home/np_thinh/source/laravel-nuxt-docker/backend/vendor/laravel/framework/src/Illuminate/Foundation/Console/Kernel.php(198): Symfony\\Component\\Console\\Application->run()
#36 /home/np_thinh/source/laravel-nuxt-docker/backend/vendor/laravel/framework/src/Illuminate/Foundation/Application.php(1235): Illuminate\\Foundation\\Console\\Kernel->handle()
#37 /home/np_thinh/source/laravel-nuxt-docker/backend/artisan(16): Illuminate\\Foundation\\Application->handleCommand()
#38 {main}

[previous exception] [object] (PDOException(code: 2002): SQLSTATE[HY000] [2002] No such file or directory at /home/np_thinh/source/laravel-nuxt-docker/backend/vendor/laravel/framework/src/Illuminate/Database/Connectors/Connector.php:67)
[stacktrace]
#0 /home/np_thinh/source/laravel-nuxt-docker/backend/vendor/laravel/framework/src/Illuminate/Database/Connectors/Connector.php(67): PDO::connect()
#1 /home/np_thinh/source/laravel-nuxt-docker/backend/vendor/laravel/framework/src/Illuminate/Database/Connectors/Connector.php(85): Illuminate\\Database\\Connectors\\Connector->createPdoConnection()
#2 /home/np_thinh/source/laravel-nuxt-docker/backend/vendor/laravel/framework/src/Illuminate/Database/Connectors/Connector.php(48): Illuminate\\Database\\Connectors\\Connector->tryAgainIfCausedByLostConnection()
#3 /home/np_thinh/source/laravel-nuxt-docker/backend/vendor/laravel/framework/src/Illuminate/Database/Connectors/MySqlConnector.php(24): Illuminate\\Database\\Connectors\\Connector->createConnection()
#4 /home/np_thinh/source/laravel-nuxt-docker/backend/vendor/laravel/framework/src/Illuminate/Database/Connectors/ConnectionFactory.php(188): Illuminate\\Database\\Connectors\\MySqlConnector->connect()
#5 [internal function]: Illuminate\\Database\\Connectors\\ConnectionFactory->{closure:Illuminate\\Database\\Connectors\\ConnectionFactory::createPdoResolverWithHosts():181}()
#6 /home/np_thinh/source/laravel-nuxt-docker/backend/vendor/laravel/framework/src/Illuminate/Database/Connection.php(1279): call_user_func()
#7 /home/np_thinh/source/laravel-nuxt-docker/backend/vendor/laravel/framework/src/Illuminate/Database/Connection.php(608): Illuminate\\Database\\Connection->getPdo()
#8 /home/np_thinh/source/laravel-nuxt-docker/backend/vendor/laravel/framework/src/Illuminate/Database/Connection.php(830): Illuminate\\Database\\Connection->{closure:Illuminate\\Database\\Connection::affectingStatement():600}()
#9 /home/np_thinh/source/laravel-nuxt-docker/backend/vendor/laravel/framework/src/Illuminate/Database/Connection.php(1021): Illuminate\\Database\\Connection->runQueryCallback()
#10 /home/np_thinh/source/laravel-nuxt-docker/backend/vendor/laravel/framework/src/Illuminate/Database/Connection.php(1000): Illuminate\\Database\\Connection->tryAgainIfCausedByLostConnection()
#11 /home/np_thinh/source/laravel-nuxt-docker/backend/vendor/laravel/framework/src/Illuminate/Database/Connection.php(799): Illuminate\\Database\\Connection->handleQueryException()
#12 /home/np_thinh/source/laravel-nuxt-docker/backend/vendor/laravel/framework/src/Illuminate/Database/Connection.php(600): Illuminate\\Database\\Connection->run()
#13 /home/np_thinh/source/laravel-nuxt-docker/backend/vendor/laravel/framework/src/Illuminate/Database/Connection.php(564): Illuminate\\Database\\Connection->affectingStatement()
#14 /home/np_thinh/source/laravel-nuxt-docker/backend/vendor/laravel/framework/src/Illuminate/Database/Query/Builder.php(4514): Illuminate\\Database\\Connection->delete()
#15 /home/np_thinh/source/laravel-nuxt-docker/backend/vendor/laravel/framework/src/Illuminate/Cache/DatabaseStore.php(450): Illuminate\\Database\\Query\\Builder->delete()
#16 /home/np_thinh/source/laravel-nuxt-docker/backend/vendor/laravel/framework/src/Illuminate/Cache/Repository.php(1049): Illuminate\\Cache\\DatabaseStore->flush()
#17 /home/np_thinh/source/laravel-nuxt-docker/backend/vendor/laravel/framework/src/Illuminate/Cache/Console/ClearCommand.php(73): Illuminate\\Cache\\Repository->__call()
#18 /home/np_thinh/source/laravel-nuxt-docker/backend/vendor/laravel/framework/src/Illuminate/Container/BoundMethod.php(36): Illuminate\\Cache\\Console\\ClearCommand->handle()
#19 /home/np_thinh/source/laravel-nuxt-docker/backend/vendor/laravel/framework/src/Illuminate/Container/Util.php(43): Illuminate\\Container\\BoundMethod::{closure:Illuminate\\Container\\BoundMethod::call():35}()
#20 /home/np_thinh/source/laravel-nuxt-docker/backend/vendor/laravel/framework/src/Illuminate/Container/BoundMethod.php(96): Illuminate\\Container\\Util::unwrapIfClosure()
#21 /home/np_thinh/source/laravel-nuxt-docker/backend/vendor/laravel/framework/src/Illuminate/Container/BoundMethod.php(35): Illuminate\\Container\\BoundMethod::callBoundMethod()
#22 /home/np_thinh/source/laravel-nuxt-docker/backend/vendor/laravel/framework/src/Illuminate/Container/Container.php(799): Illuminate\\Container\\BoundMethod::call()
#23 /home/np_thinh/source/laravel-nuxt-docker/backend/vendor/laravel/framework/src/Illuminate/Console/Command.php(280): Illuminate\\Container\\Container->call()
#24 /home/np_thinh/source/laravel-nuxt-docker/backend/vendor/symfony/console/Command/Command.php(341): Illuminate\\Console\\Command->execute()
#25 /home/np_thinh/source/laravel-nuxt-docker/backend/vendor/laravel/framework/src/Illuminate/Console/Command.php(249): Symfony\\Component\\Console\\Command\\Command->run()
#26 /home/np_thinh/source/laravel-nuxt-docker/backend/vendor/laravel/framework/src/Illuminate/Console/Concerns/CallsCommands.php(68): Illuminate\\Console\\Command->run()
#27 /home/np_thinh/source/laravel-nuxt-docker/backend/vendor/laravel/framework/src/Illuminate/Console/Concerns/CallsCommands.php(41): Illuminate\\Console\\Command->runCommand()
#28 /home/np_thinh/source/laravel-nuxt-docker/backend/vendor/laravel/framework/src/Illuminate/Console/Concerns/CallsCommands.php(53): Illuminate\\Console\\Command->callSilent()
#29 /home/np_thinh/source/laravel-nuxt-docker/backend/vendor/laravel/framework/src/Illuminate/Foundation/Console/OptimizeClearCommand.php(48): Illuminate\\Console\\Command->callSilently()
#30 /home/np_thinh/source/laravel-nuxt-docker/backend/vendor/laravel/framework/src/Illuminate/Console/View/Components/Task.php(43): Illuminate\\Foundation\\Console\\OptimizeClearCommand->{closure:Illuminate\\Foundation\\Console\\OptimizeClearCommand::handle():48}()
#31 /home/np_thinh/source/laravel-nuxt-docker/backend/vendor/laravel/framework/src/Illuminate/Console/View/Components/Factory.php(59): Illuminate\\Console\\View\\Components\\Task->render()
#32 /home/np_thinh/source/laravel-nuxt-docker/backend/vendor/laravel/framework/src/Illuminate/Foundation/Console/OptimizeClearCommand.php(48): Illuminate\\Console\\View\\Components\\Factory->__call()
#33 /home/np_thinh/source/laravel-nuxt-docker/backend/vendor/laravel/framework/src/Illuminate/Container/BoundMethod.php(36): Illuminate\\Foundation\\Console\\OptimizeClearCommand->handle()
#34 /home/np_thinh/source/laravel-nuxt-docker/backend/vendor/laravel/framework/src/Illuminate/Container/Util.php(43): Illuminate\\Container\\BoundMethod::{closure:Illuminate\\Container\\BoundMethod::call():35}()
#35 /home/np_thinh/source/laravel-nuxt-docker/backend/vendor/laravel/framework/src/Illuminate/Container/BoundMethod.php(96): Illuminate\\Container\\Util::unwrapIfClosure()
#36 /home/np_thinh/source/laravel-nuxt-docker/backend/vendor/laravel/framework/src/Illuminate/Container/BoundMethod.php(35): Illuminate\\Container\\BoundMethod::callBoundMethod()
#37 /home/np_thinh/source/laravel-nuxt-docker/backend/vendor/laravel/framework/src/Illuminate/Container/Container.php(799): Illuminate\\Container\\BoundMethod::call()
#38 /home/np_thinh/source/laravel-nuxt-docker/backend/vendor/laravel/framework/src/Illuminate/Console/Command.php(280): Illuminate\\Container\\Container->call()
#39 /home/np_thinh/source/laravel-nuxt-docker/backend/vendor/symfony/console/Command/Command.php(341): Illuminate\\Console\\Command->execute()
#40 /home/np_thinh/source/laravel-nuxt-docker/backend/vendor/laravel/framework/src/Illuminate/Console/Command.php(249): Symfony\\Component\\Console\\Command\\Command->run()
#41 /home/np_thinh/source/laravel-nuxt-docker/backend/vendor/symfony/console/Application.php(1117): Illuminate\\Console\\Command->run()
#42 /home/np_thinh/source/laravel-nuxt-docker/backend/vendor/symfony/console/Application.php(356): Symfony\\Component\\Console\\Application->doRunCommand()
#43 /home/np_thinh/source/laravel-nuxt-docker/backend/vendor/symfony/console/Application.php(195): Symfony\\Component\\Console\\Application->doRun()
#44 /home/np_thinh/source/laravel-nuxt-docker/backend/vendor/laravel/framework/src/Illuminate/Foundation/Console/Kernel.php(198): Symfony\\Component\\Console\\Application->run()
#45 /home/np_thinh/source/laravel-nuxt-docker/backend/vendor/laravel/framework/src/Illuminate/Foundation/Application.php(1235): Illuminate\\Foundation\\Console\\Kernel->handle()
#46 /home/np_thinh/source/laravel-nuxt-docker/backend/artisan(16): Illuminate\\Foundation\\Application->handleCommand()
#47 {main}
"} 
[2026-08-21 07:59:07] local.ERROR: SQLSTATE[HY000] [2002] php_network_getaddresses: getaddrinfo for mysql failed: Temporary failure in name resolution (Connection: mysql, Host: mysql, Port: 3310, Database: laravel_nuxt, SQL: select exists (select 1 from information_schema.tables where table_schema = schema() and table_name = 'migrations' and table_type in ('BASE TABLE', 'SYSTEM VERSIONED')) as `exists`) {"exception":"[object] (Illuminate\\Database\\QueryException(code: 2002): SQLSTATE[HY000] [2002] php_network_getaddresses: getaddrinfo for mysql failed: Temporary failure in name resolution (Connection: mysql, Host: mysql, Port: 3310, Database: laravel_nuxt, SQL: select exists (select 1 from information_schema.tables where table_schema = schema() and table_name = 'migrations' and table_type in ('BASE TABLE', 'SYSTEM VERSIONED')) as `exists`) at /home/np_thinh/source/laravel-nuxt-docker/backend/vendor/laravel/framework/src/Illuminate/Database/Connection.php:841)
[stacktrace]
#0 /home/np_thinh/source/laravel-nuxt-docker/backend/vendor/laravel/framework/src/Illuminate/Database/Connection.php(1021): Illuminate\\Database\\Connection->runQueryCallback()
#1 /home/np_thinh/source/laravel-nuxt-docker/backend/vendor/laravel/framework/src/Illuminate/Database/Connection.php(1000): Illuminate\\Database\\Connection->tryAgainIfCausedByLostConnection()
#2 /home/np_thinh/source/laravel-nuxt-docker/backend/vendor/laravel/framework/src/Illuminate/Database/Connection.php(799): Illuminate\\Database\\Connection->handleQueryException()
#3 /home/np_thinh/source/laravel-nuxt-docker/backend/vendor/laravel/framework/src/Illuminate/Database/Connection.php(412): Illuminate\\Database\\Connection->run()
#4 /home/np_thinh/source/laravel-nuxt-docker/backend/vendor/laravel/framework/src/Illuminate/Database/Connection.php(357): Illuminate\\Database\\Connection->select()
#5 /home/np_thinh/source/laravel-nuxt-docker/backend/vendor/laravel/framework/src/Illuminate/Database/Connection.php(374): Illuminate\\Database\\Connection->selectOne()
#6 /home/np_thinh/source/laravel-nuxt-docker/backend/vendor/laravel/framework/src/Illuminate/Database/Schema/Builder.php(176): Illuminate\\Database\\Connection->scalar()
#7 /home/np_thinh/source/laravel-nuxt-docker/backend/vendor/laravel/framework/src/Illuminate/Database/Migrations/DatabaseMigrationRepository.php(185): Illuminate\\Database\\Schema\\Builder->hasTable()
#8 /home/np_thinh/source/laravel-nuxt-docker/backend/vendor/laravel/framework/src/Illuminate/Database/Migrations/Migrator.php(758): Illuminate\\Database\\Migrations\\DatabaseMigrationRepository->repositoryExists()
#9 /home/np_thinh/source/laravel-nuxt-docker/backend/vendor/laravel/framework/src/Illuminate/Database/Console/Migrations/MigrateCommand.php(166): Illuminate\\Database\\Migrations\\Migrator->repositoryExists()
#10 /home/np_thinh/source/laravel-nuxt-docker/backend/vendor/laravel/framework/src/Illuminate/Support/helpers.php(328): Illuminate\\Database\\Console\\Migrations\\MigrateCommand->{closure:Illuminate\\Database\\Console\\Migrations\\MigrateCommand::repositoryExists():166}()
#11 /home/np_thinh/source/laravel-nuxt-docker/backend/vendor/laravel/framework/src/Illuminate/Database/Console/Migrations/MigrateCommand.php(166): retry()
#12 /home/np_thinh/source/laravel-nuxt-docker/backend/vendor/laravel/framework/src/Illuminate/Database/Console/Migrations/MigrateCommand.php(142): Illuminate\\Database\\Console\\Migrations\\MigrateCommand->repositoryExists()
#13 /home/np_thinh/source/laravel-nuxt-docker/backend/vendor/laravel/framework/src/Illuminate/Database/Console/Migrations/MigrateCommand.php(112): Illuminate\\Database\\Console\\Migrations\\MigrateCommand->prepareDatabase()
#14 /home/np_thinh/source/laravel-nuxt-docker/backend/vendor/laravel/framework/src/Illuminate/Database/Migrations/Migrator.php(671): Illuminate\\Database\\Console\\Migrations\\MigrateCommand->{closure:Illuminate\\Database\\Console\\Migrations\\MigrateCommand::runMigrations():111}()
#15 /home/np_thinh/source/laravel-nuxt-docker/backend/vendor/laravel/framework/src/Illuminate/Database/Console/Migrations/MigrateCommand.php(111): Illuminate\\Database\\Migrations\\Migrator->usingConnection()
#16 /home/np_thinh/source/laravel-nuxt-docker/backend/vendor/laravel/framework/src/Illuminate/Database/Console/Migrations/MigrateCommand.php(90): Illuminate\\Database\\Console\\Migrations\\MigrateCommand->runMigrations()
#17 /home/np_thinh/source/laravel-nuxt-docker/backend/vendor/laravel/framework/src/Illuminate/Container/BoundMethod.php(36): Illuminate\\Database\\Console\\Migrations\\MigrateCommand->handle()
#18 /home/np_thinh/source/laravel-nuxt-docker/backend/vendor/laravel/framework/src/Illuminate/Container/Util.php(43): Illuminate\\Container\\BoundMethod::{closure:Illuminate\\Container\\BoundMethod::call():35}()
#19 /home/np_thinh/source/laravel-nuxt-docker/backend/vendor/laravel/framework/src/Illuminate/Container/BoundMethod.php(96): Illuminate\\Container\\Util::unwrapIfClosure()
#20 /home/np_thinh/source/laravel-nuxt-docker/backend/vendor/laravel/framework/src/Illuminate/Container/BoundMethod.php(35): Illuminate\\Container\\BoundMethod::callBoundMethod()
#21 /home/np_thinh/source/laravel-nuxt-docker/backend/vendor/laravel/framework/src/Illuminate/Container/Container.php(799): Illuminate\\Container\\BoundMethod::call()
#22 /home/np_thinh/source/laravel-nuxt-docker/backend/vendor/laravel/framework/src/Illuminate/Console/Command.php(280): Illuminate\\Container\\Container->call()
#23 /home/np_thinh/source/laravel-nuxt-docker/backend/vendor/symfony/console/Command/Command.php(341): Illuminate\\Console\\Command->execute()
#24 /home/np_thinh/source/laravel-nuxt-docker/backend/vendor/laravel/framework/src/Illuminate/Console/Command.php(249): Symfony\\Component\\Console\\Command\\Command->run()
#25 /home/np_thinh/source/laravel-nuxt-docker/backend/vendor/symfony/console/Application.php(1117): Illuminate\\Console\\Command->run()
#26 /home/np_thinh/source/laravel-nuxt-docker/backend/vendor/symfony/console/Application.php(356): Symfony\\Component\\Console\\Application->doRunCommand()
#27 /home/np_thinh/source/laravel-nuxt-docker/backend/vendor/symfony/console/Application.php(195): Symfony\\Component\\Console\\Application->doRun()
#28 /home/np_thinh/source/laravel-nuxt-docker/backend/vendor/laravel/framework/src/Illuminate/Foundation/Console/Kernel.php(198): Symfony\\Component\\Console\\Application->run()
#29 /home/np_thinh/source/laravel-nuxt-docker/backend/vendor/laravel/framework/src/Illuminate/Foundation/Application.php(1235): Illuminate\\Foundation\\Console\\Kernel->handle()
#30 /home/np_thinh/source/laravel-nuxt-docker/backend/artisan(16): Illuminate\\Foundation\\Application->handleCommand()
#31 {main}

[previous exception] [object] (PDOException(code: 2002): SQLSTATE[HY000] [2002] php_network_getaddresses: getaddrinfo for mysql failed: Temporary failure in name resolution at /home/np_thinh/source/laravel-nuxt-docker/backend/vendor/laravel/framework/src/Illuminate/Database/Connectors/Connector.php:67)
[stacktrace]
#0 /home/np_thinh/source/laravel-nuxt-docker/backend/vendor/laravel/framework/src/Illuminate/Database/Connectors/Connector.php(67): PDO::connect()
#1 /home/np_thinh/source/laravel-nuxt-docker/backend/vendor/laravel/framework/src/Illuminate/Database/Connectors/Connector.php(85): Illuminate\\Database\\Connectors\\Connector->createPdoConnection()
#2 /home/np_thinh/source/laravel-nuxt-docker/backend/vendor/laravel/framework/src/Illuminate/Database/Connectors/Connector.php(48): Illuminate\\Database\\Connectors\\Connector->tryAgainIfCausedByLostConnection()
#3 /home/np_thinh/source/laravel-nuxt-docker/backend/vendor/laravel/framework/src/Illuminate/Database/Connectors/MySqlConnector.php(24): Illuminate\\Database\\Connectors\\Connector->createConnection()
#4 /home/np_thinh/source/laravel-nuxt-docker/backend/vendor/laravel/framework/src/Illuminate/Database/Connectors/ConnectionFactory.php(188): Illuminate\\Database\\Connectors\\MySqlConnector->connect()
#5 [internal function]: Illuminate\\Database\\Connectors\\ConnectionFactory->{closure:Illuminate\\Database\\Connectors\\ConnectionFactory::createPdoResolverWithHosts():181}()
#6 /home/np_thinh/source/laravel-nuxt-docker/backend/vendor/laravel/framework/src/Illuminate/Database/Connection.php(1279): call_user_func()
#7 /home/np_thinh/source/laravel-nuxt-docker/backend/vendor/laravel/framework/src/Illuminate/Database/Connection.php(1317): Illuminate\\Database\\Connection->getPdo()
#8 /home/np_thinh/source/laravel-nuxt-docker/backend/vendor/laravel/framework/src/Illuminate/Database/Connection.php(528): Illuminate\\Database\\Connection->getReadPdo()
#9 /home/np_thinh/source/laravel-nuxt-docker/backend/vendor/laravel/framework/src/Illuminate/Database/Connection.php(421): Illuminate\\Database\\Connection->getPdoForSelect()
#10 /home/np_thinh/source/laravel-nuxt-docker/backend/vendor/laravel/framework/src/Illuminate/Database/Connection.php(830): Illuminate\\Database\\Connection->{closure:Illuminate\\Database\\Connection::select():412}()
#11 /home/np_thinh/source/laravel-nuxt-docker/backend/vendor/laravel/framework/src/Illuminate/Database/Connection.php(1021): Illuminate\\Database\\Connection->runQueryCallback()
#12 /home/np_thinh/source/laravel-nuxt-docker/backend/vendor/laravel/framework/src/Illuminate/Database/Connection.php(1000): Illuminate\\Database\\Connection->tryAgainIfCausedByLostConnection()
#13 /home/np_thinh/source/laravel-nuxt-docker/backend/vendor/laravel/framework/src/Illuminate/Database/Connection.php(799): Illuminate\\Database\\Connection->handleQueryException()
#14 /home/np_thinh/source/laravel-nuxt-docker/backend/vendor/laravel/framework/src/Illuminate/Database/Connection.php(412): Illuminate\\Database\\Connection->run()
#15 /home/np_thinh/source/laravel-nuxt-docker/backend/vendor/laravel/framework/src/Illuminate/Database/Connection.php(357): Illuminate\\Database\\Connection->select()
#16 /home/np_thinh/source/laravel-nuxt-docker/backend/vendor/laravel/framework/src/Illuminate/Database/Connection.php(374): Illuminate\\Database\\Connection->selectOne()
#17 /home/np_thinh/source/laravel-nuxt-docker/backend/vendor/laravel/framework/src/Illuminate/Database/Schema/Builder.php(176): Illuminate\\Database\\Connection->scalar()
#18 /home/np_thinh/source/laravel-nuxt-docker/backend/vendor/laravel/framework/src/Illuminate/Database/Migrations/DatabaseMigrationRepository.php(185): Illuminate\\Database\\Schema\\Builder->hasTable()
#19 /home/np_thinh/source/laravel-nuxt-docker/backend/vendor/laravel/framework/src/Illuminate/Database/Migrations/Migrator.php(758): Illuminate\\Database\\Migrations\\DatabaseMigrationRepository->repositoryExists()
#20 /home/np_thinh/source/laravel-nuxt-docker/backend/vendor/laravel/framework/src/Illuminate/Database/Console/Migrations/MigrateCommand.php(166): Illuminate\\Database\\Migrations\\Migrator->repositoryExists()
#21 /home/np_thinh/source/laravel-nuxt-docker/backend/vendor/laravel/framework/src/Illuminate/Support/helpers.php(328): Illuminate\\Database\\Console\\Migrations\\MigrateCommand->{closure:Illuminate\\Database\\Console\\Migrations\\MigrateCommand::repositoryExists():166}()
#22 /home/np_thinh/source/laravel-nuxt-docker/backend/vendor/laravel/framework/src/Illuminate/Database/Console/Migrations/MigrateCommand.php(166): retry()
#23 /home/np_thinh/source/laravel-nuxt-docker/backend/vendor/laravel/framework/src/Illuminate/Database/Console/Migrations/MigrateCommand.php(142): Illuminate\\Database\\Console\\Migrations\\MigrateCommand->repositoryExists()
#24 /home/np_thinh/source/laravel-nuxt-docker/backend/vendor/laravel/framework/src/Illuminate/Database/Console/Migrations/MigrateCommand.php(112): Illuminate\\Database\\Console\\Migrations\\MigrateCommand->prepareDatabase()
#25 /home/np_thinh/source/laravel-nuxt-docker/backend/vendor/laravel/framework/src/Illuminate/Database/Migrations/Migrator.php(671): Illuminate\\Database\\Console\\Migrations\\MigrateCommand->{closure:Illuminate\\Database\\Console\\Migrations\\MigrateCommand::runMigrations():111}()
#26 /home/np_thinh/source/laravel-nuxt-docker/backend/vendor/laravel/framework/src/Illuminate/Database/Console/Migrations/MigrateCommand.php(111): Illuminate\\Database\\Migrations\\Migrator->usingConnection()
#27 /home/np_thinh/source/laravel-nuxt-docker/backend/vendor/laravel/framework/src/Illuminate/Database/Console/Migrations/MigrateCommand.php(90): Illuminate\\Database\\Console\\Migrations\\MigrateCommand->runMigrations()
#28 /home/np_thinh/source/laravel-nuxt-docker/backend/vendor/laravel/framework/src/Illuminate/Container/BoundMethod.php(36): Illuminate\\Database\\Console\\Migrations\\MigrateCommand->handle()
#29 /home/np_thinh/source/laravel-nuxt-docker/backend/vendor/laravel/framework/src/Illuminate/Container/Util.php(43): Illuminate\\Container\\BoundMethod::{closure:Illuminate\\Container\\BoundMethod::call():35}()
#30 /home/np_thinh/source/laravel-nuxt-docker/backend/vendor/laravel/framework/src/Illuminate/Container/BoundMethod.php(96): Illuminate\\Container\\Util::unwrapIfClosure()
#31 /home/np_thinh/source/laravel-nuxt-docker/backend/vendor/laravel/framework/src/Illuminate/Container/BoundMethod.php(35): Illuminate\\Container\\BoundMethod::callBoundMethod()
#32 /home/np_thinh/source/laravel-nuxt-docker/backend/vendor/laravel/framework/src/Illuminate/Container/Container.php(799): Illuminate\\Container\\BoundMethod::call()
#33 /home/np_thinh/source/laravel-nuxt-docker/backend/vendor/laravel/framework/src/Illuminate/Console/Command.php(280): Illuminate\\Container\\Container->call()
#34 /home/np_thinh/source/laravel-nuxt-docker/backend/vendor/symfony/console/Command/Command.php(341): Illuminate\\Console\\Command->execute()
#35 /home/np_thinh/source/laravel-nuxt-docker/backend/vendor/laravel/framework/src/Illuminate/Console/Command.php(249): Symfony\\Component\\Console\\Command\\Command->run()
#36 /home/np_thinh/source/laravel-nuxt-docker/backend/vendor/symfony/console/Application.php(1117): Illuminate\\Console\\Command->run()
#37 /home/np_thinh/source/laravel-nuxt-docker/backend/vendor/symfony/console/Application.php(356): Symfony\\Component\\Console\\Application->doRunCommand()
#38 /home/np_thinh/source/laravel-nuxt-docker/backend/vendor/symfony/console/Application.php(195): Symfony\\Component\\Console\\Application->doRun()
#39 /home/np_thinh/source/laravel-nuxt-docker/backend/vendor/laravel/framework/src/Illuminate/Foundation/Console/Kernel.php(198): Symfony\\Component\\Console\\Application->run()
#40 /home/np_thinh/source/laravel-nuxt-docker/backend/vendor/laravel/framework/src/Illuminate/Foundation/Application.php(1235): Illuminate\\Foundation\\Console\\Kernel->handle()
#41 /home/np_thinh/source/laravel-nuxt-docker/backend/artisan(16): Illuminate\\Foundation\\Application->handleCommand()
#42 {main}

[previous exception] [object] (PDOException(code: 0): PDO::connect(): php_network_getaddresses: getaddrinfo for mysql failed: Temporary failure in name resolution at /home/np_thinh/source/laravel-nuxt-docker/backend/vendor/laravel/framework/src/Illuminate/Database/Connectors/Connector.php:67)
[stacktrace]
#0 /home/np_thinh/source/laravel-nuxt-docker/backend/vendor/laravel/framework/src/Illuminate/Database/Connectors/Connector.php(67): PDO::connect()
#1 /home/np_thinh/source/laravel-nuxt-docker/backend/vendor/laravel/framework/src/Illuminate/Database/Connectors/Connector.php(85): Illuminate\\Database\\Connectors\\Connector->createPdoConnection()
#2 /home/np_thinh/source/laravel-nuxt-docker/backend/vendor/laravel/framework/src/Illuminate/Database/Connectors/Connector.php(48): Illuminate\\Database\\Connectors\\Connector->tryAgainIfCausedByLostConnection()
#3 /home/np_thinh/source/laravel-nuxt-docker/backend/vendor/laravel/framework/src/Illuminate/Database/Connectors/MySqlConnector.php(24): Illuminate\\Database\\Connectors\\Connector->createConnection()
#4 /home/np_thinh/source/laravel-nuxt-docker/backend/vendor/laravel/framework/src/Illuminate/Database/Connectors/ConnectionFactory.php(188): Illuminate\\Database\\Connectors\\MySqlConnector->connect()
#5 [internal function]: Illuminate\\Database\\Connectors\\ConnectionFactory->{closure:Illuminate\\Database\\Connectors\\ConnectionFactory::createPdoResolverWithHosts():181}()
#6 /home/np_thinh/source/laravel-nuxt-docker/backend/vendor/laravel/framework/src/Illuminate/Database/Connection.php(1279): call_user_func()
#7 /home/np_thinh/source/laravel-nuxt-docker/backend/vendor/laravel/framework/src/Illuminate/Database/Connection.php(1317): Illuminate\\Database\\Connection->getPdo()
#8 /home/np_thinh/source/laravel-nuxt-docker/backend/vendor/laravel/framework/src/Illuminate/Database/Connection.php(528): Illuminate\\Database\\Connection->getReadPdo()
#9 /home/np_thinh/source/laravel-nuxt-docker/backend/vendor/laravel/framework/src/Illuminate/Database/Connection.php(421): Illuminate\\Database\\Connection->getPdoForSelect()
#10 /home/np_thinh/source/laravel-nuxt-docker/backend/vendor/laravel/framework/src/Illuminate/Database/Connection.php(830): Illuminate\\Database\\Connection->{closure:Illuminate\\Database\\Connection::select():412}()
#11 /home/np_thinh/source/laravel-nuxt-docker/backend/vendor/laravel/framework/src/Illuminate/Database/Connection.php(1021): Illuminate\\Database\\Connection->runQueryCallback()
#12 /home/np_thinh/source/laravel-nuxt-docker/backend/vendor/laravel/framework/src/Illuminate/Database/Connection.php(1000): Illuminate\\Database\\Connection->tryAgainIfCausedByLostConnection()
#13 /home/np_thinh/source/laravel-nuxt-docker/backend/vendor/laravel/framework/src/Illuminate/Database/Connection.php(799): Illuminate\\Database\\Connection->handleQueryException()
#14 /home/np_thinh/source/laravel-nuxt-docker/backend/vendor/laravel/framework/src/Illuminate/Database/Connection.php(412): Illuminate\\Database\\Connection->run()
#15 /home/np_thinh/source/laravel-nuxt-docker/backend/vendor/laravel/framework/src/Illuminate/Database/Connection.php(357): Illuminate\\Database\\Connection->select()
#16 /home/np_thinh/source/laravel-nuxt-docker/backend/vendor/laravel/framework/src/Illuminate/Database/Connection.php(374): Illuminate\\Database\\Connection->selectOne()
#17 /home/np_thinh/source/laravel-nuxt-docker/backend/vendor/laravel/framework/src/Illuminate/Database/Schema/Builder.php(176): Illuminate\\Database\\Connection->scalar()
#18 /home/np_thinh/source/laravel-nuxt-docker/backend/vendor/laravel/framework/src/Illuminate/Database/Migrations/DatabaseMigrationRepository.php(185): Illuminate\\Database\\Schema\\Builder->hasTable()
#19 /home/np_thinh/source/laravel-nuxt-docker/backend/vendor/laravel/framework/src/Illuminate/Database/Migrations/Migrator.php(758): Illuminate\\Database\\Migrations\\DatabaseMigrationRepository->repositoryExists()
#20 /home/np_thinh/source/laravel-nuxt-docker/backend/vendor/laravel/framework/src/Illuminate/Database/Console/Migrations/MigrateCommand.php(166): Illuminate\\Database\\Migrations\\Migrator->repositoryExists()
#21 /home/np_thinh/source/laravel-nuxt-docker/backend/vendor/laravel/framework/src/Illuminate/Support/helpers.php(328): Illuminate\\Database\\Console\\Migrations\\MigrateCommand->{closure:Illuminate\\Database\\Console\\Migrations\\MigrateCommand::repositoryExists():166}()
#22 /home/np_thinh/source/laravel-nuxt-docker/backend/vendor/laravel/framework/src/Illuminate/Database/Console/Migrations/MigrateCommand.php(166): retry()
#23 /home/np_thinh/source/laravel-nuxt-docker/backend/vendor/laravel/framework/src/Illuminate/Database/Console/Migrations/MigrateCommand.php(142): Illuminate\\Database\\Console\\Migrations\\MigrateCommand->repositoryExists()
#24 /home/np_thinh/source/laravel-nuxt-docker/backend/vendor/laravel/framework/src/Illuminate/Database/Console/Migrations/MigrateCommand.php(112): Illuminate\\Database\\Console\\Migrations\\MigrateCommand->prepareDatabase()
#25 /home/np_thinh/source/laravel-nuxt-docker/backend/vendor/laravel/framework/src/Illuminate/Database/Migrations/Migrator.php(671): Illuminate\\Database\\Console\\Migrations\\MigrateCommand->{closure:Illuminate\\Database\\Console\\Migrations\\MigrateCommand::runMigrations():111}()
#26 /home/np_thinh/source/laravel-nuxt-docker/backend/vendor/laravel/framework/src/Illuminate/Database/Console/Migrations/MigrateCommand.php(111): Illuminate\\Database\\Migrations\\Migrator->usingConnection()
#27 /home/np_thinh/source/laravel-nuxt-docker/backend/vendor/laravel/framework/src/Illuminate/Database/Console/Migrations/MigrateCommand.php(90): Illuminate\\Database\\Console\\Migrations\\MigrateCommand->runMigrations()
#28 /home/np_thinh/source/laravel-nuxt-docker/backend/vendor/laravel/framework/src/Illuminate/Container/BoundMethod.php(36): Illuminate\\Database\\Console\\Migrations\\MigrateCommand->handle()
#29 /home/np_thinh/source/laravel-nuxt-docker/backend/vendor/laravel/framework/src/Illuminate/Container/Util.php(43): Illuminate\\Container\\BoundMethod::{closure:Illuminate\\Container\\BoundMethod::call():35}()
#30 /home/np_thinh/source/laravel-nuxt-docker/backend/vendor/laravel/framework/src/Illuminate/Container/BoundMethod.php(96): Illuminate\\Container\\Util::unwrapIfClosure()
#31 /home/np_thinh/source/laravel-nuxt-docker/backend/vendor/laravel/framework/src/Illuminate/Container/BoundMethod.php(35): Illuminate\\Container\\BoundMethod::callBoundMethod()
#32 /home/np_thinh/source/laravel-nuxt-docker/backend/vendor/laravel/framework/src/Illuminate/Container/Container.php(799): Illuminate\\Container\\BoundMethod::call()
#33 /home/np_thinh/source/laravel-nuxt-docker/backend/vendor/laravel/framework/src/Illuminate/Console/Command.php(280): Illuminate\\Container\\Container->call()
#34 /home/np_thinh/source/laravel-nuxt-docker/backend/vendor/symfony/console/Command/Command.php(341): Illuminate\\Console\\Command->execute()
#35 /home/np_thinh/source/laravel-nuxt-docker/backend/vendor/laravel/framework/src/Illuminate/Console/Command.php(249): Symfony\\Component\\Console\\Command\\Command->run()
#36 /home/np_thinh/source/laravel-nuxt-docker/backend/vendor/symfony/console/Application.php(1117): Illuminate\\Console\\Command->run()
#37 /home/np_thinh/source/laravel-nuxt-docker/backend/vendor/symfony/console/Application.php(356): Symfony\\Component\\Console\\Application->doRunCommand()
#38 /home/np_thinh/source/laravel-nuxt-docker/backend/vendor/symfony/console/Application.php(195): Symfony\\Component\\Console\\Application->doRun()
#39 /home/np_thinh/source/laravel-nuxt-docker/backend/vendor/laravel/framework/src/Illuminate/Foundation/Console/Kernel.php(198): Symfony\\Component\\Console\\Application->run()
#40 /home/np_thinh/source/laravel-nuxt-docker/backend/vendor/laravel/framework/src/Illuminate/Foundation/Application.php(1235): Illuminate\\Foundation\\Console\\Kernel->handle()
#41 /home/np_thinh/source/laravel-nuxt-docker/backend/artisan(16): Illuminate\\Foundation\\Application->handleCommand()
#42 {main}
"} 
[2026-08-21 07:59:49] local.ERROR: SQLSTATE[HY000] [2002] Connection refused (Connection: mysql, Host: 127.0.0.1, Port: 3306, Database: laravel_nuxt, SQL: select exists (select 1 from information_schema.tables where table_schema = schema() and table_name = 'migrations' and table_type in ('BASE TABLE', 'SYSTEM VERSIONED')) as `exists`) {"exception":"[object] (Illuminate\\Database\\QueryException(code: 2002): SQLSTATE[HY000] [2002] Connection refused (Connection: mysql, Host: 127.0.0.1, Port: 3306, Database: laravel_nuxt, SQL: select exists (select 1 from information_schema.tables where table_schema = schema() and table_name = 'migrations' and table_type in ('BASE TABLE', 'SYSTEM VERSIONED')) as `exists`) at /home/np_thinh/source/laravel-nuxt-docker/backend/vendor/laravel/framework/src/Illuminate/Database/Connection.php:841)
[stacktrace]
#0 /home/np_thinh/source/laravel-nuxt-docker/backend/vendor/laravel/framework/src/Illuminate/Database/Connection.php(1021): Illuminate\\Database\\Connection->runQueryCallback()
#1 /home/np_thinh/source/laravel-nuxt-docker/backend/vendor/laravel/framework/src/Illuminate/Database/Connection.php(1000): Illuminate\\Database\\Connection->tryAgainIfCausedByLostConnection()
#2 /home/np_thinh/source/laravel-nuxt-docker/backend/vendor/laravel/framework/src/Illuminate/Database/Connection.php(799): Illuminate\\Database\\Connection->handleQueryException()
#3 /home/np_thinh/source/laravel-nuxt-docker/backend/vendor/laravel/framework/src/Illuminate/Database/Connection.php(412): Illuminate\\Database\\Connection->run()
#4 /home/np_thinh/source/laravel-nuxt-docker/backend/vendor/laravel/framework/src/Illuminate/Database/Connection.php(357): Illuminate\\Database\\Connection->select()
#5 /home/np_thinh/source/laravel-nuxt-docker/backend/vendor/laravel/framework/src/Illuminate/Database/Connection.php(374): Illuminate\\Database\\Connection->selectOne()
#6 /home/np_thinh/source/laravel-nuxt-docker/backend/vendor/laravel/framework/src/Illuminate/Database/Schema/Builder.php(176): Illuminate\\Database\\Connection->scalar()
#7 /home/np_thinh/source/laravel-nuxt-docker/backend/vendor/laravel/framework/src/Illuminate/Database/Migrations/DatabaseMigrationRepository.php(185): Illuminate\\Database\\Schema\\Builder->hasTable()
#8 /home/np_thinh/source/laravel-nuxt-docker/backend/vendor/laravel/framework/src/Illuminate/Database/Migrations/Migrator.php(758): Illuminate\\Database\\Migrations\\DatabaseMigrationRepository->repositoryExists()
#9 /home/np_thinh/source/laravel-nuxt-docker/backend/vendor/laravel/framework/src/Illuminate/Database/Console/Migrations/MigrateCommand.php(166): Illuminate\\Database\\Migrations\\Migrator->repositoryExists()
#10 /home/np_thinh/source/laravel-nuxt-docker/backend/vendor/laravel/framework/src/Illuminate/Support/helpers.php(328): Illuminate\\Database\\Console\\Migrations\\MigrateCommand->{closure:Illuminate\\Database\\Console\\Migrations\\MigrateCommand::repositoryExists():166}()
#11 /home/np_thinh/source/laravel-nuxt-docker/backend/vendor/laravel/framework/src/Illuminate/Database/Console/Migrations/MigrateCommand.php(166): retry()
#12 /home/np_thinh/source/laravel-nuxt-docker/backend/vendor/laravel/framework/src/Illuminate/Database/Console/Migrations/MigrateCommand.php(142): Illuminate\\Database\\Console\\Migrations\\MigrateCommand->repositoryExists()
#13 /home/np_thinh/source/laravel-nuxt-docker/backend/vendor/laravel/framework/src/Illuminate/Database/Console/Migrations/MigrateCommand.php(112): Illuminate\\Database\\Console\\Migrations\\MigrateCommand->prepareDatabase()
#14 /home/np_thinh/source/laravel-nuxt-docker/backend/vendor/laravel/framework/src/Illuminate/Database/Migrations/Migrator.php(671): Illuminate\\Database\\Console\\Migrations\\MigrateCommand->{closure:Illuminate\\Database\\Console\\Migrations\\MigrateCommand::runMigrations():111}()
#15 /home/np_thinh/source/laravel-nuxt-docker/backend/vendor/laravel/framework/src/Illuminate/Database/Console/Migrations/MigrateCommand.php(111): Illuminate\\Database\\Migrations\\Migrator->usingConnection()
#16 /home/np_thinh/source/laravel-nuxt-docker/backend/vendor/laravel/framework/src/Illuminate/Database/Console/Migrations/MigrateCommand.php(90): Illuminate\\Database\\Console\\Migrations\\MigrateCommand->runMigrations()
#17 /home/np_thinh/source/laravel-nuxt-docker/backend/vendor/laravel/framework/src/Illuminate/Container/BoundMethod.php(36): Illuminate\\Database\\Console\\Migrations\\MigrateCommand->handle()
#18 /home/np_thinh/source/laravel-nuxt-docker/backend/vendor/laravel/framework/src/Illuminate/Container/Util.php(43): Illuminate\\Container\\BoundMethod::{closure:Illuminate\\Container\\BoundMethod::call():35}()
#19 /home/np_thinh/source/laravel-nuxt-docker/backend/vendor/laravel/framework/src/Illuminate/Container/BoundMethod.php(96): Illuminate\\Container\\Util::unwrapIfClosure()
#20 /home/np_thinh/source/laravel-nuxt-docker/backend/vendor/laravel/framework/src/Illuminate/Container/BoundMethod.php(35): Illuminate\\Container\\BoundMethod::callBoundMethod()
#21 /home/np_thinh/source/laravel-nuxt-docker/backend/vendor/laravel/framework/src/Illuminate/Container/Container.php(799): Illuminate\\Container\\BoundMethod::call()
#22 /home/np_thinh/source/laravel-nuxt-docker/backend/vendor/laravel/framework/src/Illuminate/Console/Command.php(280): Illuminate\\Container\\Container->call()
#23 /home/np_thinh/source/laravel-nuxt-docker/backend/vendor/symfony/console/Command/Command.php(341): Illuminate\\Console\\Command->execute()
#24 /home/np_thinh/source/laravel-nuxt-docker/backend/vendor/laravel/framework/src/Illuminate/Console/Command.php(249): Symfony\\Component\\Console\\Command\\Command->run()
#25 /home/np_thinh/source/laravel-nuxt-docker/backend/vendor/symfony/console/Application.php(1117): Illuminate\\Console\\Command->run()
#26 /home/np_thinh/source/laravel-nuxt-docker/backend/vendor/symfony/console/Application.php(356): Symfony\\Component\\Console\\Application->doRunCommand()
#27 /home/np_thinh/source/laravel-nuxt-docker/backend/vendor/symfony/console/Application.php(195): Symfony\\Component\\Console\\Application->doRun()
#28 /home/np_thinh/source/laravel-nuxt-docker/backend/vendor/laravel/framework/src/Illuminate/Foundation/Console/Kernel.php(198): Symfony\\Component\\Console\\Application->run()
#29 /home/np_thinh/source/laravel-nuxt-docker/backend/vendor/laravel/framework/src/Illuminate/Foundation/Application.php(1235): Illuminate\\Foundation\\Console\\Kernel->handle()
#30 /home/np_thinh/source/laravel-nuxt-docker/backend/artisan(16): Illuminate\\Foundation\\Application->handleCommand()
#31 {main}

[previous exception] [object] (PDOException(code: 2002): SQLSTATE[HY000] [2002] Connection refused at /home/np_thinh/source/laravel-nuxt-docker/backend/vendor/laravel/framework/src/Illuminate/Database/Connectors/Connector.php:67)
[stacktrace]
#0 /home/np_thinh/source/laravel-nuxt-docker/backend/vendor/laravel/framework/src/Illuminate/Database/Connectors/Connector.php(67): PDO::connect()
#1 /home/np_thinh/source/laravel-nuxt-docker/backend/vendor/laravel/framework/src/Illuminate/Database/Connectors/Connector.php(85): Illuminate\\Database\\Connectors\\Connector->createPdoConnection()
#2 /home/np_thinh/source/laravel-nuxt-docker/backend/vendor/laravel/framework/src/Illuminate/Database/Connectors/Connector.php(48): Illuminate\\Database\\Connectors\\Connector->tryAgainIfCausedByLostConnection()
#3 /home/np_thinh/source/laravel-nuxt-docker/backend/vendor/laravel/framework/src/Illuminate/Database/Connectors/MySqlConnector.php(24): Illuminate\\Database\\Connectors\\Connector->createConnection()
#4 /home/np_thinh/source/laravel-nuxt-docker/backend/vendor/laravel/framework/src/Illuminate/Database/Connectors/ConnectionFactory.php(188): Illuminate\\Database\\Connectors\\MySqlConnector->connect()
#5 [internal function]: Illuminate\\Database\\Connectors\\ConnectionFactory->{closure:Illuminate\\Database\\Connectors\\ConnectionFactory::createPdoResolverWithHosts():181}()
#6 /home/np_thinh/source/laravel-nuxt-docker/backend/vendor/laravel/framework/src/Illuminate/Database/Connection.php(1279): call_user_func()
#7 /home/np_thinh/source/laravel-nuxt-docker/backend/vendor/laravel/framework/src/Illuminate/Database/Connection.php(1317): Illuminate\\Database\\Connection->getPdo()
#8 /home/np_thinh/source/laravel-nuxt-docker/backend/vendor/laravel/framework/src/Illuminate/Database/Connection.php(528): Illuminate\\Database\\Connection->getReadPdo()
#9 /home/np_thinh/source/laravel-nuxt-docker/backend/vendor/laravel/framework/src/Illuminate/Database/Connection.php(421): Illuminate\\Database\\Connection->getPdoForSelect()
#10 /home/np_thinh/source/laravel-nuxt-docker/backend/vendor/laravel/framework/src/Illuminate/Database/Connection.php(830): Illuminate\\Database\\Connection->{closure:Illuminate\\Database\\Connection::select():412}()
#11 /home/np_thinh/source/laravel-nuxt-docker/backend/vendor/laravel/framework/src/Illuminate/Database/Connection.php(1021): Illuminate\\Database\\Connection->runQueryCallback()
#12 /home/np_thinh/source/laravel-nuxt-docker/backend/vendor/laravel/framework/src/Illuminate/Database/Connection.php(1000): Illuminate\\Database\\Connection->tryAgainIfCausedByLostConnection()
#13 /home/np_thinh/source/laravel-nuxt-docker/backend/vendor/laravel/framework/src/Illuminate/Database/Connection.php(799): Illuminate\\Database\\Connection->handleQueryException()
#14 /home/np_thinh/source/laravel-nuxt-docker/backend/vendor/laravel/framework/src/Illuminate/Database/Connection.php(412): Illuminate\\Database\\Connection->run()
#15 /home/np_thinh/source/laravel-nuxt-docker/backend/vendor/laravel/framework/src/Illuminate/Database/Connection.php(357): Illuminate\\Database\\Connection->select()
#16 /home/np_thinh/source/laravel-nuxt-docker/backend/vendor/laravel/framework/src/Illuminate/Database/Connection.php(374): Illuminate\\Database\\Connection->selectOne()
#17 /home/np_thinh/source/laravel-nuxt-docker/backend/vendor/laravel/framework/src/Illuminate/Database/Schema/Builder.php(176): Illuminate\\Database\\Connection->scalar()
#18 /home/np_thinh/source/laravel-nuxt-docker/backend/vendor/laravel/framework/src/Illuminate/Database/Migrations/DatabaseMigrationRepository.php(185): Illuminate\\Database\\Schema\\Builder->hasTable()
#19 /home/np_thinh/source/laravel-nuxt-docker/backend/vendor/laravel/framework/src/Illuminate/Database/Migrations/Migrator.php(758): Illuminate\\Database\\Migrations\\DatabaseMigrationRepository->repositoryExists()
#20 /home/np_thinh/source/laravel-nuxt-docker/backend/vendor/laravel/framework/src/Illuminate/Database/Console/Migrations/MigrateCommand.php(166): Illuminate\\Database\\Migrations\\Migrator->repositoryExists()
#21 /home/np_thinh/source/laravel-nuxt-docker/backend/vendor/laravel/framework/src/Illuminate/Support/helpers.php(328): Illuminate\\Database\\Console\\Migrations\\MigrateCommand->{closure:Illuminate\\Database\\Console\\Migrations\\MigrateCommand::repositoryExists():166}()
#22 /home/np_thinh/source/laravel-nuxt-docker/backend/vendor/laravel/framework/src/Illuminate/Database/Console/Migrations/MigrateCommand.php(166): retry()
#23 /home/np_thinh/source/laravel-nuxt-docker/backend/vendor/laravel/framework/src/Illuminate/Database/Console/Migrations/MigrateCommand.php(142): Illuminate\\Database\\Console\\Migrations\\MigrateCommand->repositoryExists()
#24 /home/np_thinh/source/laravel-nuxt-docker/backend/vendor/laravel/framework/src/Illuminate/Database/Console/Migrations/MigrateCommand.php(112): Illuminate\\Database\\Console\\Migrations\\MigrateCommand->prepareDatabase()
#25 /home/np_thinh/source/laravel-nuxt-docker/backend/vendor/laravel/framework/src/Illuminate/Database/Migrations/Migrator.php(671): Illuminate\\Database\\Console\\Migrations\\MigrateCommand->{closure:Illuminate\\Database\\Console\\Migrations\\MigrateCommand::runMigrations():111}()
#26 /home/np_thinh/source/laravel-nuxt-docker/backend/vendor/laravel/framework/src/Illuminate/Database/Console/Migrations/MigrateCommand.php(111): Illuminate\\Database\\Migrations\\Migrator->usingConnection()
#27 /home/np_thinh/source/laravel-nuxt-docker/backend/vendor/laravel/framework/src/Illuminate/Database/Console/Migrations/MigrateCommand.php(90): Illuminate\\Database\\Console\\Migrations\\MigrateCommand->runMigrations()
#28 /home/np_thinh/source/laravel-nuxt-docker/backend/vendor/laravel/framework/src/Illuminate/Container/BoundMethod.php(36): Illuminate\\Database\\Console\\Migrations\\MigrateCommand->handle()
#29 /home/np_thinh/source/laravel-nuxt-docker/backend/vendor/laravel/framework/src/Illuminate/Container/Util.php(43): Illuminate\\Container\\BoundMethod::{closure:Illuminate\\Container\\BoundMethod::call():35}()
#30 /home/np_thinh/source/laravel-nuxt-docker/backend/vendor/laravel/framework/src/Illuminate/Container/BoundMethod.php(96): Illuminate\\Container\\Util::unwrapIfClosure()
#31 /home/np_thinh/source/laravel-nuxt-docker/backend/vendor/laravel/framework/src/Illuminate/Container/BoundMethod.php(35): Illuminate\\Container\\BoundMethod::callBoundMethod()
#32 /home/np_thinh/source/laravel-nuxt-docker/backend/vendor/laravel/framework/src/Illuminate/Container/Container.php(799): Illuminate\\Container\\BoundMethod::call()
#33 /home/np_thinh/source/laravel-nuxt-docker/backend/vendor/laravel/framework/src/Illuminate/Console/Command.php(280): Illuminate\\Container\\Container->call()
#34 /home/np_thinh/source/laravel-nuxt-docker/backend/vendor/symfony/console/Command/Command.php(341): Illuminate\\Console\\Command->execute()
#35 /home/np_thinh/source/laravel-nuxt-docker/backend/vendor/laravel/framework/src/Illuminate/Console/Command.php(249): Symfony\\Component\\Console\\Command\\Command->run()
#36 /home/np_thinh/source/laravel-nuxt-docker/backend/vendor/symfony/console/Application.php(1117): Illuminate\\Console\\Command->run()
#37 /home/np_thinh/source/laravel-nuxt-docker/backend/vendor/symfony/console/Application.php(356): Symfony\\Component\\Console\\Application->doRunCommand()
#38 /home/np_thinh/source/laravel-nuxt-docker/backend/vendor/symfony/console/Application.php(195): Symfony\\Component\\Console\\Application->doRun()
#39 /home/np_thinh/source/laravel-nuxt-docker/backend/vendor/laravel/framework/src/Illuminate/Foundation/Console/Kernel.php(198): Symfony\\Component\\Console\\Application->run()
#40 /home/np_thinh/source/laravel-nuxt-docker/backend/vendor/laravel/framework/src/Illuminate/Foundation/Application.php(1235): Illuminate\\Foundation\\Console\\Kernel->handle()
#41 /home/np_thinh/source/laravel-nuxt-docker/backend/artisan(16): Illuminate\\Foundation\\Application->handleCommand()
#42 {main}
"} 
[2026-08-21 08:00:15] local.ERROR: SQLSTATE[HY000] [2002] No such file or directory (Connection: mysql, Host: localhost, Port: 3306, Database: laravel_nuxt, SQL: select exists (select 1 from information_schema.tables where table_schema = schema() and table_name = 'migrations' and table_type in ('BASE TABLE', 'SYSTEM VERSIONED')) as `exists`) {"exception":"[object] (Illuminate\\Database\\QueryException(code: 2002): SQLSTATE[HY000] [2002] No such file or directory (Connection: mysql, Host: localhost, Port: 3306, Database: laravel_nuxt, SQL: select exists (select 1 from information_schema.tables where table_schema = schema() and table_name = 'migrations' and table_type in ('BASE TABLE', 'SYSTEM VERSIONED')) as `exists`) at /home/np_thinh/source/laravel-nuxt-docker/backend/vendor/laravel/framework/src/Illuminate/Database/Connection.php:841)
[stacktrace]
#0 /home/np_thinh/source/laravel-nuxt-docker/backend/vendor/laravel/framework/src/Illuminate/Database/Connection.php(1021): Illuminate\\Database\\Connection->runQueryCallback()
#1 /home/np_thinh/source/laravel-nuxt-docker/backend/vendor/laravel/framework/src/Illuminate/Database/Connection.php(1000): Illuminate\\Database\\Connection->tryAgainIfCausedByLostConnection()
#2 /home/np_thinh/source/laravel-nuxt-docker/backend/vendor/laravel/framework/src/Illuminate/Database/Connection.php(799): Illuminate\\Database\\Connection->handleQueryException()
#3 /home/np_thinh/source/laravel-nuxt-docker/backend/vendor/laravel/framework/src/Illuminate/Database/Connection.php(412): Illuminate\\Database\\Connection->run()
#4 /home/np_thinh/source/laravel-nuxt-docker/backend/vendor/laravel/framework/src/Illuminate/Database/Connection.php(357): Illuminate\\Database\\Connection->select()
#5 /home/np_thinh/source/laravel-nuxt-docker/backend/vendor/laravel/framework/src/Illuminate/Database/Connection.php(374): Illuminate\\Database\\Connection->selectOne()
#6 /home/np_thinh/source/laravel-nuxt-docker/backend/vendor/laravel/framework/src/Illuminate/Database/Schema/Builder.php(176): Illuminate\\Database\\Connection->scalar()
#7 /home/np_thinh/source/laravel-nuxt-docker/backend/vendor/laravel/framework/src/Illuminate/Database/Migrations/DatabaseMigrationRepository.php(185): Illuminate\\Database\\Schema\\Builder->hasTable()
#8 /home/np_thinh/source/laravel-nuxt-docker/backend/vendor/laravel/framework/src/Illuminate/Database/Migrations/Migrator.php(758): Illuminate\\Database\\Migrations\\DatabaseMigrationRepository->repositoryExists()
#9 /home/np_thinh/source/laravel-nuxt-docker/backend/vendor/laravel/framework/src/Illuminate/Database/Console/Migrations/MigrateCommand.php(166): Illuminate\\Database\\Migrations\\Migrator->repositoryExists()
#10 /home/np_thinh/source/laravel-nuxt-docker/backend/vendor/laravel/framework/src/Illuminate/Support/helpers.php(328): Illuminate\\Database\\Console\\Migrations\\MigrateCommand->{closure:Illuminate\\Database\\Console\\Migrations\\MigrateCommand::repositoryExists():166}()
#11 /home/np_thinh/source/laravel-nuxt-docker/backend/vendor/laravel/framework/src/Illuminate/Database/Console/Migrations/MigrateCommand.php(166): retry()
#12 /home/np_thinh/source/laravel-nuxt-docker/backend/vendor/laravel/framework/src/Illuminate/Database/Console/Migrations/MigrateCommand.php(142): Illuminate\\Database\\Console\\Migrations\\MigrateCommand->repositoryExists()
#13 /home/np_thinh/source/laravel-nuxt-docker/backend/vendor/laravel/framework/src/Illuminate/Database/Console/Migrations/MigrateCommand.php(112): Illuminate\\Database\\Console\\Migrations\\MigrateCommand->prepareDatabase()
#14 /home/np_thinh/source/laravel-nuxt-docker/backend/vendor/laravel/framework/src/Illuminate/Database/Migrations/Migrator.php(671): Illuminate\\Database\\Console\\Migrations\\MigrateCommand->{closure:Illuminate\\Database\\Console\\Migrations\\MigrateCommand::runMigrations():111}()
#15 /home/np_thinh/source/laravel-nuxt-docker/backend/vendor/laravel/framework/src/Illuminate/Database/Console/Migrations/MigrateCommand.php(111): Illuminate\\Database\\Migrations\\Migrator->usingConnection()
#16 /home/np_thinh/source/laravel-nuxt-docker/backend/vendor/laravel/framework/src/Illuminate/Database/Console/Migrations/MigrateCommand.php(90): Illuminate\\Database\\Console\\Migrations\\MigrateCommand->runMigrations()
#17 /home/np_thinh/source/laravel-nuxt-docker/backend/vendor/laravel/framework/src/Illuminate/Container/BoundMethod.php(36): Illuminate\\Database\\Console\\Migrations\\MigrateCommand->handle()
#18 /home/np_thinh/source/laravel-nuxt-docker/backend/vendor/laravel/framework/src/Illuminate/Container/Util.php(43): Illuminate\\Container\\BoundMethod::{closure:Illuminate\\Container\\BoundMethod::call():35}()
#19 /home/np_thinh/source/laravel-nuxt-docker/backend/vendor/laravel/framework/src/Illuminate/Container/BoundMethod.php(96): Illuminate\\Container\\Util::unwrapIfClosure()
#20 /home/np_thinh/source/laravel-nuxt-docker/backend/vendor/laravel/framework/src/Illuminate/Container/BoundMethod.php(35): Illuminate\\Container\\BoundMethod::callBoundMethod()
#21 /home/np_thinh/source/laravel-nuxt-docker/backend/vendor/laravel/framework/src/Illuminate/Container/Container.php(799): Illuminate\\Container\\BoundMethod::call()
#22 /home/np_thinh/source/laravel-nuxt-docker/backend/vendor/laravel/framework/src/Illuminate/Console/Command.php(280): Illuminate\\Container\\Container->call()
#23 /home/np_thinh/source/laravel-nuxt-docker/backend/vendor/symfony/console/Command/Command.php(341): Illuminate\\Console\\Command->execute()
#24 /home/np_thinh/source/laravel-nuxt-docker/backend/vendor/laravel/framework/src/Illuminate/Console/Command.php(249): Symfony\\Component\\Console\\Command\\Command->run()
#25 /home/np_thinh/source/laravel-nuxt-docker/backend/vendor/symfony/console/Application.php(1117): Illuminate\\Console\\Command->run()
#26 /home/np_thinh/source/laravel-nuxt-docker/backend/vendor/symfony/console/Application.php(356): Symfony\\Component\\Console\\Application->doRunCommand()
#27 /home/np_thinh/source/laravel-nuxt-docker/backend/vendor/symfony/console/Application.php(195): Symfony\\Component\\Console\\Application->doRun()
#28 /home/np_thinh/source/laravel-nuxt-docker/backend/vendor/laravel/framework/src/Illuminate/Foundation/Console/Kernel.php(198): Symfony\\Component\\Console\\Application->run()
#29 /home/np_thinh/source/laravel-nuxt-docker/backend/vendor/laravel/framework/src/Illuminate/Foundation/Application.php(1235): Illuminate\\Foundation\\Console\\Kernel->handle()
#30 /home/np_thinh/source/laravel-nuxt-docker/backend/artisan(16): Illuminate\\Foundation\\Application->handleCommand()
#31 {main}

[previous exception] [object] (PDOException(code: 2002): SQLSTATE[HY000] [2002] No such file or directory at /home/np_thinh/source/laravel-nuxt-docker/backend/vendor/laravel/framework/src/Illuminate/Database/Connectors/Connector.php:67)
[stacktrace]
#0 /home/np_thinh/source/laravel-nuxt-docker/backend/vendor/laravel/framework/src/Illuminate/Database/Connectors/Connector.php(67): PDO::connect()
#1 /home/np_thinh/source/laravel-nuxt-docker/backend/vendor/laravel/framework/src/Illuminate/Database/Connectors/Connector.php(85): Illuminate\\Database\\Connectors\\Connector->createPdoConnection()
#2 /home/np_thinh/source/laravel-nuxt-docker/backend/vendor/laravel/framework/src/Illuminate/Database/Connectors/Connector.php(48): Illuminate\\Database\\Connectors\\Connector->tryAgainIfCausedByLostConnection()
#3 /home/np_thinh/source/laravel-nuxt-docker/backend/vendor/laravel/framework/src/Illuminate/Database/Connectors/MySqlConnector.php(24): Illuminate\\Database\\Connectors\\Connector->createConnection()
#4 /home/np_thinh/source/laravel-nuxt-docker/backend/vendor/laravel/framework/src/Illuminate/Database/Connectors/ConnectionFactory.php(188): Illuminate\\Database\\Connectors\\MySqlConnector->connect()
#5 [internal function]: Illuminate\\Database\\Connectors\\ConnectionFactory->{closure:Illuminate\\Database\\Connectors\\ConnectionFactory::createPdoResolverWithHosts():181}()
#6 /home/np_thinh/source/laravel-nuxt-docker/backend/vendor/laravel/framework/src/Illuminate/Database/Connection.php(1279): call_user_func()
#7 /home/np_thinh/source/laravel-nuxt-docker/backend/vendor/laravel/framework/src/Illuminate/Database/Connection.php(1317): Illuminate\\Database\\Connection->getPdo()
#8 /home/np_thinh/source/laravel-nuxt-docker/backend/vendor/laravel/framework/src/Illuminate/Database/Connection.php(528): Illuminate\\Database\\Connection->getReadPdo()
#9 /home/np_thinh/source/laravel-nuxt-docker/backend/vendor/laravel/framework/src/Illuminate/Database/Connection.php(421): Illuminate\\Database\\Connection->getPdoForSelect()
#10 /home/np_thinh/source/laravel-nuxt-docker/backend/vendor/laravel/framework/src/Illuminate/Database/Connection.php(830): Illuminate\\Database\\Connection->{closure:Illuminate\\Database\\Connection::select():412}()
#11 /home/np_thinh/source/laravel-nuxt-docker/backend/vendor/laravel/framework/src/Illuminate/Database/Connection.php(1021): Illuminate\\Database\\Connection->runQueryCallback()
#12 /home/np_thinh/source/laravel-nuxt-docker/backend/vendor/laravel/framework/src/Illuminate/Database/Connection.php(1000): Illuminate\\Database\\Connection->tryAgainIfCausedByLostConnection()
#13 /home/np_thinh/source/laravel-nuxt-docker/backend/vendor/laravel/framework/src/Illuminate/Database/Connection.php(799): Illuminate\\Database\\Connection->handleQueryException()
#14 /home/np_thinh/source/laravel-nuxt-docker/backend/vendor/laravel/framework/src/Illuminate/Database/Connection.php(412): Illuminate\\Database\\Connection->run()
#15 /home/np_thinh/source/laravel-nuxt-docker/backend/vendor/laravel/framework/src/Illuminate/Database/Connection.php(357): Illuminate\\Database\\Connection->select()
#16 /home/np_thinh/source/laravel-nuxt-docker/backend/vendor/laravel/framework/src/Illuminate/Database/Connection.php(374): Illuminate\\Database\\Connection->selectOne()
#17 /home/np_thinh/source/laravel-nuxt-docker/backend/vendor/laravel/framework/src/Illuminate/Database/Schema/Builder.php(176): Illuminate\\Database\\Connection->scalar()
#18 /home/np_thinh/source/laravel-nuxt-docker/backend/vendor/laravel/framework/src/Illuminate/Database/Migrations/DatabaseMigrationRepository.php(185): Illuminate\\Database\\Schema\\Builder->hasTable()
#19 /home/np_thinh/source/laravel-nuxt-docker/backend/vendor/laravel/framework/src/Illuminate/Database/Migrations/Migrator.php(758): Illuminate\\Database\\Migrations\\DatabaseMigrationRepository->repositoryExists()
#20 /home/np_thinh/source/laravel-nuxt-docker/backend/vendor/laravel/framework/src/Illuminate/Database/Console/Migrations/MigrateCommand.php(166): Illuminate\\Database\\Migrations\\Migrator->repositoryExists()
#21 /home/np_thinh/source/laravel-nuxt-docker/backend/vendor/laravel/framework/src/Illuminate/Support/helpers.php(328): Illuminate\\Database\\Console\\Migrations\\MigrateCommand->{closure:Illuminate\\Database\\Console\\Migrations\\MigrateCommand::repositoryExists():166}()
#22 /home/np_thinh/source/laravel-nuxt-docker/backend/vendor/laravel/framework/src/Illuminate/Database/Console/Migrations/MigrateCommand.php(166): retry()
#23 /home/np_thinh/source/laravel-nuxt-docker/backend/vendor/laravel/framework/src/Illuminate/Database/Console/Migrations/MigrateCommand.php(142): Illuminate\\Database\\Console\\Migrations\\MigrateCommand->repositoryExists()
#24 /home/np_thinh/source/laravel-nuxt-docker/backend/vendor/laravel/framework/src/Illuminate/Database/Console/Migrations/MigrateCommand.php(112): Illuminate\\Database\\Console\\Migrations\\MigrateCommand->prepareDatabase()
#25 /home/np_thinh/source/laravel-nuxt-docker/backend/vendor/laravel/framework/src/Illuminate/Database/Migrations/Migrator.php(671): Illuminate\\Database\\Console\\Migrations\\MigrateCommand->{closure:Illuminate\\Database\\Console\\Migrations\\MigrateCommand::runMigrations():111}()
#26 /home/np_thinh/source/laravel-nuxt-docker/backend/vendor/laravel/framework/src/Illuminate/Database/Console/Migrations/MigrateCommand.php(111): Illuminate\\Database\\Migrations\\Migrator->usingConnection()
#27 /home/np_thinh/source/laravel-nuxt-docker/backend/vendor/laravel/framework/src/Illuminate/Database/Console/Migrations/MigrateCommand.php(90): Illuminate\\Database\\Console\\Migrations\\MigrateCommand->runMigrations()
#28 /home/np_thinh/source/laravel-nuxt-docker/backend/vendor/laravel/framework/src/Illuminate/Container/BoundMethod.php(36): Illuminate\\Database\\Console\\Migrations\\MigrateCommand->handle()
#29 /home/np_thinh/source/laravel-nuxt-docker/backend/vendor/laravel/framework/src/Illuminate/Container/Util.php(43): Illuminate\\Container\\BoundMethod::{closure:Illuminate\\Container\\BoundMethod::call():35}()
#30 /home/np_thinh/source/laravel-nuxt-docker/backend/vendor/laravel/framework/src/Illuminate/Container/BoundMethod.php(96): Illuminate\\Container\\Util::unwrapIfClosure()
#31 /home/np_thinh/source/laravel-nuxt-docker/backend/vendor/laravel/framework/src/Illuminate/Container/BoundMethod.php(35): Illuminate\\Container\\BoundMethod::callBoundMethod()
#32 /home/np_thinh/source/laravel-nuxt-docker/backend/vendor/laravel/framework/src/Illuminate/Container/Container.php(799): Illuminate\\Container\\BoundMethod::call()
#33 /home/np_thinh/source/laravel-nuxt-docker/backend/vendor/laravel/framework/src/Illuminate/Console/Command.php(280): Illuminate\\Container\\Container->call()
#34 /home/np_thinh/source/laravel-nuxt-docker/backend/vendor/symfony/console/Command/Command.php(341): Illuminate\\Console\\Command->execute()
#35 /home/np_thinh/source/laravel-nuxt-docker/backend/vendor/laravel/framework/src/Illuminate/Console/Command.php(249): Symfony\\Component\\Console\\Command\\Command->run()
#36 /home/np_thinh/source/laravel-nuxt-docker/backend/vendor/symfony/console/Application.php(1117): Illuminate\\Console\\Command->run()
#37 /home/np_thinh/source/laravel-nuxt-docker/backend/vendor/symfony/console/Application.php(356): Symfony\\Component\\Console\\Application->doRunCommand()
#38 /home/np_thinh/source/laravel-nuxt-docker/backend/vendor/symfony/console/Application.php(195): Symfony\\Component\\Console\\Application->doRun()
#39 /home/np_thinh/source/laravel-nuxt-docker/backend/vendor/laravel/framework/src/Illuminate/Foundation/Console/Kernel.php(198): Symfony\\Component\\Console\\Application->run()
#40 /home/np_thinh/source/laravel-nuxt-docker/backend/vendor/laravel/framework/src/Illuminate/Foundation/Application.php(1235): Illuminate\\Foundation\\Console\\Kernel->handle()
#41 /home/np_thinh/source/laravel-nuxt-docker/backend/artisan(16): Illuminate\\Foundation\\Application->handleCommand()
#42 {main}
"} 
[2026-08-21 08:00:47] local.ERROR: SQLSTATE[HY000] [2002] No such file or directory (Connection: mysql, Host: localhost, Port: 3310, Database: laravel_nuxt, SQL: select exists (select 1 from information_schema.tables where table_schema = schema() and table_name = 'migrations' and table_type in ('BASE TABLE', 'SYSTEM VERSIONED')) as `exists`) {"exception":"[object] (Illuminate\\Database\\QueryException(code: 2002): SQLSTATE[HY000] [2002] No such file or directory (Connection: mysql, Host: localhost, Port: 3310, Database: laravel_nuxt, SQL: select exists (select 1 from information_schema.tables where table_schema = schema() and table_name = 'migrations' and table_type in ('BASE TABLE', 'SYSTEM VERSIONED')) as `exists`) at /home/np_thinh/source/laravel-nuxt-docker/backend/vendor/laravel/framework/src/Illuminate/Database/Connection.php:841)
[stacktrace]
#0 /home/np_thinh/source/laravel-nuxt-docker/backend/vendor/laravel/framework/src/Illuminate/Database/Connection.php(1021): Illuminate\\Database\\Connection->runQueryCallback()
#1 /home/np_thinh/source/laravel-nuxt-docker/backend/vendor/laravel/framework/src/Illuminate/Database/Connection.php(1000): Illuminate\\Database\\Connection->tryAgainIfCausedByLostConnection()
#2 /home/np_thinh/source/laravel-nuxt-docker/backend/vendor/laravel/framework/src/Illuminate/Database/Connection.php(799): Illuminate\\Database\\Connection->handleQueryException()
#3 /home/np_thinh/source/laravel-nuxt-docker/backend/vendor/laravel/framework/src/Illuminate/Database/Connection.php(412): Illuminate\\Database\\Connection->run()
#4 /home/np_thinh/source/laravel-nuxt-docker/backend/vendor/laravel/framework/src/Illuminate/Database/Connection.php(357): Illuminate\\Database\\Connection->select()
#5 /home/np_thinh/source/laravel-nuxt-docker/backend/vendor/laravel/framework/src/Illuminate/Database/Connection.php(374): Illuminate\\Database\\Connection->selectOne()
#6 /home/np_thinh/source/laravel-nuxt-docker/backend/vendor/laravel/framework/src/Illuminate/Database/Schema/Builder.php(176): Illuminate\\Database\\Connection->scalar()
#7 /home/np_thinh/source/laravel-nuxt-docker/backend/vendor/laravel/framework/src/Illuminate/Database/Migrations/DatabaseMigrationRepository.php(185): Illuminate\\Database\\Schema\\Builder->hasTable()
#8 /home/np_thinh/source/laravel-nuxt-docker/backend/vendor/laravel/framework/src/Illuminate/Database/Migrations/Migrator.php(758): Illuminate\\Database\\Migrations\\DatabaseMigrationRepository->repositoryExists()
#9 /home/np_thinh/source/laravel-nuxt-docker/backend/vendor/laravel/framework/src/Illuminate/Database/Console/Migrations/MigrateCommand.php(166): Illuminate\\Database\\Migrations\\Migrator->repositoryExists()
#10 /home/np_thinh/source/laravel-nuxt-docker/backend/vendor/laravel/framework/src/Illuminate/Support/helpers.php(328): Illuminate\\Database\\Console\\Migrations\\MigrateCommand->{closure:Illuminate\\Database\\Console\\Migrations\\MigrateCommand::repositoryExists():166}()
#11 /home/np_thinh/source/laravel-nuxt-docker/backend/vendor/laravel/framework/src/Illuminate/Database/Console/Migrations/MigrateCommand.php(166): retry()
#12 /home/np_thinh/source/laravel-nuxt-docker/backend/vendor/laravel/framework/src/Illuminate/Database/Console/Migrations/MigrateCommand.php(142): Illuminate\\Database\\Console\\Migrations\\MigrateCommand->repositoryExists()
#13 /home/np_thinh/source/laravel-nuxt-docker/backend/vendor/laravel/framework/src/Illuminate/Database/Console/Migrations/MigrateCommand.php(112): Illuminate\\Database\\Console\\Migrations\\MigrateCommand->prepareDatabase()
#14 /home/np_thinh/source/laravel-nuxt-docker/backend/vendor/laravel/framework/src/Illuminate/Database/Migrations/Migrator.php(671): Illuminate\\Database\\Console\\Migrations\\MigrateCommand->{closure:Illuminate\\Database\\Console\\Migrations\\MigrateCommand::runMigrations():111}()
#15 /home/np_thinh/source/laravel-nuxt-docker/backend/vendor/laravel/framework/src/Illuminate/Database/Console/Migrations/MigrateCommand.php(111): Illuminate\\Database\\Migrations\\Migrator->usingConnection()
#16 /home/np_thinh/source/laravel-nuxt-docker/backend/vendor/laravel/framework/src/Illuminate/Database/Console/Migrations/MigrateCommand.php(90): Illuminate\\Database\\Console\\Migrations\\MigrateCommand->runMigrations()
#17 /home/np_thinh/source/laravel-nuxt-docker/backend/vendor/laravel/framework/src/Illuminate/Container/BoundMethod.php(36): Illuminate\\Database\\Console\\Migrations\\MigrateCommand->handle()
#18 /home/np_thinh/source/laravel-nuxt-docker/backend/vendor/laravel/framework/src/Illuminate/Container/Util.php(43): Illuminate\\Container\\BoundMethod::{closure:Illuminate\\Container\\BoundMethod::call():35}()
#19 /home/np_thinh/source/laravel-nuxt-docker/backend/vendor/laravel/framework/src/Illuminate/Container/BoundMethod.php(96): Illuminate\\Container\\Util::unwrapIfClosure()
#20 /home/np_thinh/source/laravel-nuxt-docker/backend/vendor/laravel/framework/src/Illuminate/Container/BoundMethod.php(35): Illuminate\\Container\\BoundMethod::callBoundMethod()
#21 /home/np_thinh/source/laravel-nuxt-docker/backend/vendor/laravel/framework/src/Illuminate/Container/Container.php(799): Illuminate\\Container\\BoundMethod::call()
#22 /home/np_thinh/source/laravel-nuxt-docker/backend/vendor/laravel/framework/src/Illuminate/Console/Command.php(280): Illuminate\\Container\\Container->call()
#23 /home/np_thinh/source/laravel-nuxt-docker/backend/vendor/symfony/console/Command/Command.php(341): Illuminate\\Console\\Command->execute()
#24 /home/np_thinh/source/laravel-nuxt-docker/backend/vendor/laravel/framework/src/Illuminate/Console/Command.php(249): Symfony\\Component\\Console\\Command\\Command->run()
#25 /home/np_thinh/source/laravel-nuxt-docker/backend/vendor/symfony/console/Application.php(1117): Illuminate\\Console\\Command->run()
#26 /home/np_thinh/source/laravel-nuxt-docker/backend/vendor/symfony/console/Application.php(356): Symfony\\Component\\Console\\Application->doRunCommand()
#27 /home/np_thinh/source/laravel-nuxt-docker/backend/vendor/symfony/console/Application.php(195): Symfony\\Component\\Console\\Application->doRun()
#28 /home/np_thinh/source/laravel-nuxt-docker/backend/vendor/laravel/framework/src/Illuminate/Foundation/Console/Kernel.php(198): Symfony\\Component\\Console\\Application->run()
#29 /home/np_thinh/source/laravel-nuxt-docker/backend/vendor/laravel/framework/src/Illuminate/Foundation/Application.php(1235): Illuminate\\Foundation\\Console\\Kernel->handle()
#30 /home/np_thinh/source/laravel-nuxt-docker/backend/artisan(16): Illuminate\\Foundation\\Application->handleCommand()
#31 {main}

[previous exception] [object] (PDOException(code: 2002): SQLSTATE[HY000] [2002] No such file or directory at /home/np_thinh/source/laravel-nuxt-docker/backend/vendor/laravel/framework/src/Illuminate/Database/Connectors/Connector.php:67)
[stacktrace]
#0 /home/np_thinh/source/laravel-nuxt-docker/backend/vendor/laravel/framework/src/Illuminate/Database/Connectors/Connector.php(67): PDO::connect()
#1 /home/np_thinh/source/laravel-nuxt-docker/backend/vendor/laravel/framework/src/Illuminate/Database/Connectors/Connector.php(85): Illuminate\\Database\\Connectors\\Connector->createPdoConnection()
#2 /home/np_thinh/source/laravel-nuxt-docker/backend/vendor/laravel/framework/src/Illuminate/Database/Connectors/Connector.php(48): Illuminate\\Database\\Connectors\\Connector->tryAgainIfCausedByLostConnection()
#3 /home/np_thinh/source/laravel-nuxt-docker/backend/vendor/laravel/framework/src/Illuminate/Database/Connectors/MySqlConnector.php(24): Illuminate\\Database\\Connectors\\Connector->createConnection()
#4 /home/np_thinh/source/laravel-nuxt-docker/backend/vendor/laravel/framework/src/Illuminate/Database/Connectors/ConnectionFactory.php(188): Illuminate\\Database\\Connectors\\MySqlConnector->connect()
#5 [internal function]: Illuminate\\Database\\Connectors\\ConnectionFactory->{closure:Illuminate\\Database\\Connectors\\ConnectionFactory::createPdoResolverWithHosts():181}()
#6 /home/np_thinh/source/laravel-nuxt-docker/backend/vendor/laravel/framework/src/Illuminate/Database/Connection.php(1279): call_user_func()
#7 /home/np_thinh/source/laravel-nuxt-docker/backend/vendor/laravel/framework/src/Illuminate/Database/Connection.php(1317): Illuminate\\Database\\Connection->getPdo()
#8 /home/np_thinh/source/laravel-nuxt-docker/backend/vendor/laravel/framework/src/Illuminate/Database/Connection.php(528): Illuminate\\Database\\Connection->getReadPdo()
#9 /home/np_thinh/source/laravel-nuxt-docker/backend/vendor/laravel/framework/src/Illuminate/Database/Connection.php(421): Illuminate\\Database\\Connection->getPdoForSelect()
#10 /home/np_thinh/source/laravel-nuxt-docker/backend/vendor/laravel/framework/src/Illuminate/Database/Connection.php(830): Illuminate\\Database\\Connection->{closure:Illuminate\\Database\\Connection::select():412}()
#11 /home/np_thinh/source/laravel-nuxt-docker/backend/vendor/laravel/framework/src/Illuminate/Database/Connection.php(1021): Illuminate\\Database\\Connection->runQueryCallback()
#12 /home/np_thinh/source/laravel-nuxt-docker/backend/vendor/laravel/framework/src/Illuminate/Database/Connection.php(1000): Illuminate\\Database\\Connection->tryAgainIfCausedByLostConnection()
#13 /home/np_thinh/source/laravel-nuxt-docker/backend/vendor/laravel/framework/src/Illuminate/Database/Connection.php(799): Illuminate\\Database\\Connection->handleQueryException()
#14 /home/np_thinh/source/laravel-nuxt-docker/backend/vendor/laravel/framework/src/Illuminate/Database/Connection.php(412): Illuminate\\Database\\Connection->run()
#15 /home/np_thinh/source/laravel-nuxt-docker/backend/vendor/laravel/framework/src/Illuminate/Database/Connection.php(357): Illuminate\\Database\\Connection->select()
#16 /home/np_thinh/source/laravel-nuxt-docker/backend/vendor/laravel/framework/src/Illuminate/Database/Connection.php(374): Illuminate\\Database\\Connection->selectOne()
#17 /home/np_thinh/source/laravel-nuxt-docker/backend/vendor/laravel/framework/src/Illuminate/Database/Schema/Builder.php(176): Illuminate\\Database\\Connection->scalar()
#18 /home/np_thinh/source/laravel-nuxt-docker/backend/vendor/laravel/framework/src/Illuminate/Database/Migrations/DatabaseMigrationRepository.php(185): Illuminate\\Database\\Schema\\Builder->hasTable()
#19 /home/np_thinh/source/laravel-nuxt-docker/backend/vendor/laravel/framework/src/Illuminate/Database/Migrations/Migrator.php(758): Illuminate\\Database\\Migrations\\DatabaseMigrationRepository->repositoryExists()
#20 /home/np_thinh/source/laravel-nuxt-docker/backend/vendor/laravel/framework/src/Illuminate/Database/Console/Migrations/MigrateCommand.php(166): Illuminate\\Database\\Migrations\\Migrator->repositoryExists()
#21 /home/np_thinh/source/laravel-nuxt-docker/backend/vendor/laravel/framework/src/Illuminate/Support/helpers.php(328): Illuminate\\Database\\Console\\Migrations\\MigrateCommand->{closure:Illuminate\\Database\\Console\\Migrations\\MigrateCommand::repositoryExists():166}()
#22 /home/np_thinh/source/laravel-nuxt-docker/backend/vendor/laravel/framework/src/Illuminate/Database/Console/Migrations/MigrateCommand.php(166): retry()
#23 /home/np_thinh/source/laravel-nuxt-docker/backend/vendor/laravel/framework/src/Illuminate/Database/Console/Migrations/MigrateCommand.php(142): Illuminate\\Database\\Console\\Migrations\\MigrateCommand->repositoryExists()
#24 /home/np_thinh/source/laravel-nuxt-docker/backend/vendor/laravel/framework/src/Illuminate/Database/Console/Migrations/MigrateCommand.php(112): Illuminate\\Database\\Console\\Migrations\\MigrateCommand->prepareDatabase()
#25 /home/np_thinh/source/laravel-nuxt-docker/backend/vendor/laravel/framework/src/Illuminate/Database/Migrations/Migrator.php(671): Illuminate\\Database\\Console\\Migrations\\MigrateCommand->{closure:Illuminate\\Database\\Console\\Migrations\\MigrateCommand::runMigrations():111}()
#26 /home/np_thinh/source/laravel-nuxt-docker/backend/vendor/laravel/framework/src/Illuminate/Database/Console/Migrations/MigrateCommand.php(111): Illuminate\\Database\\Migrations\\Migrator->usingConnection()
#27 /home/np_thinh/source/laravel-nuxt-docker/backend/vendor/laravel/framework/src/Illuminate/Database/Console/Migrations/MigrateCommand.php(90): Illuminate\\Database\\Console\\Migrations\\MigrateCommand->runMigrations()
#28 /home/np_thinh/source/laravel-nuxt-docker/backend/vendor/laravel/framework/src/Illuminate/Container/BoundMethod.php(36): Illuminate\\Database\\Console\\Migrations\\MigrateCommand->handle()
#29 /home/np_thinh/source/laravel-nuxt-docker/backend/vendor/laravel/framework/src/Illuminate/Container/Util.php(43): Illuminate\\Container\\BoundMethod::{closure:Illuminate\\Container\\BoundMethod::call():35}()
#30 /home/np_thinh/source/laravel-nuxt-docker/backend/vendor/laravel/framework/src/Illuminate/Container/BoundMethod.php(96): Illuminate\\Container\\Util::unwrapIfClosure()
#31 /home/np_thinh/source/laravel-nuxt-docker/backend/vendor/laravel/framework/src/Illuminate/Container/BoundMethod.php(35): Illuminate\\Container\\BoundMethod::callBoundMethod()
#32 /home/np_thinh/source/laravel-nuxt-docker/backend/vendor/laravel/framework/src/Illuminate/Container/Container.php(799): Illuminate\\Container\\BoundMethod::call()
#33 /home/np_thinh/source/laravel-nuxt-docker/backend/vendor/laravel/framework/src/Illuminate/Console/Command.php(280): Illuminate\\Container\\Container->call()
#34 /home/np_thinh/source/laravel-nuxt-docker/backend/vendor/symfony/console/Command/Command.php(341): Illuminate\\Console\\Command->execute()
#35 /home/np_thinh/source/laravel-nuxt-docker/backend/vendor/laravel/framework/src/Illuminate/Console/Command.php(249): Symfony\\Component\\Console\\Command\\Command->run()
#36 /home/np_thinh/source/laravel-nuxt-docker/backend/vendor/symfony/console/Application.php(1117): Illuminate\\Console\\Command->run()
#37 /home/np_thinh/source/laravel-nuxt-docker/backend/vendor/symfony/console/Application.php(356): Symfony\\Component\\Console\\Application->doRunCommand()
#38 /home/np_thinh/source/laravel-nuxt-docker/backend/vendor/symfony/console/Application.php(195): Symfony\\Component\\Console\\Application->doRun()
#39 /home/np_thinh/source/laravel-nuxt-docker/backend/vendor/laravel/framework/src/Illuminate/Foundation/Console/Kernel.php(198): Symfony\\Component\\Console\\Application->run()
#40 /home/np_thinh/source/laravel-nuxt-docker/backend/vendor/laravel/framework/src/Illuminate/Foundation/Application.php(1235): Illuminate\\Foundation\\Console\\Kernel->handle()
#41 /home/np_thinh/source/laravel-nuxt-docker/backend/artisan(16): Illuminate\\Foundation\\Application->handleCommand()
#42 {main}
"} 
[2026-08-21 08:01:12] local.ERROR: SQLSTATE[HY000] [2002] No such file or directory (Connection: mysql, Host: localhost, Port: 3310, Database: laravel_nuxt, SQL: delete from `cache`) {"exception":"[object] (Illuminate\\Database\\QueryException(code: 2002): SQLSTATE[HY000] [2002] No such file or directory (Connection: mysql, Host: localhost, Port: 3310, Database: laravel_nuxt, SQL: delete from `cache`) at /home/np_thinh/source/laravel-nuxt-docker/backend/vendor/laravel/framework/src/Illuminate/Database/Connection.php:841)
[stacktrace]
#0 /home/np_thinh/source/laravel-nuxt-docker/backend/vendor/laravel/framework/src/Illuminate/Database/Connection.php(1021): Illuminate\\Database\\Connection->runQueryCallback()
#1 /home/np_thinh/source/laravel-nuxt-docker/backend/vendor/laravel/framework/src/Illuminate/Database/Connection.php(1000): Illuminate\\Database\\Connection->tryAgainIfCausedByLostConnection()
#2 /home/np_thinh/source/laravel-nuxt-docker/backend/vendor/laravel/framework/src/Illuminate/Database/Connection.php(799): Illuminate\\Database\\Connection->handleQueryException()
#3 /home/np_thinh/source/laravel-nuxt-docker/backend/vendor/laravel/framework/src/Illuminate/Database/Connection.php(600): Illuminate\\Database\\Connection->run()
#4 /home/np_thinh/source/laravel-nuxt-docker/backend/vendor/laravel/framework/src/Illuminate/Database/Connection.php(564): Illuminate\\Database\\Connection->affectingStatement()
#5 /home/np_thinh/source/laravel-nuxt-docker/backend/vendor/laravel/framework/src/Illuminate/Database/Query/Builder.php(4514): Illuminate\\Database\\Connection->delete()
#6 /home/np_thinh/source/laravel-nuxt-docker/backend/vendor/laravel/framework/src/Illuminate/Cache/DatabaseStore.php(450): Illuminate\\Database\\Query\\Builder->delete()
#7 /home/np_thinh/source/laravel-nuxt-docker/backend/vendor/laravel/framework/src/Illuminate/Cache/Repository.php(1049): Illuminate\\Cache\\DatabaseStore->flush()
#8 /home/np_thinh/source/laravel-nuxt-docker/backend/vendor/laravel/framework/src/Illuminate/Cache/Console/ClearCommand.php(73): Illuminate\\Cache\\Repository->__call()
#9 /home/np_thinh/source/laravel-nuxt-docker/backend/vendor/laravel/framework/src/Illuminate/Container/BoundMethod.php(36): Illuminate\\Cache\\Console\\ClearCommand->handle()
#10 /home/np_thinh/source/laravel-nuxt-docker/backend/vendor/laravel/framework/src/Illuminate/Container/Util.php(43): Illuminate\\Container\\BoundMethod::{closure:Illuminate\\Container\\BoundMethod::call():35}()
#11 /home/np_thinh/source/laravel-nuxt-docker/backend/vendor/laravel/framework/src/Illuminate/Container/BoundMethod.php(96): Illuminate\\Container\\Util::unwrapIfClosure()
#12 /home/np_thinh/source/laravel-nuxt-docker/backend/vendor/laravel/framework/src/Illuminate/Container/BoundMethod.php(35): Illuminate\\Container\\BoundMethod::callBoundMethod()
#13 /home/np_thinh/source/laravel-nuxt-docker/backend/vendor/laravel/framework/src/Illuminate/Container/Container.php(799): Illuminate\\Container\\BoundMethod::call()
#14 /home/np_thinh/source/laravel-nuxt-docker/backend/vendor/laravel/framework/src/Illuminate/Console/Command.php(280): Illuminate\\Container\\Container->call()
#15 /home/np_thinh/source/laravel-nuxt-docker/backend/vendor/symfony/console/Command/Command.php(341): Illuminate\\Console\\Command->execute()
#16 /home/np_thinh/source/laravel-nuxt-docker/backend/vendor/laravel/framework/src/Illuminate/Console/Command.php(249): Symfony\\Component\\Console\\Command\\Command->run()
#17 /home/np_thinh/source/laravel-nuxt-docker/backend/vendor/symfony/console/Application.php(1117): Illuminate\\Console\\Command->run()
#18 /home/np_thinh/source/laravel-nuxt-docker/backend/vendor/symfony/console/Application.php(356): Symfony\\Component\\Console\\Application->doRunCommand()
#19 /home/np_thinh/source/laravel-nuxt-docker/backend/vendor/symfony/console/Application.php(195): Symfony\\Component\\Console\\Application->doRun()
#20 /home/np_thinh/source/laravel-nuxt-docker/backend/vendor/laravel/framework/src/Illuminate/Foundation/Console/Kernel.php(198): Symfony\\Component\\Console\\Application->run()
#21 /home/np_thinh/source/laravel-nuxt-docker/backend/vendor/laravel/framework/src/Illuminate/Foundation/Application.php(1235): Illuminate\\Foundation\\Console\\Kernel->handle()
#22 /home/np_thinh/source/laravel-nuxt-docker/backend/artisan(16): Illuminate\\Foundation\\Application->handleCommand()
#23 {main}

[previous exception] [object] (PDOException(code: 2002): SQLSTATE[HY000] [2002] No such file or directory at /home/np_thinh/source/laravel-nuxt-docker/backend/vendor/laravel/framework/src/Illuminate/Database/Connectors/Connector.php:67)
[stacktrace]
#0 /home/np_thinh/source/laravel-nuxt-docker/backend/vendor/laravel/framework/src/Illuminate/Database/Connectors/Connector.php(67): PDO::connect()
#1 /home/np_thinh/source/laravel-nuxt-docker/backend/vendor/laravel/framework/src/Illuminate/Database/Connectors/Connector.php(85): Illuminate\\Database\\Connectors\\Connector->createPdoConnection()
#2 /home/np_thinh/source/laravel-nuxt-docker/backend/vendor/laravel/framework/src/Illuminate/Database/Connectors/Connector.php(48): Illuminate\\Database\\Connectors\\Connector->tryAgainIfCausedByLostConnection()
#3 /home/np_thinh/source/laravel-nuxt-docker/backend/vendor/laravel/framework/src/Illuminate/Database/Connectors/MySqlConnector.php(24): Illuminate\\Database\\Connectors\\Connector->createConnection()
#4 /home/np_thinh/source/laravel-nuxt-docker/backend/vendor/laravel/framework/src/Illuminate/Database/Connectors/ConnectionFactory.php(188): Illuminate\\Database\\Connectors\\MySqlConnector->connect()
#5 [internal function]: Illuminate\\Database\\Connectors\\ConnectionFactory->{closure:Illuminate\\Database\\Connectors\\ConnectionFactory::createPdoResolverWithHosts():181}()
#6 /home/np_thinh/source/laravel-nuxt-docker/backend/vendor/laravel/framework/src/Illuminate/Database/Connection.php(1279): call_user_func()
#7 /home/np_thinh/source/laravel-nuxt-docker/backend/vendor/laravel/framework/src/Illuminate/Database/Connection.php(608): Illuminate\\Database\\Connection->getPdo()
#8 /home/np_thinh/source/laravel-nuxt-docker/backend/vendor/laravel/framework/src/Illuminate/Database/Connection.php(830): Illuminate\\Database\\Connection->{closure:Illuminate\\Database\\Connection::affectingStatement():600}()
#9 /home/np_thinh/source/laravel-nuxt-docker/backend/vendor/laravel/framework/src/Illuminate/Database/Connection.php(1021): Illuminate\\Database\\Connection->runQueryCallback()
#10 /home/np_thinh/source/laravel-nuxt-docker/backend/vendor/laravel/framework/src/Illuminate/Database/Connection.php(1000): Illuminate\\Database\\Connection->tryAgainIfCausedByLostConnection()
#11 /home/np_thinh/source/laravel-nuxt-docker/backend/vendor/laravel/framework/src/Illuminate/Database/Connection.php(799): Illuminate\\Database\\Connection->handleQueryException()
#12 /home/np_thinh/source/laravel-nuxt-docker/backend/vendor/laravel/framework/src/Illuminate/Database/Connection.php(600): Illuminate\\Database\\Connection->run()
#13 /home/np_thinh/source/laravel-nuxt-docker/backend/vendor/laravel/framework/src/Illuminate/Database/Connection.php(564): Illuminate\\Database\\Connection->affectingStatement()
#14 /home/np_thinh/source/laravel-nuxt-docker/backend/vendor/laravel/framework/src/Illuminate/Database/Query/Builder.php(4514): Illuminate\\Database\\Connection->delete()
#15 /home/np_thinh/source/laravel-nuxt-docker/backend/vendor/laravel/framework/src/Illuminate/Cache/DatabaseStore.php(450): Illuminate\\Database\\Query\\Builder->delete()
#16 /home/np_thinh/source/laravel-nuxt-docker/backend/vendor/laravel/framework/src/Illuminate/Cache/Repository.php(1049): Illuminate\\Cache\\DatabaseStore->flush()
#17 /home/np_thinh/source/laravel-nuxt-docker/backend/vendor/laravel/framework/src/Illuminate/Cache/Console/ClearCommand.php(73): Illuminate\\Cache\\Repository->__call()
#18 /home/np_thinh/source/laravel-nuxt-docker/backend/vendor/laravel/framework/src/Illuminate/Container/BoundMethod.php(36): Illuminate\\Cache\\Console\\ClearCommand->handle()
#19 /home/np_thinh/source/laravel-nuxt-docker/backend/vendor/laravel/framework/src/Illuminate/Container/Util.php(43): Illuminate\\Container\\BoundMethod::{closure:Illuminate\\Container\\BoundMethod::call():35}()
#20 /home/np_thinh/source/laravel-nuxt-docker/backend/vendor/laravel/framework/src/Illuminate/Container/BoundMethod.php(96): Illuminate\\Container\\Util::unwrapIfClosure()
#21 /home/np_thinh/source/laravel-nuxt-docker/backend/vendor/laravel/framework/src/Illuminate/Container/BoundMethod.php(35): Illuminate\\Container\\BoundMethod::callBoundMethod()
#22 /home/np_thinh/source/laravel-nuxt-docker/backend/vendor/laravel/framework/src/Illuminate/Container/Container.php(799): Illuminate\\Container\\BoundMethod::call()
#23 /home/np_thinh/source/laravel-nuxt-docker/backend/vendor/laravel/framework/src/Illuminate/Console/Command.php(280): Illuminate\\Container\\Container->call()
#24 /home/np_thinh/source/laravel-nuxt-docker/backend/vendor/symfony/console/Command/Command.php(341): Illuminate\\Console\\Command->execute()
#25 /home/np_thinh/source/laravel-nuxt-docker/backend/vendor/laravel/framework/src/Illuminate/Console/Command.php(249): Symfony\\Component\\Console\\Command\\Command->run()
#26 /home/np_thinh/source/laravel-nuxt-docker/backend/vendor/symfony/console/Application.php(1117): Illuminate\\Console\\Command->run()
#27 /home/np_thinh/source/laravel-nuxt-docker/backend/vendor/symfony/console/Application.php(356): Symfony\\Component\\Console\\Application->doRunCommand()
#28 /home/np_thinh/source/laravel-nuxt-docker/backend/vendor/symfony/console/Application.php(195): Symfony\\Component\\Console\\Application->doRun()
#29 /home/np_thinh/source/laravel-nuxt-docker/backend/vendor/laravel/framework/src/Illuminate/Foundation/Console/Kernel.php(198): Symfony\\Component\\Console\\Application->run()
#30 /home/np_thinh/source/laravel-nuxt-docker/backend/vendor/laravel/framework/src/Illuminate/Foundation/Application.php(1235): Illuminate\\Foundation\\Console\\Kernel->handle()
#31 /home/np_thinh/source/laravel-nuxt-docker/backend/artisan(16): Illuminate\\Foundation\\Application->handleCommand()
#32 {main}
"} 
[2026-08-21 08:01:12] local.ERROR: SQLSTATE[HY000] [2002] No such file or directory (Connection: mysql, Host: localhost, Port: 3310, Database: laravel_nuxt, SQL: select exists (select 1 from information_schema.tables where table_schema = schema() and table_name = 'migrations' and table_type in ('BASE TABLE', 'SYSTEM VERSIONED')) as `exists`) {"exception":"[object] (Illuminate\\Database\\QueryException(code: 2002): SQLSTATE[HY000] [2002] No such file or directory (Connection: mysql, Host: localhost, Port: 3310, Database: laravel_nuxt, SQL: select exists (select 1 from information_schema.tables where table_schema = schema() and table_name = 'migrations' and table_type in ('BASE TABLE', 'SYSTEM VERSIONED')) as `exists`) at /home/np_thinh/source/laravel-nuxt-docker/backend/vendor/laravel/framework/src/Illuminate/Database/Connection.php:841)
[stacktrace]
#0 /home/np_thinh/source/laravel-nuxt-docker/backend/vendor/laravel/framework/src/Illuminate/Database/Connection.php(1021): Illuminate\\Database\\Connection->runQueryCallback()
#1 /home/np_thinh/source/laravel-nuxt-docker/backend/vendor/laravel/framework/src/Illuminate/Database/Connection.php(1000): Illuminate\\Database\\Connection->tryAgainIfCausedByLostConnection()
#2 /home/np_thinh/source/laravel-nuxt-docker/backend/vendor/laravel/framework/src/Illuminate/Database/Connection.php(799): Illuminate\\Database\\Connection->handleQueryException()
#3 /home/np_thinh/source/laravel-nuxt-docker/backend/vendor/laravel/framework/src/Illuminate/Database/Connection.php(412): Illuminate\\Database\\Connection->run()
#4 /home/np_thinh/source/laravel-nuxt-docker/backend/vendor/laravel/framework/src/Illuminate/Database/Connection.php(357): Illuminate\\Database\\Connection->select()
#5 /home/np_thinh/source/laravel-nuxt-docker/backend/vendor/laravel/framework/src/Illuminate/Database/Connection.php(374): Illuminate\\Database\\Connection->selectOne()
#6 /home/np_thinh/source/laravel-nuxt-docker/backend/vendor/laravel/framework/src/Illuminate/Database/Schema/Builder.php(176): Illuminate\\Database\\Connection->scalar()
#7 /home/np_thinh/source/laravel-nuxt-docker/backend/vendor/laravel/framework/src/Illuminate/Database/Migrations/DatabaseMigrationRepository.php(185): Illuminate\\Database\\Schema\\Builder->hasTable()
#8 /home/np_thinh/source/laravel-nuxt-docker/backend/vendor/laravel/framework/src/Illuminate/Database/Migrations/Migrator.php(758): Illuminate\\Database\\Migrations\\DatabaseMigrationRepository->repositoryExists()
#9 /home/np_thinh/source/laravel-nuxt-docker/backend/vendor/laravel/framework/src/Illuminate/Database/Console/Migrations/MigrateCommand.php(166): Illuminate\\Database\\Migrations\\Migrator->repositoryExists()
#10 /home/np_thinh/source/laravel-nuxt-docker/backend/vendor/laravel/framework/src/Illuminate/Support/helpers.php(328): Illuminate\\Database\\Console\\Migrations\\MigrateCommand->{closure:Illuminate\\Database\\Console\\Migrations\\MigrateCommand::repositoryExists():166}()
#11 /home/np_thinh/source/laravel-nuxt-docker/backend/vendor/laravel/framework/src/Illuminate/Database/Console/Migrations/MigrateCommand.php(166): retry()
#12 /home/np_thinh/source/laravel-nuxt-docker/backend/vendor/laravel/framework/src/Illuminate/Database/Console/Migrations/MigrateCommand.php(142): Illuminate\\Database\\Console\\Migrations\\MigrateCommand->repositoryExists()
#13 /home/np_thinh/source/laravel-nuxt-docker/backend/vendor/laravel/framework/src/Illuminate/Database/Console/Migrations/MigrateCommand.php(112): Illuminate\\Database\\Console\\Migrations\\MigrateCommand->prepareDatabase()
#14 /home/np_thinh/source/laravel-nuxt-docker/backend/vendor/laravel/framework/src/Illuminate/Database/Migrations/Migrator.php(671): Illuminate\\Database\\Console\\Migrations\\MigrateCommand->{closure:Illuminate\\Database\\Console\\Migrations\\MigrateCommand::runMigrations():111}()
#15 /home/np_thinh/source/laravel-nuxt-docker/backend/vendor/laravel/framework/src/Illuminate/Database/Console/Migrations/MigrateCommand.php(111): Illuminate\\Database\\Migrations\\Migrator->usingConnection()
#16 /home/np_thinh/source/laravel-nuxt-docker/backend/vendor/laravel/framework/src/Illuminate/Database/Console/Migrations/MigrateCommand.php(90): Illuminate\\Database\\Console\\Migrations\\MigrateCommand->runMigrations()
#17 /home/np_thinh/source/laravel-nuxt-docker/backend/vendor/laravel/framework/src/Illuminate/Container/BoundMethod.php(36): Illuminate\\Database\\Console\\Migrations\\MigrateCommand->handle()
#18 /home/np_thinh/source/laravel-nuxt-docker/backend/vendor/laravel/framework/src/Illuminate/Container/Util.php(43): Illuminate\\Container\\BoundMethod::{closure:Illuminate\\Container\\BoundMethod::call():35}()
#19 /home/np_thinh/source/laravel-nuxt-docker/backend/vendor/laravel/framework/src/Illuminate/Container/BoundMethod.php(96): Illuminate\\Container\\Util::unwrapIfClosure()
#20 /home/np_thinh/source/laravel-nuxt-docker/backend/vendor/laravel/framework/src/Illuminate/Container/BoundMethod.php(35): Illuminate\\Container\\BoundMethod::callBoundMethod()
#21 /home/np_thinh/source/laravel-nuxt-docker/backend/vendor/laravel/framework/src/Illuminate/Container/Container.php(799): Illuminate\\Container\\BoundMethod::call()
#22 /home/np_thinh/source/laravel-nuxt-docker/backend/vendor/laravel/framework/src/Illuminate/Console/Command.php(280): Illuminate\\Container\\Container->call()
#23 /home/np_thinh/source/laravel-nuxt-docker/backend/vendor/symfony/console/Command/Command.php(341): Illuminate\\Console\\Command->execute()
#24 /home/np_thinh/source/laravel-nuxt-docker/backend/vendor/laravel/framework/src/Illuminate/Console/Command.php(249): Symfony\\Component\\Console\\Command\\Command->run()
#25 /home/np_thinh/source/laravel-nuxt-docker/backend/vendor/symfony/console/Application.php(1117): Illuminate\\Console\\Command->run()
#26 /home/np_thinh/source/laravel-nuxt-docker/backend/vendor/symfony/console/Application.php(356): Symfony\\Component\\Console\\Application->doRunCommand()
#27 /home/np_thinh/source/laravel-nuxt-docker/backend/vendor/symfony/console/Application.php(195): Symfony\\Component\\Console\\Application->doRun()
#28 /home/np_thinh/source/laravel-nuxt-docker/backend/vendor/laravel/framework/src/Illuminate/Foundation/Console/Kernel.php(198): Symfony\\Component\\Console\\Application->run()
#29 /home/np_thinh/source/laravel-nuxt-docker/backend/vendor/laravel/framework/src/Illuminate/Foundation/Application.php(1235): Illuminate\\Foundation\\Console\\Kernel->handle()
#30 /home/np_thinh/source/laravel-nuxt-docker/backend/artisan(16): Illuminate\\Foundation\\Application->handleCommand()
#31 {main}

[previous exception] [object] (PDOException(code: 2002): SQLSTATE[HY000] [2002] No such file or directory at /home/np_thinh/source/laravel-nuxt-docker/backend/vendor/laravel/framework/src/Illuminate/Database/Connectors/Connector.php:67)
[stacktrace]
#0 /home/np_thinh/source/laravel-nuxt-docker/backend/vendor/laravel/framework/src/Illuminate/Database/Connectors/Connector.php(67): PDO::connect()
#1 /home/np_thinh/source/laravel-nuxt-docker/backend/vendor/laravel/framework/src/Illuminate/Database/Connectors/Connector.php(85): Illuminate\\Database\\Connectors\\Connector->createPdoConnection()
#2 /home/np_thinh/source/laravel-nuxt-docker/backend/vendor/laravel/framework/src/Illuminate/Database/Connectors/Connector.php(48): Illuminate\\Database\\Connectors\\Connector->tryAgainIfCausedByLostConnection()
#3 /home/np_thinh/source/laravel-nuxt-docker/backend/vendor/laravel/framework/src/Illuminate/Database/Connectors/MySqlConnector.php(24): Illuminate\\Database\\Connectors\\Connector->createConnection()
#4 /home/np_thinh/source/laravel-nuxt-docker/backend/vendor/laravel/framework/src/Illuminate/Database/Connectors/ConnectionFactory.php(188): Illuminate\\Database\\Connectors\\MySqlConnector->connect()
#5 [internal function]: Illuminate\\Database\\Connectors\\ConnectionFactory->{closure:Illuminate\\Database\\Connectors\\ConnectionFactory::createPdoResolverWithHosts():181}()
#6 /home/np_thinh/source/laravel-nuxt-docker/backend/vendor/laravel/framework/src/Illuminate/Database/Connection.php(1279): call_user_func()
#7 /home/np_thinh/source/laravel-nuxt-docker/backend/vendor/laravel/framework/src/Illuminate/Database/Connection.php(1317): Illuminate\\Database\\Connection->getPdo()
#8 /home/np_thinh/source/laravel-nuxt-docker/backend/vendor/laravel/framework/src/Illuminate/Database/Connection.php(528): Illuminate\\Database\\Connection->getReadPdo()
#9 /home/np_thinh/source/laravel-nuxt-docker/backend/vendor/laravel/framework/src/Illuminate/Database/Connection.php(421): Illuminate\\Database\\Connection->getPdoForSelect()
#10 /home/np_thinh/source/laravel-nuxt-docker/backend/vendor/laravel/framework/src/Illuminate/Database/Connection.php(830): Illuminate\\Database\\Connection->{closure:Illuminate\\Database\\Connection::select():412}()
#11 /home/np_thinh/source/laravel-nuxt-docker/backend/vendor/laravel/framework/src/Illuminate/Database/Connection.php(1021): Illuminate\\Database\\Connection->runQueryCallback()
#12 /home/np_thinh/source/laravel-nuxt-docker/backend/vendor/laravel/framework/src/Illuminate/Database/Connection.php(1000): Illuminate\\Database\\Connection->tryAgainIfCausedByLostConnection()
#13 /home/np_thinh/source/laravel-nuxt-docker/backend/vendor/laravel/framework/src/Illuminate/Database/Connection.php(799): Illuminate\\Database\\Connection->handleQueryException()
#14 /home/np_thinh/source/laravel-nuxt-docker/backend/vendor/laravel/framework/src/Illuminate/Database/Connection.php(412): Illuminate\\Database\\Connection->run()
#15 /home/np_thinh/source/laravel-nuxt-docker/backend/vendor/laravel/framework/src/Illuminate/Database/Connection.php(357): Illuminate\\Database\\Connection->select()
#16 /home/np_thinh/source/laravel-nuxt-docker/backend/vendor/laravel/framework/src/Illuminate/Database/Connection.php(374): Illuminate\\Database\\Connection->selectOne()
#17 /home/np_thinh/source/laravel-nuxt-docker/backend/vendor/laravel/framework/src/Illuminate/Database/Schema/Builder.php(176): Illuminate\\Database\\Connection->scalar()
#18 /home/np_thinh/source/laravel-nuxt-docker/backend/vendor/laravel/framework/src/Illuminate/Database/Migrations/DatabaseMigrationRepository.php(185): Illuminate\\Database\\Schema\\Builder->hasTable()
#19 /home/np_thinh/source/laravel-nuxt-docker/backend/vendor/laravel/framework/src/Illuminate/Database/Migrations/Migrator.php(758): Illuminate\\Database\\Migrations\\DatabaseMigrationRepository->repositoryExists()
#20 /home/np_thinh/source/laravel-nuxt-docker/backend/vendor/laravel/framework/src/Illuminate/Database/Console/Migrations/MigrateCommand.php(166): Illuminate\\Database\\Migrations\\Migrator->repositoryExists()
#21 /home/np_thinh/source/laravel-nuxt-docker/backend/vendor/laravel/framework/src/Illuminate/Support/helpers.php(328): Illuminate\\Database\\Console\\Migrations\\MigrateCommand->{closure:Illuminate\\Database\\Console\\Migrations\\MigrateCommand::repositoryExists():166}()
#22 /home/np_thinh/source/laravel-nuxt-docker/backend/vendor/laravel/framework/src/Illuminate/Database/Console/Migrations/MigrateCommand.php(166): retry()
#23 /home/np_thinh/source/laravel-nuxt-docker/backend/vendor/laravel/framework/src/Illuminate/Database/Console/Migrations/MigrateCommand.php(142): Illuminate\\Database\\Console\\Migrations\\MigrateCommand->repositoryExists()
#24 /home/np_thinh/source/laravel-nuxt-docker/backend/vendor/laravel/framework/src/Illuminate/Database/Console/Migrations/MigrateCommand.php(112): Illuminate\\Database\\Console\\Migrations\\MigrateCommand->prepareDatabase()
#25 /home/np_thinh/source/laravel-nuxt-docker/backend/vendor/laravel/framework/src/Illuminate/Database/Migrations/Migrator.php(671): Illuminate\\Database\\Console\\Migrations\\MigrateCommand->{closure:Illuminate\\Database\\Console\\Migrations\\MigrateCommand::runMigrations():111}()
#26 /home/np_thinh/source/laravel-nuxt-docker/backend/vendor/laravel/framework/src/Illuminate/Database/Console/Migrations/MigrateCommand.php(111): Illuminate\\Database\\Migrations\\Migrator->usingConnection()
#27 /home/np_thinh/source/laravel-nuxt-docker/backend/vendor/laravel/framework/src/Illuminate/Database/Console/Migrations/MigrateCommand.php(90): Illuminate\\Database\\Console\\Migrations\\MigrateCommand->runMigrations()
#28 /home/np_thinh/source/laravel-nuxt-docker/backend/vendor/laravel/framework/src/Illuminate/Container/BoundMethod.php(36): Illuminate\\Database\\Console\\Migrations\\MigrateCommand->handle()
#29 /home/np_thinh/source/laravel-nuxt-docker/backend/vendor/laravel/framework/src/Illuminate/Container/Util.php(43): Illuminate\\Container\\BoundMethod::{closure:Illuminate\\Container\\BoundMethod::call():35}()
#30 /home/np_thinh/source/laravel-nuxt-docker/backend/vendor/laravel/framework/src/Illuminate/Container/BoundMethod.php(96): Illuminate\\Container\\Util::unwrapIfClosure()
#31 /home/np_thinh/source/laravel-nuxt-docker/backend/vendor/laravel/framework/src/Illuminate/Container/BoundMethod.php(35): Illuminate\\Container\\BoundMethod::callBoundMethod()
#32 /home/np_thinh/source/laravel-nuxt-docker/backend/vendor/laravel/framework/src/Illuminate/Container/Container.php(799): Illuminate\\Container\\BoundMethod::call()
#33 /home/np_thinh/source/laravel-nuxt-docker/backend/vendor/laravel/framework/src/Illuminate/Console/Command.php(280): Illuminate\\Container\\Container->call()
#34 /home/np_thinh/source/laravel-nuxt-docker/backend/vendor/symfony/console/Command/Command.php(341): Illuminate\\Console\\Command->execute()
#35 /home/np_thinh/source/laravel-nuxt-docker/backend/vendor/laravel/framework/src/Illuminate/Console/Command.php(249): Symfony\\Component\\Console\\Command\\Command->run()
#36 /home/np_thinh/source/laravel-nuxt-docker/backend/vendor/symfony/console/Application.php(1117): Illuminate\\Console\\Command->run()
#37 /home/np_thinh/source/laravel-nuxt-docker/backend/vendor/symfony/console/Application.php(356): Symfony\\Component\\Console\\Application->doRunCommand()
#38 /home/np_thinh/source/laravel-nuxt-docker/backend/vendor/symfony/console/Application.php(195): Symfony\\Component\\Console\\Application->doRun()
#39 /home/np_thinh/source/laravel-nuxt-docker/backend/vendor/laravel/framework/src/Illuminate/Foundation/Console/Kernel.php(198): Symfony\\Component\\Console\\Application->run()
#40 /home/np_thinh/source/laravel-nuxt-docker/backend/vendor/laravel/framework/src/Illuminate/Foundation/Application.php(1235): Illuminate\\Foundation\\Console\\Kernel->handle()
#41 /home/np_thinh/source/laravel-nuxt-docker/backend/artisan(16): Illuminate\\Foundation\\Application->handleCommand()
#42 {main}
"} 
[2026-08-21 08:02:16] local.ERROR: SQLSTATE[HY000] [2002] No such file or directory (Connection: mysql, Host: localhost, Port: 3310, Database: mysql, SQL: select exists (select 1 from information_schema.tables where table_schema = schema() and table_name = 'migrations' and table_type in ('BASE TABLE', 'SYSTEM VERSIONED')) as `exists`) {"exception":"[object] (Illuminate\\Database\\QueryException(code: 2002): SQLSTATE[HY000] [2002] No such file or directory (Connection: mysql, Host: localhost, Port: 3310, Database: mysql, SQL: select exists (select 1 from information_schema.tables where table_schema = schema() and table_name = 'migrations' and table_type in ('BASE TABLE', 'SYSTEM VERSIONED')) as `exists`) at /home/np_thinh/source/laravel-nuxt-docker/backend/vendor/laravel/framework/src/Illuminate/Database/Connection.php:841)
[stacktrace]
#0 /home/np_thinh/source/laravel-nuxt-docker/backend/vendor/laravel/framework/src/Illuminate/Database/Connection.php(1021): Illuminate\\Database\\Connection->runQueryCallback()
#1 /home/np_thinh/source/laravel-nuxt-docker/backend/vendor/laravel/framework/src/Illuminate/Database/Connection.php(1000): Illuminate\\Database\\Connection->tryAgainIfCausedByLostConnection()
#2 /home/np_thinh/source/laravel-nuxt-docker/backend/vendor/laravel/framework/src/Illuminate/Database/Connection.php(799): Illuminate\\Database\\Connection->handleQueryException()
#3 /home/np_thinh/source/laravel-nuxt-docker/backend/vendor/laravel/framework/src/Illuminate/Database/Connection.php(412): Illuminate\\Database\\Connection->run()
#4 /home/np_thinh/source/laravel-nuxt-docker/backend/vendor/laravel/framework/src/Illuminate/Database/Connection.php(357): Illuminate\\Database\\Connection->select()
#5 /home/np_thinh/source/laravel-nuxt-docker/backend/vendor/laravel/framework/src/Illuminate/Database/Connection.php(374): Illuminate\\Database\\Connection->selectOne()
#6 /home/np_thinh/source/laravel-nuxt-docker/backend/vendor/laravel/framework/src/Illuminate/Database/Schema/Builder.php(176): Illuminate\\Database\\Connection->scalar()
#7 /home/np_thinh/source/laravel-nuxt-docker/backend/vendor/laravel/framework/src/Illuminate/Database/Migrations/DatabaseMigrationRepository.php(185): Illuminate\\Database\\Schema\\Builder->hasTable()
#8 /home/np_thinh/source/laravel-nuxt-docker/backend/vendor/laravel/framework/src/Illuminate/Database/Migrations/Migrator.php(758): Illuminate\\Database\\Migrations\\DatabaseMigrationRepository->repositoryExists()
#9 /home/np_thinh/source/laravel-nuxt-docker/backend/vendor/laravel/framework/src/Illuminate/Database/Console/Migrations/MigrateCommand.php(166): Illuminate\\Database\\Migrations\\Migrator->repositoryExists()
#10 /home/np_thinh/source/laravel-nuxt-docker/backend/vendor/laravel/framework/src/Illuminate/Support/helpers.php(328): Illuminate\\Database\\Console\\Migrations\\MigrateCommand->{closure:Illuminate\\Database\\Console\\Migrations\\MigrateCommand::repositoryExists():166}()
#11 /home/np_thinh/source/laravel-nuxt-docker/backend/vendor/laravel/framework/src/Illuminate/Database/Console/Migrations/MigrateCommand.php(166): retry()
#12 /home/np_thinh/source/laravel-nuxt-docker/backend/vendor/laravel/framework/src/Illuminate/Database/Console/Migrations/MigrateCommand.php(142): Illuminate\\Database\\Console\\Migrations\\MigrateCommand->repositoryExists()
#13 /home/np_thinh/source/laravel-nuxt-docker/backend/vendor/laravel/framework/src/Illuminate/Database/Console/Migrations/MigrateCommand.php(112): Illuminate\\Database\\Console\\Migrations\\MigrateCommand->prepareDatabase()
#14 /home/np_thinh/source/laravel-nuxt-docker/backend/vendor/laravel/framework/src/Illuminate/Database/Migrations/Migrator.php(671): Illuminate\\Database\\Console\\Migrations\\MigrateCommand->{closure:Illuminate\\Database\\Console\\Migrations\\MigrateCommand::runMigrations():111}()
#15 /home/np_thinh/source/laravel-nuxt-docker/backend/vendor/laravel/framework/src/Illuminate/Database/Console/Migrations/MigrateCommand.php(111): Illuminate\\Database\\Migrations\\Migrator->usingConnection()
#16 /home/np_thinh/source/laravel-nuxt-docker/backend/vendor/laravel/framework/src/Illuminate/Database/Console/Migrations/MigrateCommand.php(90): Illuminate\\Database\\Console\\Migrations\\MigrateCommand->runMigrations()
#17 /home/np_thinh/source/laravel-nuxt-docker/backend/vendor/laravel/framework/src/Illuminate/Container/BoundMethod.php(36): Illuminate\\Database\\Console\\Migrations\\MigrateCommand->handle()
#18 /home/np_thinh/source/laravel-nuxt-docker/backend/vendor/laravel/framework/src/Illuminate/Container/Util.php(43): Illuminate\\Container\\BoundMethod::{closure:Illuminate\\Container\\BoundMethod::call():35}()
#19 /home/np_thinh/source/laravel-nuxt-docker/backend/vendor/laravel/framework/src/Illuminate/Container/BoundMethod.php(96): Illuminate\\Container\\Util::unwrapIfClosure()
#20 /home/np_thinh/source/laravel-nuxt-docker/backend/vendor/laravel/framework/src/Illuminate/Container/BoundMethod.php(35): Illuminate\\Container\\BoundMethod::callBoundMethod()
#21 /home/np_thinh/source/laravel-nuxt-docker/backend/vendor/laravel/framework/src/Illuminate/Container/Container.php(799): Illuminate\\Container\\BoundMethod::call()
#22 /home/np_thinh/source/laravel-nuxt-docker/backend/vendor/laravel/framework/src/Illuminate/Console/Command.php(280): Illuminate\\Container\\Container->call()
#23 /home/np_thinh/source/laravel-nuxt-docker/backend/vendor/symfony/console/Command/Command.php(341): Illuminate\\Console\\Command->execute()
#24 /home/np_thinh/source/laravel-nuxt-docker/backend/vendor/laravel/framework/src/Illuminate/Console/Command.php(249): Symfony\\Component\\Console\\Command\\Command->run()
#25 /home/np_thinh/source/laravel-nuxt-docker/backend/vendor/symfony/console/Application.php(1117): Illuminate\\Console\\Command->run()
#26 /home/np_thinh/source/laravel-nuxt-docker/backend/vendor/symfony/console/Application.php(356): Symfony\\Component\\Console\\Application->doRunCommand()
#27 /home/np_thinh/source/laravel-nuxt-docker/backend/vendor/symfony/console/Application.php(195): Symfony\\Component\\Console\\Application->doRun()
#28 /home/np_thinh/source/laravel-nuxt-docker/backend/vendor/laravel/framework/src/Illuminate/Foundation/Console/Kernel.php(198): Symfony\\Component\\Console\\Application->run()
#29 /home/np_thinh/source/laravel-nuxt-docker/backend/vendor/laravel/framework/src/Illuminate/Foundation/Application.php(1235): Illuminate\\Foundation\\Console\\Kernel->handle()
#30 /home/np_thinh/source/laravel-nuxt-docker/backend/artisan(16): Illuminate\\Foundation\\Application->handleCommand()
#31 {main}

[previous exception] [object] (PDOException(code: 2002): SQLSTATE[HY000] [2002] No such file or directory at /home/np_thinh/source/laravel-nuxt-docker/backend/vendor/laravel/framework/src/Illuminate/Database/Connectors/Connector.php:67)
[stacktrace]
#0 /home/np_thinh/source/laravel-nuxt-docker/backend/vendor/laravel/framework/src/Illuminate/Database/Connectors/Connector.php(67): PDO::connect()
#1 /home/np_thinh/source/laravel-nuxt-docker/backend/vendor/laravel/framework/src/Illuminate/Database/Connectors/Connector.php(85): Illuminate\\Database\\Connectors\\Connector->createPdoConnection()
#2 /home/np_thinh/source/laravel-nuxt-docker/backend/vendor/laravel/framework/src/Illuminate/Database/Connectors/Connector.php(48): Illuminate\\Database\\Connectors\\Connector->tryAgainIfCausedByLostConnection()
#3 /home/np_thinh/source/laravel-nuxt-docker/backend/vendor/laravel/framework/src/Illuminate/Database/Connectors/MySqlConnector.php(24): Illuminate\\Database\\Connectors\\Connector->createConnection()
#4 /home/np_thinh/source/laravel-nuxt-docker/backend/vendor/laravel/framework/src/Illuminate/Database/Connectors/ConnectionFactory.php(188): Illuminate\\Database\\Connectors\\MySqlConnector->connect()
#5 [internal function]: Illuminate\\Database\\Connectors\\ConnectionFactory->{closure:Illuminate\\Database\\Connectors\\ConnectionFactory::createPdoResolverWithHosts():181}()
#6 /home/np_thinh/source/laravel-nuxt-docker/backend/vendor/laravel/framework/src/Illuminate/Database/Connection.php(1279): call_user_func()
#7 /home/np_thinh/source/laravel-nuxt-docker/backend/vendor/laravel/framework/src/Illuminate/Database/Connection.php(1317): Illuminate\\Database\\Connection->getPdo()
#8 /home/np_thinh/source/laravel-nuxt-docker/backend/vendor/laravel/framework/src/Illuminate/Database/Connection.php(528): Illuminate\\Database\\Connection->getReadPdo()
#9 /home/np_thinh/source/laravel-nuxt-docker/backend/vendor/laravel/framework/src/Illuminate/Database/Connection.php(421): Illuminate\\Database\\Connection->getPdoForSelect()
#10 /home/np_thinh/source/laravel-nuxt-docker/backend/vendor/laravel/framework/src/Illuminate/Database/Connection.php(830): Illuminate\\Database\\Connection->{closure:Illuminate\\Database\\Connection::select():412}()
#11 /home/np_thinh/source/laravel-nuxt-docker/backend/vendor/laravel/framework/src/Illuminate/Database/Connection.php(1021): Illuminate\\Database\\Connection->runQueryCallback()
#12 /home/np_thinh/source/laravel-nuxt-docker/backend/vendor/laravel/framework/src/Illuminate/Database/Connection.php(1000): Illuminate\\Database\\Connection->tryAgainIfCausedByLostConnection()
#13 /home/np_thinh/source/laravel-nuxt-docker/backend/vendor/laravel/framework/src/Illuminate/Database/Connection.php(799): Illuminate\\Database\\Connection->handleQueryException()
#14 /home/np_thinh/source/laravel-nuxt-docker/backend/vendor/laravel/framework/src/Illuminate/Database/Connection.php(412): Illuminate\\Database\\Connection->run()
#15 /home/np_thinh/source/laravel-nuxt-docker/backend/vendor/laravel/framework/src/Illuminate/Database/Connection.php(357): Illuminate\\Database\\Connection->select()
#16 /home/np_thinh/source/laravel-nuxt-docker/backend/vendor/laravel/framework/src/Illuminate/Database/Connection.php(374): Illuminate\\Database\\Connection->selectOne()
#17 /home/np_thinh/source/laravel-nuxt-docker/backend/vendor/laravel/framework/src/Illuminate/Database/Schema/Builder.php(176): Illuminate\\Database\\Connection->scalar()
#18 /home/np_thinh/source/laravel-nuxt-docker/backend/vendor/laravel/framework/src/Illuminate/Database/Migrations/DatabaseMigrationRepository.php(185): Illuminate\\Database\\Schema\\Builder->hasTable()
#19 /home/np_thinh/source/laravel-nuxt-docker/backend/vendor/laravel/framework/src/Illuminate/Database/Migrations/Migrator.php(758): Illuminate\\Database\\Migrations\\DatabaseMigrationRepository->repositoryExists()
#20 /home/np_thinh/source/laravel-nuxt-docker/backend/vendor/laravel/framework/src/Illuminate/Database/Console/Migrations/MigrateCommand.php(166): Illuminate\\Database\\Migrations\\Migrator->repositoryExists()
#21 /home/np_thinh/source/laravel-nuxt-docker/backend/vendor/laravel/framework/src/Illuminate/Support/helpers.php(328): Illuminate\\Database\\Console\\Migrations\\MigrateCommand->{closure:Illuminate\\Database\\Console\\Migrations\\MigrateCommand::repositoryExists():166}()
#22 /home/np_thinh/source/laravel-nuxt-docker/backend/vendor/laravel/framework/src/Illuminate/Database/Console/Migrations/MigrateCommand.php(166): retry()
#23 /home/np_thinh/source/laravel-nuxt-docker/backend/vendor/laravel/framework/src/Illuminate/Database/Console/Migrations/MigrateCommand.php(142): Illuminate\\Database\\Console\\Migrations\\MigrateCommand->repositoryExists()
#24 /home/np_thinh/source/laravel-nuxt-docker/backend/vendor/laravel/framework/src/Illuminate/Database/Console/Migrations/MigrateCommand.php(112): Illuminate\\Database\\Console\\Migrations\\MigrateCommand->prepareDatabase()
#25 /home/np_thinh/source/laravel-nuxt-docker/backend/vendor/laravel/framework/src/Illuminate/Database/Migrations/Migrator.php(671): Illuminate\\Database\\Console\\Migrations\\MigrateCommand->{closure:Illuminate\\Database\\Console\\Migrations\\MigrateCommand::runMigrations():111}()
#26 /home/np_thinh/source/laravel-nuxt-docker/backend/vendor/laravel/framework/src/Illuminate/Database/Console/Migrations/MigrateCommand.php(111): Illuminate\\Database\\Migrations\\Migrator->usingConnection()
#27 /home/np_thinh/source/laravel-nuxt-docker/backend/vendor/laravel/framework/src/Illuminate/Database/Console/Migrations/MigrateCommand.php(90): Illuminate\\Database\\Console\\Migrations\\MigrateCommand->runMigrations()
#28 /home/np_thinh/source/laravel-nuxt-docker/backend/vendor/laravel/framework/src/Illuminate/Container/BoundMethod.php(36): Illuminate\\Database\\Console\\Migrations\\MigrateCommand->handle()
#29 /home/np_thinh/source/laravel-nuxt-docker/backend/vendor/laravel/framework/src/Illuminate/Container/Util.php(43): Illuminate\\Container\\BoundMethod::{closure:Illuminate\\Container\\BoundMethod::call():35}()
#30 /home/np_thinh/source/laravel-nuxt-docker/backend/vendor/laravel/framework/src/Illuminate/Container/BoundMethod.php(96): Illuminate\\Container\\Util::unwrapIfClosure()
#31 /home/np_thinh/source/laravel-nuxt-docker/backend/vendor/laravel/framework/src/Illuminate/Container/BoundMethod.php(35): Illuminate\\Container\\BoundMethod::callBoundMethod()
#32 /home/np_thinh/source/laravel-nuxt-docker/backend/vendor/laravel/framework/src/Illuminate/Container/Container.php(799): Illuminate\\Container\\BoundMethod::call()
#33 /home/np_thinh/source/laravel-nuxt-docker/backend/vendor/laravel/framework/src/Illuminate/Console/Command.php(280): Illuminate\\Container\\Container->call()
#34 /home/np_thinh/source/laravel-nuxt-docker/backend/vendor/symfony/console/Command/Command.php(341): Illuminate\\Console\\Command->execute()
#35 /home/np_thinh/source/laravel-nuxt-docker/backend/vendor/laravel/framework/src/Illuminate/Console/Command.php(249): Symfony\\Component\\Console\\Command\\Command->run()
#36 /home/np_thinh/source/laravel-nuxt-docker/backend/vendor/symfony/console/Application.php(1117): Illuminate\\Console\\Command->run()
#37 /home/np_thinh/source/laravel-nuxt-docker/backend/vendor/symfony/console/Application.php(356): Symfony\\Component\\Console\\Application->doRunCommand()
#38 /home/np_thinh/source/laravel-nuxt-docker/backend/vendor/symfony/console/Application.php(195): Symfony\\Component\\Console\\Application->doRun()
#39 /home/np_thinh/source/laravel-nuxt-docker/backend/vendor/laravel/framework/src/Illuminate/Foundation/Console/Kernel.php(198): Symfony\\Component\\Console\\Application->run()
#40 /home/np_thinh/source/laravel-nuxt-docker/backend/vendor/laravel/framework/src/Illuminate/Foundation/Application.php(1235): Illuminate\\Foundation\\Console\\Kernel->handle()
#41 /home/np_thinh/source/laravel-nuxt-docker/backend/artisan(16): Illuminate\\Foundation\\Application->handleCommand()
#42 {main}
"} 
[2026-08-21 08:02:53] local.ERROR: SQLSTATE[HY000] [2002] No such file or directory (Connection: mysql, Host: localhost, Port: 3310, Database: mysql, SQL: delete from `cache`) {"exception":"[object] (Illuminate\\Database\\QueryException(code: 2002): SQLSTATE[HY000] [2002] No such file or directory (Connection: mysql, Host: localhost, Port: 3310, Database: mysql, SQL: delete from `cache`) at /home/np_thinh/source/laravel-nuxt-docker/backend/vendor/laravel/framework/src/Illuminate/Database/Connection.php:841)
[stacktrace]
#0 /home/np_thinh/source/laravel-nuxt-docker/backend/vendor/laravel/framework/src/Illuminate/Database/Connection.php(1021): Illuminate\\Database\\Connection->runQueryCallback()
#1 /home/np_thinh/source/laravel-nuxt-docker/backend/vendor/laravel/framework/src/Illuminate/Database/Connection.php(1000): Illuminate\\Database\\Connection->tryAgainIfCausedByLostConnection()
#2 /home/np_thinh/source/laravel-nuxt-docker/backend/vendor/laravel/framework/src/Illuminate/Database/Connection.php(799): Illuminate\\Database\\Connection->handleQueryException()
#3 /home/np_thinh/source/laravel-nuxt-docker/backend/vendor/laravel/framework/src/Illuminate/Database/Connection.php(600): Illuminate\\Database\\Connection->run()
#4 /home/np_thinh/source/laravel-nuxt-docker/backend/vendor/laravel/framework/src/Illuminate/Database/Connection.php(564): Illuminate\\Database\\Connection->affectingStatement()
#5 /home/np_thinh/source/laravel-nuxt-docker/backend/vendor/laravel/framework/src/Illuminate/Database/Query/Builder.php(4514): Illuminate\\Database\\Connection->delete()
#6 /home/np_thinh/source/laravel-nuxt-docker/backend/vendor/laravel/framework/src/Illuminate/Cache/DatabaseStore.php(450): Illuminate\\Database\\Query\\Builder->delete()
#7 /home/np_thinh/source/laravel-nuxt-docker/backend/vendor/laravel/framework/src/Illuminate/Cache/Repository.php(1049): Illuminate\\Cache\\DatabaseStore->flush()
#8 /home/np_thinh/source/laravel-nuxt-docker/backend/vendor/laravel/framework/src/Illuminate/Cache/Console/ClearCommand.php(73): Illuminate\\Cache\\Repository->__call()
#9 /home/np_thinh/source/laravel-nuxt-docker/backend/vendor/laravel/framework/src/Illuminate/Container/BoundMethod.php(36): Illuminate\\Cache\\Console\\ClearCommand->handle()
#10 /home/np_thinh/source/laravel-nuxt-docker/backend/vendor/laravel/framework/src/Illuminate/Container/Util.php(43): Illuminate\\Container\\BoundMethod::{closure:Illuminate\\Container\\BoundMethod::call():35}()
#11 /home/np_thinh/source/laravel-nuxt-docker/backend/vendor/laravel/framework/src/Illuminate/Container/BoundMethod.php(96): Illuminate\\Container\\Util::unwrapIfClosure()
#12 /home/np_thinh/source/laravel-nuxt-docker/backend/vendor/laravel/framework/src/Illuminate/Container/BoundMethod.php(35): Illuminate\\Container\\BoundMethod::callBoundMethod()
#13 /home/np_thinh/source/laravel-nuxt-docker/backend/vendor/laravel/framework/src/Illuminate/Container/Container.php(799): Illuminate\\Container\\BoundMethod::call()
#14 /home/np_thinh/source/laravel-nuxt-docker/backend/vendor/laravel/framework/src/Illuminate/Console/Command.php(280): Illuminate\\Container\\Container->call()
#15 /home/np_thinh/source/laravel-nuxt-docker/backend/vendor/symfony/console/Command/Command.php(341): Illuminate\\Console\\Command->execute()
#16 /home/np_thinh/source/laravel-nuxt-docker/backend/vendor/laravel/framework/src/Illuminate/Console/Command.php(249): Symfony\\Component\\Console\\Command\\Command->run()
#17 /home/np_thinh/source/laravel-nuxt-docker/backend/vendor/laravel/framework/src/Illuminate/Console/Concerns/CallsCommands.php(68): Illuminate\\Console\\Command->run()
#18 /home/np_thinh/source/laravel-nuxt-docker/backend/vendor/laravel/framework/src/Illuminate/Console/Concerns/CallsCommands.php(41): Illuminate\\Console\\Command->runCommand()
#19 /home/np_thinh/source/laravel-nuxt-docker/backend/vendor/laravel/framework/src/Illuminate/Console/Concerns/CallsCommands.php(53): Illuminate\\Console\\Command->callSilent()
#20 /home/np_thinh/source/laravel-nuxt-docker/backend/vendor/laravel/framework/src/Illuminate/Foundation/Console/OptimizeClearCommand.php(48): Illuminate\\Console\\Command->callSilently()
#21 /home/np_thinh/source/laravel-nuxt-docker/backend/vendor/laravel/framework/src/Illuminate/Console/View/Components/Task.php(43): Illuminate\\Foundation\\Console\\OptimizeClearCommand->{closure:Illuminate\\Foundation\\Console\\OptimizeClearCommand::handle():48}()
#22 /home/np_thinh/source/laravel-nuxt-docker/backend/vendor/laravel/framework/src/Illuminate/Console/View/Components/Factory.php(59): Illuminate\\Console\\View\\Components\\Task->render()
#23 /home/np_thinh/source/laravel-nuxt-docker/backend/vendor/laravel/framework/src/Illuminate/Foundation/Console/OptimizeClearCommand.php(48): Illuminate\\Console\\View\\Components\\Factory->__call()
#24 /home/np_thinh/source/laravel-nuxt-docker/backend/vendor/laravel/framework/src/Illuminate/Container/BoundMethod.php(36): Illuminate\\Foundation\\Console\\OptimizeClearCommand->handle()
#25 /home/np_thinh/source/laravel-nuxt-docker/backend/vendor/laravel/framework/src/Illuminate/Container/Util.php(43): Illuminate\\Container\\BoundMethod::{closure:Illuminate\\Container\\BoundMethod::call():35}()
#26 /home/np_thinh/source/laravel-nuxt-docker/backend/vendor/laravel/framework/src/Illuminate/Container/BoundMethod.php(96): Illuminate\\Container\\Util::unwrapIfClosure()
#27 /home/np_thinh/source/laravel-nuxt-docker/backend/vendor/laravel/framework/src/Illuminate/Container/BoundMethod.php(35): Illuminate\\Container\\BoundMethod::callBoundMethod()
#28 /home/np_thinh/source/laravel-nuxt-docker/backend/vendor/laravel/framework/src/Illuminate/Container/Container.php(799): Illuminate\\Container\\BoundMethod::call()
#29 /home/np_thinh/source/laravel-nuxt-docker/backend/vendor/laravel/framework/src/Illuminate/Console/Command.php(280): Illuminate\\Container\\Container->call()
#30 /home/np_thinh/source/laravel-nuxt-docker/backend/vendor/symfony/console/Command/Command.php(341): Illuminate\\Console\\Command->execute()
#31 /home/np_thinh/source/laravel-nuxt-docker/backend/vendor/laravel/framework/src/Illuminate/Console/Command.php(249): Symfony\\Component\\Console\\Command\\Command->run()
#32 /home/np_thinh/source/laravel-nuxt-docker/backend/vendor/symfony/console/Application.php(1117): Illuminate\\Console\\Command->run()
#33 /home/np_thinh/source/laravel-nuxt-docker/backend/vendor/symfony/console/Application.php(356): Symfony\\Component\\Console\\Application->doRunCommand()
#34 /home/np_thinh/source/laravel-nuxt-docker/backend/vendor/symfony/console/Application.php(195): Symfony\\Component\\Console\\Application->doRun()
#35 /home/np_thinh/source/laravel-nuxt-docker/backend/vendor/laravel/framework/src/Illuminate/Foundation/Console/Kernel.php(198): Symfony\\Component\\Console\\Application->run()
#36 /home/np_thinh/source/laravel-nuxt-docker/backend/vendor/laravel/framework/src/Illuminate/Foundation/Application.php(1235): Illuminate\\Foundation\\Console\\Kernel->handle()
#37 /home/np_thinh/source/laravel-nuxt-docker/backend/artisan(16): Illuminate\\Foundation\\Application->handleCommand()
#38 {main}

[previous exception] [object] (PDOException(code: 2002): SQLSTATE[HY000] [2002] No such file or directory at /home/np_thinh/source/laravel-nuxt-docker/backend/vendor/laravel/framework/src/Illuminate/Database/Connectors/Connector.php:67)
[stacktrace]
#0 /home/np_thinh/source/laravel-nuxt-docker/backend/vendor/laravel/framework/src/Illuminate/Database/Connectors/Connector.php(67): PDO::connect()
#1 /home/np_thinh/source/laravel-nuxt-docker/backend/vendor/laravel/framework/src/Illuminate/Database/Connectors/Connector.php(85): Illuminate\\Database\\Connectors\\Connector->createPdoConnection()
#2 /home/np_thinh/source/laravel-nuxt-docker/backend/vendor/laravel/framework/src/Illuminate/Database/Connectors/Connector.php(48): Illuminate\\Database\\Connectors\\Connector->tryAgainIfCausedByLostConnection()
#3 /home/np_thinh/source/laravel-nuxt-docker/backend/vendor/laravel/framework/src/Illuminate/Database/Connectors/MySqlConnector.php(24): Illuminate\\Database\\Connectors\\Connector->createConnection()
#4 /home/np_thinh/source/laravel-nuxt-docker/backend/vendor/laravel/framework/src/Illuminate/Database/Connectors/ConnectionFactory.php(188): Illuminate\\Database\\Connectors\\MySqlConnector->connect()
#5 [internal function]: Illuminate\\Database\\Connectors\\ConnectionFactory->{closure:Illuminate\\Database\\Connectors\\ConnectionFactory::createPdoResolverWithHosts():181}()
#6 /home/np_thinh/source/laravel-nuxt-docker/backend/vendor/laravel/framework/src/Illuminate/Database/Connection.php(1279): call_user_func()
#7 /home/np_thinh/source/laravel-nuxt-docker/backend/vendor/laravel/framework/src/Illuminate/Database/Connection.php(608): Illuminate\\Database\\Connection->getPdo()
#8 /home/np_thinh/source/laravel-nuxt-docker/backend/vendor/laravel/framework/src/Illuminate/Database/Connection.php(830): Illuminate\\Database\\Connection->{closure:Illuminate\\Database\\Connection::affectingStatement():600}()
#9 /home/np_thinh/source/laravel-nuxt-docker/backend/vendor/laravel/framework/src/Illuminate/Database/Connection.php(1021): Illuminate\\Database\\Connection->runQueryCallback()
#10 /home/np_thinh/source/laravel-nuxt-docker/backend/vendor/laravel/framework/src/Illuminate/Database/Connection.php(1000): Illuminate\\Database\\Connection->tryAgainIfCausedByLostConnection()
#11 /home/np_thinh/source/laravel-nuxt-docker/backend/vendor/laravel/framework/src/Illuminate/Database/Connection.php(799): Illuminate\\Database\\Connection->handleQueryException()
#12 /home/np_thinh/source/laravel-nuxt-docker/backend/vendor/laravel/framework/src/Illuminate/Database/Connection.php(600): Illuminate\\Database\\Connection->run()
#13 /home/np_thinh/source/laravel-nuxt-docker/backend/vendor/laravel/framework/src/Illuminate/Database/Connection.php(564): Illuminate\\Database\\Connection->affectingStatement()
#14 /home/np_thinh/source/laravel-nuxt-docker/backend/vendor/laravel/framework/src/Illuminate/Database/Query/Builder.php(4514): Illuminate\\Database\\Connection->delete()
#15 /home/np_thinh/source/laravel-nuxt-docker/backend/vendor/laravel/framework/src/Illuminate/Cache/DatabaseStore.php(450): Illuminate\\Database\\Query\\Builder->delete()
#16 /home/np_thinh/source/laravel-nuxt-docker/backend/vendor/laravel/framework/src/Illuminate/Cache/Repository.php(1049): Illuminate\\Cache\\DatabaseStore->flush()
#17 /home/np_thinh/source/laravel-nuxt-docker/backend/vendor/laravel/framework/src/Illuminate/Cache/Console/ClearCommand.php(73): Illuminate\\Cache\\Repository->__call()
#18 /home/np_thinh/source/laravel-nuxt-docker/backend/vendor/laravel/framework/src/Illuminate/Container/BoundMethod.php(36): Illuminate\\Cache\\Console\\ClearCommand->handle()
#19 /home/np_thinh/source/laravel-nuxt-docker/backend/vendor/laravel/framework/src/Illuminate/Container/Util.php(43): Illuminate\\Container\\BoundMethod::{closure:Illuminate\\Container\\BoundMethod::call():35}()
#20 /home/np_thinh/source/laravel-nuxt-docker/backend/vendor/laravel/framework/src/Illuminate/Container/BoundMethod.php(96): Illuminate\\Container\\Util::unwrapIfClosure()
#21 /home/np_thinh/source/laravel-nuxt-docker/backend/vendor/laravel/framework/src/Illuminate/Container/BoundMethod.php(35): Illuminate\\Container\\BoundMethod::callBoundMethod()
#22 /home/np_thinh/source/laravel-nuxt-docker/backend/vendor/laravel/framework/src/Illuminate/Container/Container.php(799): Illuminate\\Container\\BoundMethod::call()
#23 /home/np_thinh/source/laravel-nuxt-docker/backend/vendor/laravel/framework/src/Illuminate/Console/Command.php(280): Illuminate\\Container\\Container->call()
#24 /home/np_thinh/source/laravel-nuxt-docker/backend/vendor/symfony/console/Command/Command.php(341): Illuminate\\Console\\Command->execute()
#25 /home/np_thinh/source/laravel-nuxt-docker/backend/vendor/laravel/framework/src/Illuminate/Console/Command.php(249): Symfony\\Component\\Console\\Command\\Command->run()
#26 /home/np_thinh/source/laravel-nuxt-docker/backend/vendor/laravel/framework/src/Illuminate/Console/Concerns/CallsCommands.php(68): Illuminate\\Console\\Command->run()
#27 /home/np_thinh/source/laravel-nuxt-docker/backend/vendor/laravel/framework/src/Illuminate/Console/Concerns/CallsCommands.php(41): Illuminate\\Console\\Command->runCommand()
#28 /home/np_thinh/source/laravel-nuxt-docker/backend/vendor/laravel/framework/src/Illuminate/Console/Concerns/CallsCommands.php(53): Illuminate\\Console\\Command->callSilent()
#29 /home/np_thinh/source/laravel-nuxt-docker/backend/vendor/laravel/framework/src/Illuminate/Foundation/Console/OptimizeClearCommand.php(48): Illuminate\\Console\\Command->callSilently()
#30 /home/np_thinh/source/laravel-nuxt-docker/backend/vendor/laravel/framework/src/Illuminate/Console/View/Components/Task.php(43): Illuminate\\Foundation\\Console\\OptimizeClearCommand->{closure:Illuminate\\Foundation\\Console\\OptimizeClearCommand::handle():48}()
#31 /home/np_thinh/source/laravel-nuxt-docker/backend/vendor/laravel/framework/src/Illuminate/Console/View/Components/Factory.php(59): Illuminate\\Console\\View\\Components\\Task->render()
#32 /home/np_thinh/source/laravel-nuxt-docker/backend/vendor/laravel/framework/src/Illuminate/Foundation/Console/OptimizeClearCommand.php(48): Illuminate\\Console\\View\\Components\\Factory->__call()
#33 /home/np_thinh/source/laravel-nuxt-docker/backend/vendor/laravel/framework/src/Illuminate/Container/BoundMethod.php(36): Illuminate\\Foundation\\Console\\OptimizeClearCommand->handle()
#34 /home/np_thinh/source/laravel-nuxt-docker/backend/vendor/laravel/framework/src/Illuminate/Container/Util.php(43): Illuminate\\Container\\BoundMethod::{closure:Illuminate\\Container\\BoundMethod::call():35}()
#35 /home/np_thinh/source/laravel-nuxt-docker/backend/vendor/laravel/framework/src/Illuminate/Container/BoundMethod.php(96): Illuminate\\Container\\Util::unwrapIfClosure()
#36 /home/np_thinh/source/laravel-nuxt-docker/backend/vendor/laravel/framework/src/Illuminate/Container/BoundMethod.php(35): Illuminate\\Container\\BoundMethod::callBoundMethod()
#37 /home/np_thinh/source/laravel-nuxt-docker/backend/vendor/laravel/framework/src/Illuminate/Container/Container.php(799): Illuminate\\Container\\BoundMethod::call()
#38 /home/np_thinh/source/laravel-nuxt-docker/backend/vendor/laravel/framework/src/Illuminate/Console/Command.php(280): Illuminate\\Container\\Container->call()
#39 /home/np_thinh/source/laravel-nuxt-docker/backend/vendor/symfony/console/Command/Command.php(341): Illuminate\\Console\\Command->execute()
#40 /home/np_thinh/source/laravel-nuxt-docker/backend/vendor/laravel/framework/src/Illuminate/Console/Command.php(249): Symfony\\Component\\Console\\Command\\Command->run()
#41 /home/np_thinh/source/laravel-nuxt-docker/backend/vendor/symfony/console/Application.php(1117): Illuminate\\Console\\Command->run()
#42 /home/np_thinh/source/laravel-nuxt-docker/backend/vendor/symfony/console/Application.php(356): Symfony\\Component\\Console\\Application->doRunCommand()
#43 /home/np_thinh/source/laravel-nuxt-docker/backend/vendor/symfony/console/Application.php(195): Symfony\\Component\\Console\\Application->doRun()
#44 /home/np_thinh/source/laravel-nuxt-docker/backend/vendor/laravel/framework/src/Illuminate/Foundation/Console/Kernel.php(198): Symfony\\Component\\Console\\Application->run()
#45 /home/np_thinh/source/laravel-nuxt-docker/backend/vendor/laravel/framework/src/Illuminate/Foundation/Application.php(1235): Illuminate\\Foundation\\Console\\Kernel->handle()
#46 /home/np_thinh/source/laravel-nuxt-docker/backend/artisan(16): Illuminate\\Foundation\\Application->handleCommand()
#47 {main}
"} 
[2026-08-21 08:03:03] local.ERROR: SQLSTATE[HY000] [2002] No such file or directory (Connection: mysql, Host: localhost, Port: 3310, Database: mysql, SQL: select exists (select 1 from information_schema.tables where table_schema = schema() and table_name = 'migrations' and table_type in ('BASE TABLE', 'SYSTEM VERSIONED')) as `exists`) {"exception":"[object] (Illuminate\\Database\\QueryException(code: 2002): SQLSTATE[HY000] [2002] No such file or directory (Connection: mysql, Host: localhost, Port: 3310, Database: mysql, SQL: select exists (select 1 from information_schema.tables where table_schema = schema() and table_name = 'migrations' and table_type in ('BASE TABLE', 'SYSTEM VERSIONED')) as `exists`) at /home/np_thinh/source/laravel-nuxt-docker/backend/vendor/laravel/framework/src/Illuminate/Database/Connection.php:841)
[stacktrace]
#0 /home/np_thinh/source/laravel-nuxt-docker/backend/vendor/laravel/framework/src/Illuminate/Database/Connection.php(1021): Illuminate\\Database\\Connection->runQueryCallback()
#1 /home/np_thinh/source/laravel-nuxt-docker/backend/vendor/laravel/framework/src/Illuminate/Database/Connection.php(1000): Illuminate\\Database\\Connection->tryAgainIfCausedByLostConnection()
#2 /home/np_thinh/source/laravel-nuxt-docker/backend/vendor/laravel/framework/src/Illuminate/Database/Connection.php(799): Illuminate\\Database\\Connection->handleQueryException()
#3 /home/np_thinh/source/laravel-nuxt-docker/backend/vendor/laravel/framework/src/Illuminate/Database/Connection.php(412): Illuminate\\Database\\Connection->run()
#4 /home/np_thinh/source/laravel-nuxt-docker/backend/vendor/laravel/framework/src/Illuminate/Database/Connection.php(357): Illuminate\\Database\\Connection->select()
#5 /home/np_thinh/source/laravel-nuxt-docker/backend/vendor/laravel/framework/src/Illuminate/Database/Connection.php(374): Illuminate\\Database\\Connection->selectOne()
#6 /home/np_thinh/source/laravel-nuxt-docker/backend/vendor/laravel/framework/src/Illuminate/Database/Schema/Builder.php(176): Illuminate\\Database\\Connection->scalar()
#7 /home/np_thinh/source/laravel-nuxt-docker/backend/vendor/laravel/framework/src/Illuminate/Database/Migrations/DatabaseMigrationRepository.php(185): Illuminate\\Database\\Schema\\Builder->hasTable()
#8 /home/np_thinh/source/laravel-nuxt-docker/backend/vendor/laravel/framework/src/Illuminate/Database/Migrations/Migrator.php(758): Illuminate\\Database\\Migrations\\DatabaseMigrationRepository->repositoryExists()
#9 /home/np_thinh/source/laravel-nuxt-docker/backend/vendor/laravel/framework/src/Illuminate/Database/Console/Migrations/MigrateCommand.php(166): Illuminate\\Database\\Migrations\\Migrator->repositoryExists()
#10 /home/np_thinh/source/laravel-nuxt-docker/backend/vendor/laravel/framework/src/Illuminate/Support/helpers.php(328): Illuminate\\Database\\Console\\Migrations\\MigrateCommand->{closure:Illuminate\\Database\\Console\\Migrations\\MigrateCommand::repositoryExists():166}()
#11 /home/np_thinh/source/laravel-nuxt-docker/backend/vendor/laravel/framework/src/Illuminate/Database/Console/Migrations/MigrateCommand.php(166): retry()
#12 /home/np_thinh/source/laravel-nuxt-docker/backend/vendor/laravel/framework/src/Illuminate/Database/Console/Migrations/MigrateCommand.php(142): Illuminate\\Database\\Console\\Migrations\\MigrateCommand->repositoryExists()
#13 /home/np_thinh/source/laravel-nuxt-docker/backend/vendor/laravel/framework/src/Illuminate/Database/Console/Migrations/MigrateCommand.php(112): Illuminate\\Database\\Console\\Migrations\\MigrateCommand->prepareDatabase()
#14 /home/np_thinh/source/laravel-nuxt-docker/backend/vendor/laravel/framework/src/Illuminate/Database/Migrations/Migrator.php(671): Illuminate\\Database\\Console\\Migrations\\MigrateCommand->{closure:Illuminate\\Database\\Console\\Migrations\\MigrateCommand::runMigrations():111}()
#15 /home/np_thinh/source/laravel-nuxt-docker/backend/vendor/laravel/framework/src/Illuminate/Database/Console/Migrations/MigrateCommand.php(111): Illuminate\\Database\\Migrations\\Migrator->usingConnection()
#16 /home/np_thinh/source/laravel-nuxt-docker/backend/vendor/laravel/framework/src/Illuminate/Database/Console/Migrations/MigrateCommand.php(90): Illuminate\\Database\\Console\\Migrations\\MigrateCommand->runMigrations()
#17 /home/np_thinh/source/laravel-nuxt-docker/backend/vendor/laravel/framework/src/Illuminate/Container/BoundMethod.php(36): Illuminate\\Database\\Console\\Migrations\\MigrateCommand->handle()
#18 /home/np_thinh/source/laravel-nuxt-docker/backend/vendor/laravel/framework/src/Illuminate/Container/Util.php(43): Illuminate\\Container\\BoundMethod::{closure:Illuminate\\Container\\BoundMethod::call():35}()
#19 /home/np_thinh/source/laravel-nuxt-docker/backend/vendor/laravel/framework/src/Illuminate/Container/BoundMethod.php(96): Illuminate\\Container\\Util::unwrapIfClosure()
#20 /home/np_thinh/source/laravel-nuxt-docker/backend/vendor/laravel/framework/src/Illuminate/Container/BoundMethod.php(35): Illuminate\\Container\\BoundMethod::callBoundMethod()
#21 /home/np_thinh/source/laravel-nuxt-docker/backend/vendor/laravel/framework/src/Illuminate/Container/Container.php(799): Illuminate\\Container\\BoundMethod::call()
#22 /home/np_thinh/source/laravel-nuxt-docker/backend/vendor/laravel/framework/src/Illuminate/Console/Command.php(280): Illuminate\\Container\\Container->call()
#23 /home/np_thinh/source/laravel-nuxt-docker/backend/vendor/symfony/console/Command/Command.php(341): Illuminate\\Console\\Command->execute()
#24 /home/np_thinh/source/laravel-nuxt-docker/backend/vendor/laravel/framework/src/Illuminate/Console/Command.php(249): Symfony\\Component\\Console\\Command\\Command->run()
#25 /home/np_thinh/source/laravel-nuxt-docker/backend/vendor/symfony/console/Application.php(1117): Illuminate\\Console\\Command->run()
#26 /home/np_thinh/source/laravel-nuxt-docker/backend/vendor/symfony/console/Application.php(356): Symfony\\Component\\Console\\Application->doRunCommand()
#27 /home/np_thinh/source/laravel-nuxt-docker/backend/vendor/symfony/console/Application.php(195): Symfony\\Component\\Console\\Application->doRun()
#28 /home/np_thinh/source/laravel-nuxt-docker/backend/vendor/laravel/framework/src/Illuminate/Foundation/Console/Kernel.php(198): Symfony\\Component\\Console\\Application->run()
#29 /home/np_thinh/source/laravel-nuxt-docker/backend/vendor/laravel/framework/src/Illuminate/Foundation/Application.php(1235): Illuminate\\Foundation\\Console\\Kernel->handle()
#30 /home/np_thinh/source/laravel-nuxt-docker/backend/artisan(16): Illuminate\\Foundation\\Application->handleCommand()
#31 {main}

[previous exception] [object] (PDOException(code: 2002): SQLSTATE[HY000] [2002] No such file or directory at /home/np_thinh/source/laravel-nuxt-docker/backend/vendor/laravel/framework/src/Illuminate/Database/Connectors/Connector.php:67)
[stacktrace]
#0 /home/np_thinh/source/laravel-nuxt-docker/backend/vendor/laravel/framework/src/Illuminate/Database/Connectors/Connector.php(67): PDO::connect()
#1 /home/np_thinh/source/laravel-nuxt-docker/backend/vendor/laravel/framework/src/Illuminate/Database/Connectors/Connector.php(85): Illuminate\\Database\\Connectors\\Connector->createPdoConnection()
#2 /home/np_thinh/source/laravel-nuxt-docker/backend/vendor/laravel/framework/src/Illuminate/Database/Connectors/Connector.php(48): Illuminate\\Database\\Connectors\\Connector->tryAgainIfCausedByLostConnection()
#3 /home/np_thinh/source/laravel-nuxt-docker/backend/vendor/laravel/framework/src/Illuminate/Database/Connectors/MySqlConnector.php(24): Illuminate\\Database\\Connectors\\Connector->createConnection()
#4 /home/np_thinh/source/laravel-nuxt-docker/backend/vendor/laravel/framework/src/Illuminate/Database/Connectors/ConnectionFactory.php(188): Illuminate\\Database\\Connectors\\MySqlConnector->connect()
#5 [internal function]: Illuminate\\Database\\Connectors\\ConnectionFactory->{closure:Illuminate\\Database\\Connectors\\ConnectionFactory::createPdoResolverWithHosts():181}()
#6 /home/np_thinh/source/laravel-nuxt-docker/backend/vendor/laravel/framework/src/Illuminate/Database/Connection.php(1279): call_user_func()
#7 /home/np_thinh/source/laravel-nuxt-docker/backend/vendor/laravel/framework/src/Illuminate/Database/Connection.php(1317): Illuminate\\Database\\Connection->getPdo()
#8 /home/np_thinh/source/laravel-nuxt-docker/backend/vendor/laravel/framework/src/Illuminate/Database/Connection.php(528): Illuminate\\Database\\Connection->getReadPdo()
#9 /home/np_thinh/source/laravel-nuxt-docker/backend/vendor/laravel/framework/src/Illuminate/Database/Connection.php(421): Illuminate\\Database\\Connection->getPdoForSelect()
#10 /home/np_thinh/source/laravel-nuxt-docker/backend/vendor/laravel/framework/src/Illuminate/Database/Connection.php(830): Illuminate\\Database\\Connection->{closure:Illuminate\\Database\\Connection::select():412}()
#11 /home/np_thinh/source/laravel-nuxt-docker/backend/vendor/laravel/framework/src/Illuminate/Database/Connection.php(1021): Illuminate\\Database\\Connection->runQueryCallback()
#12 /home/np_thinh/source/laravel-nuxt-docker/backend/vendor/laravel/framework/src/Illuminate/Database/Connection.php(1000): Illuminate\\Database\\Connection->tryAgainIfCausedByLostConnection()
#13 /home/np_thinh/source/laravel-nuxt-docker/backend/vendor/laravel/framework/src/Illuminate/Database/Connection.php(799): Illuminate\\Database\\Connection->handleQueryException()
#14 /home/np_thinh/source/laravel-nuxt-docker/backend/vendor/laravel/framework/src/Illuminate/Database/Connection.php(412): Illuminate\\Database\\Connection->run()
#15 /home/np_thinh/source/laravel-nuxt-docker/backend/vendor/laravel/framework/src/Illuminate/Database/Connection.php(357): Illuminate\\Database\\Connection->select()
#16 /home/np_thinh/source/laravel-nuxt-docker/backend/vendor/laravel/framework/src/Illuminate/Database/Connection.php(374): Illuminate\\Database\\Connection->selectOne()
#17 /home/np_thinh/source/laravel-nuxt-docker/backend/vendor/laravel/framework/src/Illuminate/Database/Schema/Builder.php(176): Illuminate\\Database\\Connection->scalar()
#18 /home/np_thinh/source/laravel-nuxt-docker/backend/vendor/laravel/framework/src/Illuminate/Database/Migrations/DatabaseMigrationRepository.php(185): Illuminate\\Database\\Schema\\Builder->hasTable()
#19 /home/np_thinh/source/laravel-nuxt-docker/backend/vendor/laravel/framework/src/Illuminate/Database/Migrations/Migrator.php(758): Illuminate\\Database\\Migrations\\DatabaseMigrationRepository->repositoryExists()
#20 /home/np_thinh/source/laravel-nuxt-docker/backend/vendor/laravel/framework/src/Illuminate/Database/Console/Migrations/MigrateCommand.php(166): Illuminate\\Database\\Migrations\\Migrator->repositoryExists()
#21 /home/np_thinh/source/laravel-nuxt-docker/backend/vendor/laravel/framework/src/Illuminate/Support/helpers.php(328): Illuminate\\Database\\Console\\Migrations\\MigrateCommand->{closure:Illuminate\\Database\\Console\\Migrations\\MigrateCommand::repositoryExists():166}()
#22 /home/np_thinh/source/laravel-nuxt-docker/backend/vendor/laravel/framework/src/Illuminate/Database/Console/Migrations/MigrateCommand.php(166): retry()
#23 /home/np_thinh/source/laravel-nuxt-docker/backend/vendor/laravel/framework/src/Illuminate/Database/Console/Migrations/MigrateCommand.php(142): Illuminate\\Database\\Console\\Migrations\\MigrateCommand->repositoryExists()
#24 /home/np_thinh/source/laravel-nuxt-docker/backend/vendor/laravel/framework/src/Illuminate/Database/Console/Migrations/MigrateCommand.php(112): Illuminate\\Database\\Console\\Migrations\\MigrateCommand->prepareDatabase()
#25 /home/np_thinh/source/laravel-nuxt-docker/backend/vendor/laravel/framework/src/Illuminate/Database/Migrations/Migrator.php(671): Illuminate\\Database\\Console\\Migrations\\MigrateCommand->{closure:Illuminate\\Database\\Console\\Migrations\\MigrateCommand::runMigrations():111}()
#26 /home/np_thinh/source/laravel-nuxt-docker/backend/vendor/laravel/framework/src/Illuminate/Database/Console/Migrations/MigrateCommand.php(111): Illuminate\\Database\\Migrations\\Migrator->usingConnection()
#27 /home/np_thinh/source/laravel-nuxt-docker/backend/vendor/laravel/framework/src/Illuminate/Database/Console/Migrations/MigrateCommand.php(90): Illuminate\\Database\\Console\\Migrations\\MigrateCommand->runMigrations()
#28 /home/np_thinh/source/laravel-nuxt-docker/backend/vendor/laravel/framework/src/Illuminate/Container/BoundMethod.php(36): Illuminate\\Database\\Console\\Migrations\\MigrateCommand->handle()
#29 /home/np_thinh/source/laravel-nuxt-docker/backend/vendor/laravel/framework/src/Illuminate/Container/Util.php(43): Illuminate\\Container\\BoundMethod::{closure:Illuminate\\Container\\BoundMethod::call():35}()
#30 /home/np_thinh/source/laravel-nuxt-docker/backend/vendor/laravel/framework/src/Illuminate/Container/BoundMethod.php(96): Illuminate\\Container\\Util::unwrapIfClosure()
#31 /home/np_thinh/source/laravel-nuxt-docker/backend/vendor/laravel/framework/src/Illuminate/Container/BoundMethod.php(35): Illuminate\\Container\\BoundMethod::callBoundMethod()
#32 /home/np_thinh/source/laravel-nuxt-docker/backend/vendor/laravel/framework/src/Illuminate/Container/Container.php(799): Illuminate\\Container\\BoundMethod::call()
#33 /home/np_thinh/source/laravel-nuxt-docker/backend/vendor/laravel/framework/src/Illuminate/Console/Command.php(280): Illuminate\\Container\\Container->call()
#34 /home/np_thinh/source/laravel-nuxt-docker/backend/vendor/symfony/console/Command/Command.php(341): Illuminate\\Console\\Command->execute()
#35 /home/np_thinh/source/laravel-nuxt-docker/backend/vendor/laravel/framework/src/Illuminate/Console/Command.php(249): Symfony\\Component\\Console\\Command\\Command->run()
#36 /home/np_thinh/source/laravel-nuxt-docker/backend/vendor/symfony/console/Application.php(1117): Illuminate\\Console\\Command->run()
#37 /home/np_thinh/source/laravel-nuxt-docker/backend/vendor/symfony/console/Application.php(356): Symfony\\Component\\Console\\Application->doRunCommand()
#38 /home/np_thinh/source/laravel-nuxt-docker/backend/vendor/symfony/console/Application.php(195): Symfony\\Component\\Console\\Application->doRun()
#39 /home/np_thinh/source/laravel-nuxt-docker/backend/vendor/laravel/framework/src/Illuminate/Foundation/Console/Kernel.php(198): Symfony\\Component\\Console\\Application->run()
#40 /home/np_thinh/source/laravel-nuxt-docker/backend/vendor/laravel/framework/src/Illuminate/Foundation/Application.php(1235): Illuminate\\Foundation\\Console\\Kernel->handle()
#41 /home/np_thinh/source/laravel-nuxt-docker/backend/artisan(16): Illuminate\\Foundation\\Application->handleCommand()
#42 {main}
"} 
[2026-08-21 08:04:43] local.ERROR: SQLSTATE[HY000] [1045] Access denied for user 'root'@'172.20.0.1' (using password: NO) (Connection: mysql, Host: 127.0.0.1, Port: 3310, Database: laravel_nuxt, SQL: select exists (select 1 from information_schema.tables where table_schema = schema() and table_name = 'migrations' and table_type in ('BASE TABLE', 'SYSTEM VERSIONED')) as `exists`) {"exception":"[object] (Illuminate\\Database\\QueryException(code: 1045): SQLSTATE[HY000] [1045] Access denied for user 'root'@'172.20.0.1' (using password: NO) (Connection: mysql, Host: 127.0.0.1, Port: 3310, Database: laravel_nuxt, SQL: select exists (select 1 from information_schema.tables where table_schema = schema() and table_name = 'migrations' and table_type in ('BASE TABLE', 'SYSTEM VERSIONED')) as `exists`) at /home/np_thinh/source/laravel-nuxt-docker/backend/vendor/laravel/framework/src/Illuminate/Database/Connection.php:841)
[stacktrace]
#0 /home/np_thinh/source/laravel-nuxt-docker/backend/vendor/laravel/framework/src/Illuminate/Database/Connection.php(1021): Illuminate\\Database\\Connection->runQueryCallback()
#1 /home/np_thinh/source/laravel-nuxt-docker/backend/vendor/laravel/framework/src/Illuminate/Database/Connection.php(1000): Illuminate\\Database\\Connection->tryAgainIfCausedByLostConnection()
#2 /home/np_thinh/source/laravel-nuxt-docker/backend/vendor/laravel/framework/src/Illuminate/Database/Connection.php(799): Illuminate\\Database\\Connection->handleQueryException()
#3 /home/np_thinh/source/laravel-nuxt-docker/backend/vendor/laravel/framework/src/Illuminate/Database/Connection.php(412): Illuminate\\Database\\Connection->run()
#4 /home/np_thinh/source/laravel-nuxt-docker/backend/vendor/laravel/framework/src/Illuminate/Database/Connection.php(357): Illuminate\\Database\\Connection->select()
#5 /home/np_thinh/source/laravel-nuxt-docker/backend/vendor/laravel/framework/src/Illuminate/Database/Connection.php(374): Illuminate\\Database\\Connection->selectOne()
#6 /home/np_thinh/source/laravel-nuxt-docker/backend/vendor/laravel/framework/src/Illuminate/Database/Schema/Builder.php(176): Illuminate\\Database\\Connection->scalar()
#7 /home/np_thinh/source/laravel-nuxt-docker/backend/vendor/laravel/framework/src/Illuminate/Database/Migrations/DatabaseMigrationRepository.php(185): Illuminate\\Database\\Schema\\Builder->hasTable()
#8 /home/np_thinh/source/laravel-nuxt-docker/backend/vendor/laravel/framework/src/Illuminate/Database/Migrations/Migrator.php(758): Illuminate\\Database\\Migrations\\DatabaseMigrationRepository->repositoryExists()
#9 /home/np_thinh/source/laravel-nuxt-docker/backend/vendor/laravel/framework/src/Illuminate/Database/Console/Migrations/MigrateCommand.php(166): Illuminate\\Database\\Migrations\\Migrator->repositoryExists()
#10 /home/np_thinh/source/laravel-nuxt-docker/backend/vendor/laravel/framework/src/Illuminate/Support/helpers.php(328): Illuminate\\Database\\Console\\Migrations\\MigrateCommand->{closure:Illuminate\\Database\\Console\\Migrations\\MigrateCommand::repositoryExists():166}()
#11 /home/np_thinh/source/laravel-nuxt-docker/backend/vendor/laravel/framework/src/Illuminate/Database/Console/Migrations/MigrateCommand.php(166): retry()
#12 /home/np_thinh/source/laravel-nuxt-docker/backend/vendor/laravel/framework/src/Illuminate/Database/Console/Migrations/MigrateCommand.php(142): Illuminate\\Database\\Console\\Migrations\\MigrateCommand->repositoryExists()
#13 /home/np_thinh/source/laravel-nuxt-docker/backend/vendor/laravel/framework/src/Illuminate/Database/Console/Migrations/MigrateCommand.php(112): Illuminate\\Database\\Console\\Migrations\\MigrateCommand->prepareDatabase()
#14 /home/np_thinh/source/laravel-nuxt-docker/backend/vendor/laravel/framework/src/Illuminate/Database/Migrations/Migrator.php(671): Illuminate\\Database\\Console\\Migrations\\MigrateCommand->{closure:Illuminate\\Database\\Console\\Migrations\\MigrateCommand::runMigrations():111}()
#15 /home/np_thinh/source/laravel-nuxt-docker/backend/vendor/laravel/framework/src/Illuminate/Database/Console/Migrations/MigrateCommand.php(111): Illuminate\\Database\\Migrations\\Migrator->usingConnection()
#16 /home/np_thinh/source/laravel-nuxt-docker/backend/vendor/laravel/framework/src/Illuminate/Database/Console/Migrations/MigrateCommand.php(90): Illuminate\\Database\\Console\\Migrations\\MigrateCommand->runMigrations()
#17 /home/np_thinh/source/laravel-nuxt-docker/backend/vendor/laravel/framework/src/Illuminate/Container/BoundMethod.php(36): Illuminate\\Database\\Console\\Migrations\\MigrateCommand->handle()
#18 /home/np_thinh/source/laravel-nuxt-docker/backend/vendor/laravel/framework/src/Illuminate/Container/Util.php(43): Illuminate\\Container\\BoundMethod::{closure:Illuminate\\Container\\BoundMethod::call():35}()
#19 /home/np_thinh/source/laravel-nuxt-docker/backend/vendor/laravel/framework/src/Illuminate/Container/BoundMethod.php(96): Illuminate\\Container\\Util::unwrapIfClosure()
#20 /home/np_thinh/source/laravel-nuxt-docker/backend/vendor/laravel/framework/src/Illuminate/Container/BoundMethod.php(35): Illuminate\\Container\\BoundMethod::callBoundMethod()
#21 /home/np_thinh/source/laravel-nuxt-docker/backend/vendor/laravel/framework/src/Illuminate/Container/Container.php(799): Illuminate\\Container\\BoundMethod::call()
#22 /home/np_thinh/source/laravel-nuxt-docker/backend/vendor/laravel/framework/src/Illuminate/Console/Command.php(280): Illuminate\\Container\\Container->call()
#23 /home/np_thinh/source/laravel-nuxt-docker/backend/vendor/symfony/console/Command/Command.php(341): Illuminate\\Console\\Command->execute()
#24 /home/np_thinh/source/laravel-nuxt-docker/backend/vendor/laravel/framework/src/Illuminate/Console/Command.php(249): Symfony\\Component\\Console\\Command\\Command->run()
#25 /home/np_thinh/source/laravel-nuxt-docker/backend/vendor/symfony/console/Application.php(1117): Illuminate\\Console\\Command->run()
#26 /home/np_thinh/source/laravel-nuxt-docker/backend/vendor/symfony/console/Application.php(356): Symfony\\Component\\Console\\Application->doRunCommand()
#27 /home/np_thinh/source/laravel-nuxt-docker/backend/vendor/symfony/console/Application.php(195): Symfony\\Component\\Console\\Application->doRun()
#28 /home/np_thinh/source/laravel-nuxt-docker/backend/vendor/laravel/framework/src/Illuminate/Foundation/Console/Kernel.php(198): Symfony\\Component\\Console\\Application->run()
#29 /home/np_thinh/source/laravel-nuxt-docker/backend/vendor/laravel/framework/src/Illuminate/Foundation/Application.php(1235): Illuminate\\Foundation\\Console\\Kernel->handle()
#30 /home/np_thinh/source/laravel-nuxt-docker/backend/artisan(16): Illuminate\\Foundation\\Application->handleCommand()
#31 {main}

[previous exception] [object] (PDOException(code: 1045): SQLSTATE[HY000] [1045] Access denied for user 'root'@'172.20.0.1' (using password: NO) at /home/np_thinh/source/laravel-nuxt-docker/backend/vendor/laravel/framework/src/Illuminate/Database/Connectors/Connector.php:67)
[stacktrace]
#0 /home/np_thinh/source/laravel-nuxt-docker/backend/vendor/laravel/framework/src/Illuminate/Database/Connectors/Connector.php(67): PDO::connect()
#1 /home/np_thinh/source/laravel-nuxt-docker/backend/vendor/laravel/framework/src/Illuminate/Database/Connectors/Connector.php(85): Illuminate\\Database\\Connectors\\Connector->createPdoConnection()
#2 /home/np_thinh/source/laravel-nuxt-docker/backend/vendor/laravel/framework/src/Illuminate/Database/Connectors/Connector.php(48): Illuminate\\Database\\Connectors\\Connector->tryAgainIfCausedByLostConnection()
#3 /home/np_thinh/source/laravel-nuxt-docker/backend/vendor/laravel/framework/src/Illuminate/Database/Connectors/MySqlConnector.php(24): Illuminate\\Database\\Connectors\\Connector->createConnection()
#4 /home/np_thinh/source/laravel-nuxt-docker/backend/vendor/laravel/framework/src/Illuminate/Database/Connectors/ConnectionFactory.php(188): Illuminate\\Database\\Connectors\\MySqlConnector->connect()
#5 [internal function]: Illuminate\\Database\\Connectors\\ConnectionFactory->{closure:Illuminate\\Database\\Connectors\\ConnectionFactory::createPdoResolverWithHosts():181}()
#6 /home/np_thinh/source/laravel-nuxt-docker/backend/vendor/laravel/framework/src/Illuminate/Database/Connection.php(1279): call_user_func()
#7 /home/np_thinh/source/laravel-nuxt-docker/backend/vendor/laravel/framework/src/Illuminate/Database/Connection.php(1317): Illuminate\\Database\\Connection->getPdo()
#8 /home/np_thinh/source/laravel-nuxt-docker/backend/vendor/laravel/framework/src/Illuminate/Database/Connection.php(528): Illuminate\\Database\\Connection->getReadPdo()
#9 /home/np_thinh/source/laravel-nuxt-docker/backend/vendor/laravel/framework/src/Illuminate/Database/Connection.php(421): Illuminate\\Database\\Connection->getPdoForSelect()
#10 /home/np_thinh/source/laravel-nuxt-docker/backend/vendor/laravel/framework/src/Illuminate/Database/Connection.php(830): Illuminate\\Database\\Connection->{closure:Illuminate\\Database\\Connection::select():412}()
#11 /home/np_thinh/source/laravel-nuxt-docker/backend/vendor/laravel/framework/src/Illuminate/Database/Connection.php(1021): Illuminate\\Database\\Connection->runQueryCallback()
#12 /home/np_thinh/source/laravel-nuxt-docker/backend/vendor/laravel/framework/src/Illuminate/Database/Connection.php(1000): Illuminate\\Database\\Connection->tryAgainIfCausedByLostConnection()
#13 /home/np_thinh/source/laravel-nuxt-docker/backend/vendor/laravel/framework/src/Illuminate/Database/Connection.php(799): Illuminate\\Database\\Connection->handleQueryException()
#14 /home/np_thinh/source/laravel-nuxt-docker/backend/vendor/laravel/framework/src/Illuminate/Database/Connection.php(412): Illuminate\\Database\\Connection->run()
#15 /home/np_thinh/source/laravel-nuxt-docker/backend/vendor/laravel/framework/src/Illuminate/Database/Connection.php(357): Illuminate\\Database\\Connection->select()
#16 /home/np_thinh/source/laravel-nuxt-docker/backend/vendor/laravel/framework/src/Illuminate/Database/Connection.php(374): Illuminate\\Database\\Connection->selectOne()
#17 /home/np_thinh/source/laravel-nuxt-docker/backend/vendor/laravel/framework/src/Illuminate/Database/Schema/Builder.php(176): Illuminate\\Database\\Connection->scalar()
#18 /home/np_thinh/source/laravel-nuxt-docker/backend/vendor/laravel/framework/src/Illuminate/Database/Migrations/DatabaseMigrationRepository.php(185): Illuminate\\Database\\Schema\\Builder->hasTable()
#19 /home/np_thinh/source/laravel-nuxt-docker/backend/vendor/laravel/framework/src/Illuminate/Database/Migrations/Migrator.php(758): Illuminate\\Database\\Migrations\\DatabaseMigrationRepository->repositoryExists()
#20 /home/np_thinh/source/laravel-nuxt-docker/backend/vendor/laravel/framework/src/Illuminate/Database/Console/Migrations/MigrateCommand.php(166): Illuminate\\Database\\Migrations\\Migrator->repositoryExists()
#21 /home/np_thinh/source/laravel-nuxt-docker/backend/vendor/laravel/framework/src/Illuminate/Support/helpers.php(328): Illuminate\\Database\\Console\\Migrations\\MigrateCommand->{closure:Illuminate\\Database\\Console\\Migrations\\MigrateCommand::repositoryExists():166}()
#22 /home/np_thinh/source/laravel-nuxt-docker/backend/vendor/laravel/framework/src/Illuminate/Database/Console/Migrations/MigrateCommand.php(166): retry()
#23 /home/np_thinh/source/laravel-nuxt-docker/backend/vendor/laravel/framework/src/Illuminate/Database/Console/Migrations/MigrateCommand.php(142): Illuminate\\Database\\Console\\Migrations\\MigrateCommand->repositoryExists()
#24 /home/np_thinh/source/laravel-nuxt-docker/backend/vendor/laravel/framework/src/Illuminate/Database/Console/Migrations/MigrateCommand.php(112): Illuminate\\Database\\Console\\Migrations\\MigrateCommand->prepareDatabase()
#25 /home/np_thinh/source/laravel-nuxt-docker/backend/vendor/laravel/framework/src/Illuminate/Database/Migrations/Migrator.php(671): Illuminate\\Database\\Console\\Migrations\\MigrateCommand->{closure:Illuminate\\Database\\Console\\Migrations\\MigrateCommand::runMigrations():111}()
#26 /home/np_thinh/source/laravel-nuxt-docker/backend/vendor/laravel/framework/src/Illuminate/Database/Console/Migrations/MigrateCommand.php(111): Illuminate\\Database\\Migrations\\Migrator->usingConnection()
#27 /home/np_thinh/source/laravel-nuxt-docker/backend/vendor/laravel/framework/src/Illuminate/Database/Console/Migrations/MigrateCommand.php(90): Illuminate\\Database\\Console\\Migrations\\MigrateCommand->runMigrations()
#28 /home/np_thinh/source/laravel-nuxt-docker/backend/vendor/laravel/framework/src/Illuminate/Container/BoundMethod.php(36): Illuminate\\Database\\Console\\Migrations\\MigrateCommand->handle()
#29 /home/np_thinh/source/laravel-nuxt-docker/backend/vendor/laravel/framework/src/Illuminate/Container/Util.php(43): Illuminate\\Container\\BoundMethod::{closure:Illuminate\\Container\\BoundMethod::call():35}()
#30 /home/np_thinh/source/laravel-nuxt-docker/backend/vendor/laravel/framework/src/Illuminate/Container/BoundMethod.php(96): Illuminate\\Container\\Util::unwrapIfClosure()
#31 /home/np_thinh/source/laravel-nuxt-docker/backend/vendor/laravel/framework/src/Illuminate/Container/BoundMethod.php(35): Illuminate\\Container\\BoundMethod::callBoundMethod()
#32 /home/np_thinh/source/laravel-nuxt-docker/backend/vendor/laravel/framework/src/Illuminate/Container/Container.php(799): Illuminate\\Container\\BoundMethod::call()
#33 /home/np_thinh/source/laravel-nuxt-docker/backend/vendor/laravel/framework/src/Illuminate/Console/Command.php(280): Illuminate\\Container\\Container->call()
#34 /home/np_thinh/source/laravel-nuxt-docker/backend/vendor/symfony/console/Command/Command.php(341): Illuminate\\Console\\Command->execute()
#35 /home/np_thinh/source/laravel-nuxt-docker/backend/vendor/laravel/framework/src/Illuminate/Console/Command.php(249): Symfony\\Component\\Console\\Command\\Command->run()
#36 /home/np_thinh/source/laravel-nuxt-docker/backend/vendor/symfony/console/Application.php(1117): Illuminate\\Console\\Command->run()
#37 /home/np_thinh/source/laravel-nuxt-docker/backend/vendor/symfony/console/Application.php(356): Symfony\\Component\\Console\\Application->doRunCommand()
#38 /home/np_thinh/source/laravel-nuxt-docker/backend/vendor/symfony/console/Application.php(195): Symfony\\Component\\Console\\Application->doRun()
#39 /home/np_thinh/source/laravel-nuxt-docker/backend/vendor/laravel/framework/src/Illuminate/Foundation/Console/Kernel.php(198): Symfony\\Component\\Console\\Application->run()
#40 /home/np_thinh/source/laravel-nuxt-docker/backend/vendor/laravel/framework/src/Illuminate/Foundation/Application.php(1235): Illuminate\\Foundation\\Console\\Kernel->handle()
#41 /home/np_thinh/source/laravel-nuxt-docker/backend/artisan(16): Illuminate\\Foundation\\Application->handleCommand()
#42 {main}
"} 
